concorso,data,n1,n2,n3,n4,n5,n6,jolly,superstar,ordine_estrazione,jackpot_in_palio,vincitori_6,quota_6,vincitori_5_1,quota_5_1,vincitori_5,quota_5,vincitori_4,quota_4,vincitori_3,quota_3,vincitori_2,quota_2,vincitori_5_stella,quota_5_stella,vincitori_4_stella,quota_4_stella,vincitori_3_stella,quota_3_stella,vincitori_2_stella,quota_2_stella,vincitori_1_stella,quota_1_stella,vincitori_0_stella,quota_0_stella
87,1997-12-03,20,36,39,41,72,76,88,,,,0,,0,,0,,330,454.69,12038,12.60,,,,,,,,,,,,,,
88,1997-12-06,2,4,25,29,30,52,24,,,,0,,0,,6,65086.89,647,365.70,23996,9.92,,,,,,,,,,,,,,
89,1997-12-10,1,2,14,23,78,88,40,,,,0,,0,,1,188808.07,356,530.35,16879,11.16,,,,,,,,,,,,,,
90,1997-12-13,5,22,34,61,62,77,58,,,,0,,0,,3,94771.03,464,612.72,20268,14.00,,,,,,,,,,,,,,
91,1997-12-17,10,65,77,80,81,86,89,,,,0,,0,,1,235423.11,383,611.54,17965,13.07,,,,,,,,,,,,,,
92,1997-12-20,3,27,48,58,78,90,45,,,,0,,0,,10,31865.13,1257,253.48,35362,8.99,,,,,,,,,,,,,,
93,1997-12-24,13,59,63,75,85,87,52,,,,0,,0,,3,97318.04,465,627.86,21004,13.89,,,,,,,,,,,,,,
94,1997-12-27,8,26,35,43,55,67,69,,,,0,,0,,24,12579.50,1203,250.95,32046,9.40,,,,,,,,,,,,,,
95,1997-12-31,34,36,71,76,86,89,82,,,,0,,0,,4,85538.17,485,705.43,21071,16.22,,,,,,,,,,,,,,
1,1998-01-03,2,29,36,72,82,90,71,,,,0,,0,,6,63553.28,705,540.83,28320,13.43,,,,,,,,,,,,,,
2,1998-01-07,20,23,24,29,66,73,30,,,,0,,0,,2,164083.42,711,461.51,26846,12.19,,,,,,,,,,,,,,
3,1998-01-10,24,33,37,40,60,86,32,,,,0,,0,,12,44147.51,1206,439.25,43075,12.29,,,,,,,,,,,,,,
4,1998-01-14,16,37,49,52,53,82,57,,,,0,,0,,15,48415.67,1479,491.00,62334,11.62,,,,,,,,,,,,,,
5,1998-01-17,29,37,49,51,55,74,86,,,6097819.62,1,6097819.62,0,,74,24035.08,4874,364.88,167726,10.59,,,,,,,,,,,,,,
6,1998-01-21,22,25,26,49,59,85,62,,,,0,,0,,7,114205.35,1259,634.93,54636,14.62,,,,,,,,,,,,,,
7,1998-01-24,3,4,39,43,56,81,82,,,,0,,0,,7,155766.45,1763,618.46,78208,13.89,,,,,,,,,,,,,,
8,1998-01-28,2,3,49,51,63,79,43,,,,0,,0,,6,138003.74,1185,698.71,50922,16.22,,,,,,,,,,,,,,
9,1998-01-31,6,13,26,33,34,78,65,,,,0,,1,3924322.85,22,54840.80,3277,368.13,116614,10.33,,,,,,,,,,,,,,
10,1998-02-04,18,23,24,35,48,82,38,,,,0,,0,,23,39115.62,2267,396.85,87423,10.28,,,,,,,,,,,,,,
11,1998-02-07,8,9,23,34,64,89,1,,,,0,,1,2133959.26,34,36302.94,3452,357.54,114642,10.74,,,,,,,,,,,,,,
12,1998-02-11,2,15,63,65,68,78,71,,,,0,,0,,6,150552.35,2267,753.36,87423,15.08,,,,,,,,,,,,,,
13,1998-02-14,37,40,46,51,58,66,84,,,,0,,0,,14,82359.02,2199,524.31,86902,13.22,,,,,,,,,,,,,,
14,1998-02-18,10,12,29,41,45,50,52,,,,0,,0,,25,34634.74,1896,456.65,76184,11.36,,,,,,,,,,,,,,
15,1998-02-21,4,19,47,60,73,84,58,,,4151721.82,1,4151721.82,0,,41,29988.12,3117,394.42,118608,10.33,,,,,,,,,,,,,,
16,1998-02-25,1,27,40,81,82,85,6,,,,0,,1,844933.25,2,422466.60,1013,834.08,49127,17.20,,,,,,,,,,,,,,
17,1998-02-28,13,68,75,79,87,88,90,,,,0,,0,,11,104277.55,1817,631.27,73261,15.65,,,,,,,,,,,,,,
18,1998-03-04,28,36,59,79,84,88,7,,,,0,,0,,17,51369.85,1272,686.53,49966,17.46,,,,,,,,,,,,,,
19,1998-03-07,2,12,57,62,64,71,56,,,,0,,0,,21,56364.35,2208,536.03,89992,13.12,,,,,,,,,,,,,,
20,1998-03-11,3,23,25,44,74,89,76,,,,0,,1,4385586.15,32,36924.55,3158,374.12,128666,9.14,,,,,,,,,,,,,,
21,1998-03-14,16,33,42,86,88,89,43,,,,0,,0,,17,74982.10,1470,867.13,73787,17.25,,,,,,,,,,,,,,
22,1998-03-18,1,5,17,38,61,71,70,,,,0,,1,2249184.00,20,48724.40,3641,267.63,126415,7.70,,,,,,,,,,,,,,
23,1998-03-21,17,30,38,51,77,80,33,,,,0,,0,,18,68996.52,2484,499.93,99680,12.45,,,,,,,,,,,,,,
24,1998-03-25,5,6,17,55,62,73,38,,,,0,,0,,21,47125.45,2402,411.98,92825,10.64,,,,,,,,,,,,,,
25,1998-03-28,16,40,50,58,62,63,5,,,,0,,0,,16,85654.94,2017,679.45,90389,15.13,,,,,,,,,,,,,,
26,1998-04-01,17,31,42,43,55,72,64,,,,0,,0,,28,46295.40,2605,497.61,103574,12.50,,,,,,,,,,,,,,
27,1998-04-04,1,7,21,49,84,87,77,,,,0,,1,7410026.18,45,55815.67,6357,395.09,265568,9.45,,,,,,,,,,,,,,
28,1998-04-08,4,7,22,27,39,88,14,,,,0,,0,,28,44087.03,4068,303.42,137752,8.93,,,,,,,,,,,,,,
29,1998-04-11,23,58,64,67,79,81,14,,,,0,,0,,28,57396.54,2825,568.88,110809,14.46,,,,,,,,,,,,,,
30,1998-04-15,4,5,46,47,73,82,62,,,,0,,0,,7,186325.93,2326,560.72,102048,12.76,,,,,,,,,,,,,,
31,1998-04-18,17,38,47,56,76,85,26,,,6187103.50,1,6187103.50,0,,45,45361.86,4215,484.28,159051,12.81,,,,,,,,,,,,,,
32,1998-04-22,5,22,40,46,86,87,13,,,,0,,0,,10,132065.21,1825,723.61,82960,15.91,,,,,,,,,,,,,,
33,1998-04-27,18,36,62,63,76,80,64,,,,0,,0,,11,149384.28,2710,606.32,110667,14.82,,,,,,,,,,,,,,
34,1998-04-29,15,23,27,29,50,69,54,,,,0,,2,2095549.74,24,51134.19,4144,296.14,135770,9.04,,,,,,,,,,,,,,
35,1998-05-02,6,12,23,28,77,79,73,,,,0,,2,723937.00,35,41367.84,3528,410.38,126839,11.41,,,,,,,,,,,,,,
36,1998-05-06,5,28,33,64,81,84,67,,,,0,,1,1090726.60,14,77909.02,2137,510.36,87048,12.50,,,,,,,,,,,,,,
37,1998-05-09,5,19,43,44,73,77,39,,,,0,,0,,21,61361.95,2545,506.28,108801,11.83,,,,,,,,,,,,,,
38,1998-05-13,6,15,41,57,81,83,74,,,,0,,2,1135582.59,14,70183.14,2012,488.31,81619,12.03,,,,,,,,,,,,,,
39,1998-05-16,7,19,25,68,71,85,46,,,,0,,0,,45,27954.00,3640,363.53,124328,10.07,,,,,,,,,,,,,,
40,1998-05-20,5,13,22,25,43,50,45,,,,0,,0,,27,37287.52,3253,309.46,113837,8.83,,,,,,,,,,,,,,
41,1998-05-23,7,12,24,37,58,81,10,,,3576577.23,1,3576577.23,0,,48,27330.90,3693,352.12,129957,10.07,,,,,,,,,,,,,,
42,1998-05-27,36,48,56,65,71,73,38,,,,0,,0,,28,34555.05,4136,233.90,78770,12.24,,,,,,,,,,,,,,
43,1998-05-30,4,11,29,34,86,88,59,,,,0,,0,,57,21830.32,3642,341.64,124661,9.97,,,,,,,,,,,,,,
44,1998-06-03,48,50,80,81,84,87,42,,,,0,,0,,24,41585.42,1667,598.68,60631,16.42,,,,,,,,,,,,,,
45,1998-06-06,13,18,22,56,67,72,65,,,4537722.22,1,4537722.22,0,,38,34942.18,3521,377.07,123484,10.74,,,,,,,,,,,,,,
46,1998-06-10,5,14,17,38,64,68,83,,,,0,,0,,32,28550.00,3379,270.37,107316,8.47,,,,,,,,,,,,,,
47,1998-06-13,13,26,30,34,83,86,64,,,,0,,0,,13,90886.81,1723,685.70,74865,15.75,,,,,,,,,,,,,,
48,1998-06-17,10,16,35,39,64,65,70,,,,0,,0,,13,75940.96,1702,580.03,72449,13.58,,,,,,,,,,,,,,
49,1998-06-20,20,24,39,63,65,70,36,,,,0,,0,,17,76980.53,2530,517.23,98184,13.32,,,,,,,,,,,,,,
50,1998-06-24,19,43,59,60,67,79,10,,,,0,,0,,6,236500.54,2181,650.58,93966,15.08,,,,,,,,,,,,,,
51,1998-06-27,2,16,38,40,44,57,28,,,,0,,1,8406734.86,51,50915.73,5344,485.88,207003,12.50,,,,,,,,,,,,,,
52,1998-07-01,25,33,37,47,48,79,29,,,,0,,0,,21,47494.10,1891,527.41,79742,12.50,,,,,,,,,,,,,,
53,1998-07-04,29,42,49,52,53,67,55,,,,0,,1,2285066.34,15,85846.03,2661,483.87,111538,11.52,,,,,,,,,,,,,,
54,1998-07-08,5,20,24,48,78,80,6,,,,0,,1,997965.43,21,47522.14,2346,425.35,79742,11.83,,,,,,,,,,,,,,
55,1998-07-11,15,16,17,57,60,63,28,,,1258976.38,1,1258976.38,0,,17,74057.44,2091,602.09,98347,12.76,,,,,,,,,,,,,,
56,1998-07-15,12,32,48,68,70,85,7,,,,0,,0,,16,59982.60,1551,618.77,70037,13.69,,,,,,,,,,,,,,
57,1998-07-18,1,36,42,71,72,88,90,,,,0,,0,,11,110894.71,2289,532.88,95054,12.81,,,,,,,,,,,,,,
58,1998-07-22,56,71,75,78,81,85,8,,,,0,,0,,10,97564.03,1459,668.66,56988,17.09,,,,,,,,,,,,,,
59,1998-07-25,25,37,54,63,70,76,7,,,,0,,1,4414973.07,43,29296.95,3149,400.05,108642,11.57,,,,,,,,,,,,,,
60,1998-07-29,25,60,62,68,83,89,88,,,,0,,0,,6,151623.07,1014,897.14,51914,17.51,,,,,,,,,,,,,,
61,1998-08-01,5,14,37,38,50,72,90,,,,0,,0,,24,46491.86,2329,479.07,97539,11.41,,,,,,,,,,,,,,
62,1998-08-05,7,24,40,56,79,85,90,,,,0,,0,,13,69698.91,1985,456.44,72745,12.45,,,,,,,,,,,,,,
63,1998-08-08,12,27,31,32,57,83,42,,,,0,,3,1366153.53,28,41672.55,2794,417.61,109500,10.64,,,,,,,,,,,,,,
64,1998-08-12,31,33,61,77,86,88,16,,,,0,,0,,10,82107.87,1315,624.34,54264,15.08,,,,,,,,,,,,,,
65,1998-08-17,4,47,53,55,71,73,80,,,,0,,0,,27,32518.92,2316,379.08,81697,10.74,,,,,,,,,,,,,,
66,1998-08-19,6,15,16,50,62,82,4,,,,0,,1,2442834.42,8,92968.08,1331,558.75,55765,13.32,,,,,,,,,,,,,,
67,1998-08-22,10,36,48,63,83,90,32,,,,0,,1,889909.62,16,55619.36,2086,426.59,74250,11.98,,,,,,,,,,,,,,
68,1998-08-26,10,40,66,72,76,80,61,,,,0,,0,,14,55857.91,1450,539.28,63229,12.34,,,,,,,,,,,,,,
69,1998-08-29,12,19,22,53,72,88,34,,,,0,,0,,30,32354.22,2632,368.75,95870,10.12,,,,,,,,,,,,,,
70,1998-09-02,1,43,45,48,83,90,14,,,,0,,0,,19,44543.17,2043,414.25,74159,11.36,,,,,,,,,,,,,,
71,1998-09-05,15,16,20,23,24,87,77,,,,0,,0,,27,40933.50,2443,452.36,89492,12.34,,,,,,,,,,,,,,
72,1998-09-09,10,25,56,68,71,77,3,,,,0,,0,,16,51623.69,2056,401.70,84390,9.76,,,,,,,,,,,,,,
73,1998-09-12,14,37,48,55,84,87,23,,,,0,,0,,18,58262.02,2832,370.30,105728,9.92,,,,,,,,,,,,,,
74,1998-09-16,22,26,29,37,75,76,36,,,,0,,0,,19,64042.67,2230,545.64,100111,12.14,,,,,,,,,,,,,,
75,1998-09-19,3,33,45,57,78,80,65,,,9218963.63,1,9218963.63,0,,49,49455.03,5234,462.95,224499,10.79,,,,,,,,,,,,,,
76,1998-09-23,7,9,31,41,67,68,22,,,,0,,1,7028367.63,52,29107.05,6376,237.36,220415,6.82,,,,,,,,,,,,,,
77,1998-09-26,28,31,40,67,74,90,61,,,,0,,0,,45,30636.02,3457,398.76,129713,10.59,,,,,,,,,,,,,,
78,1998-09-30,20,34,44,61,74,87,25,,,,0,,0,,73,14370.05,2557,410.22,78110,13.43,,,,,,,,,,,,,,
79,1998-10-03,2,9,13,34,46,63,85,,,,0,,0,,32,43930.65,3651,385.02,153099,9.14,,,,,,,,,,,,,,
80,1998-10-07,6,13,17,49,51,83,76,,,,0,,1,5362978.36,61,25074.81,6417,238.34,222493,6.87,,,,,,,,,,,,,,
81,1998-10-10,42,43,46,49,52,76,48,,,,0,,1,1826143.77,28,65219.42,3589,508.81,140634,12.96,,,,,,,,,,,,,,
82,1998-10-14,15,28,42,55,76,88,74,,,,0,,1,2337350.21,52,44949.05,6265,373.04,221580,10.54,,,,,,,,,,,,,,
83,1998-10-17,10,13,50,59,64,78,23,,,,0,,1,3311868.08,75,44158.25,9351,354.13,381532,8.68,,,,,,,,,,,,,,
84,1998-10-21,14,39,50,56,72,89,29,,,,0,,2,1883650.52,119,31657.98,11089,339.73,387650,9.71,,,,,,,,,,,,,,
85,1998-10-24,4,26,27,74,77,84,20,,,,0,,1,4321252.98,68,63547.85,10077,428.81,399701,10.79,,,,,,,,,,,,,,
86,1998-10-28,37,60,64,73,80,84,2,,,,0,,1,5010681.62,66,75919.42,9488,528.08,384134,13.01,,,,,,,,,,,,,,
87,1998-10-31,1,21,30,61,73,84,74,,,32706046.94,1,32706046.94,1,5254905.67,116,45300.91,11568,454.22,475956,11.00,,,,,,,,,,,,,,
88,1998-11-04,6,54,72,75,81,87,55,,,,0,,0,,44,53093.84,5801,402.68,225554,10.33,,,,,,,,,,,,,,
89,1998-11-07,15,19,25,33,40,68,81,,,5054080.91,1,5054080.91,1,5054080.91,96,28312.01,8964,303.16,337899,8.01,,,,,,,,,,,,,,
90,1998-11-11,19,38,60,80,81,90,10,,,,0,,1,2126307.80,46,46224.08,5944,357.70,244524,8.68,,,,,,,,,,,,,,
91,1998-11-14,6,31,69,70,76,85,44,,,,0,,1,2621022.89,63,41603.55,6381,410.74,258790,10.12,,,,,,,,,,,,,,
92,1998-11-18,12,18,43,47,50,83,53,,,,0,,4,568039.79,61,37248.52,7476,303.88,268334,8.42,,,,,,,,,,,,,,
93,1998-11-21,32,36,43,56,66,89,8,,,,0,,2,1390829.22,52,53493.42,7806,356.30,288684,9.61,,,,,,,,,,,,,,
94,1998-11-25,32,39,52,56,69,85,53,,,12366835.88,1,12366835.88,0,,52,49340.12,7026,365.14,247226,10.33,,,,,,,,,,,,,,
95,1998-11-28,12,15,40,50,66,88,70,,,,0,,1,5235043.36,54,49432.52,6610,403.82,252893,10.54,,,,,,,,,,,,,,
96,1998-12-02,9,23,36,66,67,77,87,,,,0,,0,,47,48794.23,5862,391.22,234727,9.76,,,,,,,,,,,,,,
97,1998-12-05,27,35,47,48,59,79,77,,,,0,,0,,89,30937.27,9201,299.24,323053,8.52,,,,,,,,,,,,,,
98,1998-12-09,1,11,42,43,61,81,29,,,,0,,1,7392303.76,49,47868.58,6265,374.38,224027,10.43,,,,,,,,,,,,,,
99,1998-12-12,9,37,39,40,42,86,2,,,,0,,1,2915478.42,43,67801.80,9216,316.33,282341,10.28,,,,,,,,,,,,,,
100,1998-12-16,22,43,56,71,77,83,35,,,,0,,0,,72,38118.86,7922,346.44,291523,9.40,,,,,,,,,,,,,,
101,1998-12-19,3,6,13,28,49,50,33,,,,0,,5,1221685.15,117,28751.00,10891,308.84,390576,8.57,,,,,,,,,,,,,,
102,1998-12-23,3,9,14,26,47,79,81,,,22834772.32,2,11417386.16,1,3749208.68,104,36050.09,10107,370.92,360636,10.38,,,,,,,,,,,,,,
103,1998-12-28,14,43,46,65,71,82,22,,,,0,,0,,42,55407.77,5456,426.49,222344,10.43,,,,,,,,,,,,,,
104,1998-12-30,30,36,45,49,63,89,46,,,,0,,0,,45,53764.71,5418,446.53,228109,10.59,,,,,,,,,,,,,,
1,1999-01-02,10,12,54,58,72,88,23,,,,0,,0,,88,29274.22,8711,295.72,318446,8.06,,,,,,,,,,,,,,
2,1999-01-07,34,43,44,45,53,58,64,,,,0,,1,10401683.13,85,36223.67,8639,356.41,307276,10.02,,,,,,,,,,,,,,
3,1999-01-09,1,6,13,23,53,77,20,,,,0,,2,1437571.26,79,36394.20,10170,282.66,357825,8.01,,,,,,,,,,,,,,
4,1999-01-13,18,23,45,51,61,86,29,,,,0,,1,2855881.10,67,42625.10,6639,430.16,247423,11.52,,,,,,,,,,,,,,
5,1999-01-16,7,9,12,37,86,90,87,,,,0,,2,1526718.07,116,26322.72,11990,254.66,416081,7.33,,,,,,,,,,,,,,
6,1999-01-20,1,43,45,48,51,56,18,,,,0,,0,,92,31438.69,8621,335.49,275028,10.48,,,,,,,,,,,,,,
7,1999-01-23,36,45,46,47,74,75,69,,,,0,,2,3193988.44,126,27742.98,8558,408.41,312952,11.16,,,,,,,,,,,,,,
8,1999-01-27,8,48,65,72,83,88,67,,,,0,,3,1160681.16,108,32241.16,12207,285.24,428949,8.11,,,,,,,,,,,,,,
9,1999-01-30,14,20,40,58,68,84,88,,,,0,,0,,124,34295.63,11863,358.47,422110,10.07,,,,,,,,,,,,,,
10,1999-02-03,45,67,70,80,81,89,3,,,,0,,0,,84,58134.45,10669,457.68,426422,11.41,,,,,,,,,,,,,,
11,1999-02-06,9,10,26,30,44,54,62,,,44254816.58,1,44254816.58,2,7599326.70,212,28597.66,19622,308.94,696613,8.68,,,,,,,,,,,,,,
12,1999-02-10,4,8,12,17,19,80,84,,,,0,,2,1364419.89,273,9995.77,18117,150.60,455163,5.99,,,,,,,,,,,,,,
13,1999-02-13,12,20,23,34,67,87,46,,,,0,,1,3024916.88,73,41437.20,8736,346.23,302877,9.97,,,,,,,,,,,,,,
14,1999-02-17,24,45,49,63,78,83,4,,,,0,,1,2540720.41,89,28547.41,7639,332.60,260344,9.71,,,,,,,,,,,,,,
15,1999-02-20,4,26,59,63,69,74,86,,,,0,,0,,61,46942.78,5831,491.05,244726,11.67,,,,,,,,,,,,,,
16,1999-02-24,17,19,32,41,52,87,23,,,,0,,1,5347006.25,74,33560.76,7038,352.84,264891,9.35,,,,,,,,,,,,,,
17,1999-02-27,6,7,42,55,75,88,67,,,,0,,0,,58,48621.42,7099,397.21,286317,9.81,,,,,,,,,,,,,,
18,1999-03-03,40,41,51,62,66,80,77,,,,0,,1,5308009.58,37,67242.38,5043,493.32,218142,11.36,,,,,,,,,,,,,,
19,1999-03-06,27,41,44,50,68,73,21,,,,0,,4,700578.43,98,28595.03,8610,325.47,304719,9.19,,,,,,,,,,,,,,
20,1999-03-10,11,20,56,69,72,76,32,,,,0,,1,2470556.22,45,54901.23,6003,411.51,251113,9.81,,,,,,,,,,,,,,
21,1999-03-13,6,18,20,34,72,90,17,,,27026864.33,1,27026864.33,2,1402250.72,63,44515.90,10095,277.80,312326,8.93,,,,,,,,,,,,,,
22,1999-03-17,3,7,14,45,68,70,39,,,,0,,1,2036986.73,58,35120.46,6384,319.07,234001,8.68,,,,,,,,,,,,,,
23,1999-03-20,43,71,80,84,88,89,73,,,,0,,3,773835.42,56,41455.48,7180,323.30,239603,9.66,,,,,,,,,,,,,,
24,1999-03-24,4,26,34,61,76,81,67,,,,0,,1,1994137.28,26,76697.57,3854,517.39,159168,12.50,,,,,,,,,,,,,,
25,1999-03-27,7,18,27,80,81,83,87,,,,0,,0,,48,48614.55,6653,350.73,240850,9.66,,,,,,,,,,,,,,
26,1999-03-31,25,60,64,71,75,85,18,,,,0,,0,,68,28340.93,6769,284.67,222344,8.62,,,,,,,,,,,,,,
27,1999-04-03,33,41,47,48,60,80,17,,,12805407.46,1,12805407.46,2,3226388.57,47,46640.29,5738,382.02,224412,9.76,,,,,,,,,,,,,,
28,1999-04-07,13,27,40,46,70,84,28,,,,0,,1,1626532.04,55,29573.30,4899,331.98,166919,9.71,,,,,,,,,,,,,,
29,1999-04-10,4,11,14,17,25,32,61,,,,0,,0,,91,22038.61,9018,222.39,259768,7.70,,,,,,,,,,,,,,
30,1999-04-14,34,63,70,77,83,90,43,,,,0,,0,,38,45820.93,5094,341.79,179978,9.66,,,,,,,,,,,,,,
31,1999-04-17,4,6,25,32,73,83,64,,,,0,,2,2879219.32,57,35293.53,5021,400.62,202005,9.92,,,,,,,,,,,,,,
32,1999-04-21,20,53,55,61,64,74,46,,,,0,,0,,31,54730.18,3672,462.02,153392,11.05,,,,,,,,,,,,,,
33,1999-04-24,20,22,33,44,50,74,60,,,,0,,1,3643802.83,34,57269.65,5063,384.55,203480,9.55,,,,,,,,,,,,,,
34,1999-04-28,1,51,53,55,73,86,41,,,,0,,0,,21,80095.80,3481,483.20,150115,11.16,,,,,,,,,,,,,,
35,1999-05-03,8,49,50,65,66,69,75,,,14527109.18,1,14527109.18,1,3498335.61,40,45408.08,4788,379.34,186136,9.71,,,,,,,,,,,,,,
36,1999-05-05,3,10,28,71,81,88,84,,,,0,,1,1348301.42,39,34571.83,4446,303.21,160321,8.37,,,,,,,,,,,,,,
37,1999-05-08,11,14,15,30,68,81,82,,,,0,,0,,34,49648.91,3947,427.68,166941,10.07,,,,,,,,,,,,,,
38,1999-05-12,3,7,10,37,57,86,49,,,,0,,1,3136341.21,63,22988.53,5247,275.99,183871,7.85,,,,,,,,,,,,,,
39,1999-05-15,7,33,54,72,73,90,24,,,,0,,0,,38,43194.29,4338,378.36,174405,9.40,,,,,,,,,,,,,,
40,1999-05-19,10,23,35,64,74,90,52,,,,0,,2,1533934.01,17,83910.87,3553,401.44,143348,9.92,,,,,,,,,,,,,,
41,1999-05-22,3,28,38,43,73,75,1,,,,0,,0,,39,42654.59,3930,423.29,171874,9.66,,,,,,,,,,,,,,
42,1999-05-26,3,4,13,16,59,70,22,,,,0,,1,3074717.11,42,33599.76,4717,299.13,176732,7.95,,,,,,,,,,,,,,
43,1999-05-29,10,34,44,49,62,79,47,,,,0,,0,,28,56665.39,3460,458.56,139843,11.31,,,,,,,,,,,,,,
44,1999-06-02,2,16,17,65,69,72,60,,,,0,,1,2960905.87,36,38174.27,3943,345.41,157497,8.68,,,,,,,,,,,,,,
45,1999-06-05,9,36,52,76,77,90,54,,,,0,,0,,33,47520.23,4381,354.81,175245,8.93,,,,,,,,,,,,,,
46,1999-06-09,16,32,35,45,72,77,6,,,,0,,0,,23,61877.06,3152,448.39,128576,11.05,,,,,,,,,,,,,,
47,1999-06-12,32,35,57,74,79,84,70,,,,0,,0,,22,75374.30,3371,488.77,136084,12.14,,,,,,,,,,,,,,
48,1999-06-16,5,20,29,41,56,86,81,,,19784287.94,1,19784287.94,5,1239230.89,76,20349.74,6365,242.94,212394,7.23,,,,,,,,,,,,,,
49,1999-06-19,13,23,31,58,67,68,22,,,1452508.62,1,1452508.62,0,,73,19897.38,5767,251.82,197098,7.33,,,,,,,,,,,,,,
50,1999-06-23,31,36,37,71,86,90,13,,,,0,,0,,32,40399.53,2577,501.63,115285,11.21,,,,,,,,,,,,,,
51,1999-06-26,8,19,23,37,65,77,48,,,,0,,1,4185155.84,52,27689.63,4773,301.66,182596,7.85,,,,,,,,,,,,,,
52,1999-06-30,13,22,44,74,77,87,76,,,,0,,0,,30,41741.85,4001,312.97,147961,8.42,,,,,,,,,,,,,,
53,1999-07-03,3,6,7,53,65,90,14,,,5387961.08,1,5387961.08,0,,52,26981.88,7030,199.56,216674,6.46,,,,,,,,,,,,,,
54,1999-07-07,38,46,63,82,83,87,1,,,,0,,0,,47,25798.98,3503,346.13,127312,9.50,,,,,,,,,,,,,,
55,1999-07-10,1,4,42,67,75,77,31,,,,0,,0,,14,99047.29,3013,460.21,123132,11.26,,,,,,,,,,,,,,
56,1999-07-14,4,48,60,63,84,88,62,,,,0,,1,6493614.53,23,53873.38,3494,354.60,128032,9.66,,,,,,,,,,,,,,
57,1999-07-17,5,22,35,38,74,82,36,,,,0,,0,,34,40034.19,4048,336.21,137678,9.86,,,,,,,,,,,,,,
58,1999-07-21,11,19,26,58,67,89,1,,,,0,,2,1281491.01,53,22675.81,4436,270.88,144627,8.26,,,,,,,,,,,,,,
59,1999-07-24,13,16,23,52,67,78,76,,,,0,,0,,36,37473.29,3688,365.75,151011,8.88,,,,,,,,,,,,,,
60,1999-07-28,13,64,68,84,89,90,85,,,,0,,1,2561440.24,20,60620.11,3238,374.38,125946,9.61,,,,,,,,,,,,,,
61,1999-07-31,5,34,44,73,77,83,65,,,,0,,0,,72,19037.01,5040,271.91,158574,8.62,,,,,,,,,,,,,,
62,1999-08-04,12,23,46,54,78,90,85,,,,0,,0,,42,28415.05,4063,293.71,143779,8.26,,,,,,,,,,,,,,
63,1999-08-07,4,16,29,58,69,88,54,,,,0,,2,1926196.45,47,27410.54,4490,286.89,139845,9.19,,,,,,,,,,,,,,
64,1999-08-11,10,19,24,29,42,67,39,,,,0,,0,,30,38402.65,4376,263.24,143699,8.01,,,,,,,,,,,,,,
65,1999-08-14,45,64,73,80,81,85,11,,,,0,,0,,46,28512.66,4888,268.30,155982,8.37,,,,,,,,,,,,,,
66,1999-08-18,13,16,51,56,65,67,35,,,,0,,0,,18,70681.67,2908,437.49,122580,10.33,,,,,,,,,,,,,,
67,1999-08-21,1,32,37,63,67,69,90,,,,0,,2,2593182.72,24,60434.75,4573,317.16,140288,10.33,,,,,,,,,,,,,,
68,1999-08-25,1,25,28,39,51,89,62,,,,0,,0,,31,46611.73,3211,449.99,137410,10.48,,,,,,,,,,,,,,
69,1999-08-28,7,12,14,16,24,45,54,,,,0,,1,3110467.45,65,25623.13,7060,235.87,225450,7.39,,,,,,,,,,,,,,
70,1999-09-01,5,19,26,32,67,87,65,,,,0,,1,1724673.16,79,21831.30,6350,271.55,208051,8.26,,,,,,,,,,,,,,
71,1999-09-04,38,40,41,69,76,81,78,,,,0,,2,1049845.58,38,55255.05,4685,448.13,200398,10.43,,,,,,,,,,,,,,
72,1999-09-08,15,38,48,74,75,80,81,,,,0,,0,,33,67135.73,4704,470.96,194126,11.36,,,,,,,,,,,,,,
73,1999-09-11,25,40,57,59,76,82,55,,,,0,,1,4925306.85,44,61586.97,5926,457.27,236886,11.41,,,,,,,,,,,,,,
74,1999-09-15,17,20,27,29,72,73,85,,,,0,,1,2637048.24,73,36123.94,8901,296.24,323190,8.11,,,,,,,,,,,,,,
75,1999-09-18,12,15,33,60,79,88,8,,,,0,,3,1067429.39,69,46409.95,7901,405.26,312271,10.23,,,,,,,,,,,,,,
76,1999-09-22,1,11,40,50,53,80,68,,,,0,,1,3407416.84,103,33081.70,10292,331.05,378613,8.99,,,,,,,,,,,,,,
77,1999-09-25,6,27,37,38,47,79,23,,,,0,,1,4400664.89,96,45840.25,10827,406.45,452854,9.71,,,,,,,,,,,,,,
78,1999-09-29,4,16,27,55,67,72,3,,,44346814.39,1,44346814.39,1,5026657.49,138,36425.03,14964,335.90,512123,9.81,,,,,,,,,,,,,,
79,1999-10-02,6,10,38,48,49,65,61,,,,0,,0,,32,71550.20,5592,409.40,232242,9.81,,,,,,,,,,,,,,
80,1999-10-06,38,58,61,64,82,87,68,,,,0,,1,4305837.25,43,46889.12,4664,432.27,172913,11.62,,,,,,,,,,,,,,
81,1999-10-09,12,35,40,59,78,80,44,,,,0,,0,,38,58012.26,4826,456.75,190808,11.52,,,,,,,,,,,,,,
82,1999-10-13,6,24,30,34,37,71,82,,,,0,,0,,31,62817.17,4815,404.39,195747,9.92,,,,,,,,,,,,,,
83,1999-10-16,3,35,45,47,54,70,30,,,,0,,0,,54,41265.06,6617,336.73,253702,8.78,,,,,,,,,,,,,,
84,1999-10-20,22,26,58,60,67,88,49,,,,0,,1,8309862.16,50,38595.03,4803,401.75,182180,10.59,,,,,,,,,,,,,,
85,1999-10-23,24,46,57,73,79,81,77,,,,0,,1,2160843.17,39,55406.22,5161,418.64,199877,10.79,,,,,,,,,,,,,,
86,1999-10-27,6,25,34,72,76,82,12,,,,0,,2,932330.00,34,54842.92,5017,371.64,198035,9.40,,,,,,,,,,,,,,
87,1999-10-30,16,21,29,39,70,90,76,,,18751270.38,1,18751270.38,1,2110067.81,89,23708.63,8225,256.52,290034,7.23,,,,,,,,,,,,,,
88,1999-11-03,19,42,64,68,72,86,45,,,,0,,2,823262.41,52,31663.92,5366,306.83,181852,9.04,,,,,,,,,,,,,,
89,1999-11-06,6,7,37,67,80,87,22,,,,0,,1,1936534.21,76,25480.69,7348,263.50,247789,7.80,,,,,,,,,,,,,,
90,1999-11-10,21,45,55,61,73,80,77,,,,0,,0,,64,26388.26,4453,379.23,165151,10.23,,,,,,,,,,,,,,
91,1999-11-13,3,23,61,82,83,88,64,,,,0,,1,3621348.26,43,44941.87,4949,390.44,190396,10.12,,,,,,,,,,,,,,
92,1999-11-17,6,51,73,78,80,81,34,,,,0,,0,,22,76443.47,4344,387.14,171803,9.76,,,,,,,,,,,,,,
93,1999-11-20,20,31,45,62,76,81,51,,,,0,,0,,46,41914.61,4366,441.57,191170,10.07,,,,,,,,,,,,,,
94,1999-11-24,12,16,24,48,53,58,85,,,,0,,2,2645310.57,59,28488.02,6179,271.97,199160,8.42,,,,,,,,,,,,,,
95,1999-11-27,14,20,57,79,85,88,69,,,,0,,1,1935726.42,47,41185.68,4419,438.01,164730,11.72,,,,,,,,,,,,,,
96,1999-12-01,1,13,24,39,44,45,83,,,,0,,1,1692019.55,37,45730.24,4774,354.39,188458,8.93,,,,,,,,,,,,,,
97,1999-12-04,13,39,62,63,66,76,11,,,,0,,0,,42,47268.41,4561,435.27,185199,10.69,,,,,,,,,,,,,,
98,1999-12-09,20,32,37,44,75,88,72,,,,0,,0,,41,44439.10,4097,444.67,159859,11.36,,,,,,,,,,,,,,
99,1999-12-11,6,27,50,57,77,80,22,,,,0,,1,5783033.82,62,31867.04,6888,286.84,227944,8.62,,,,,,,,,,,,,,
100,1999-12-15,18,21,28,35,41,85,66,,,,0,,1,1847004.03,66,27984.89,5495,336.11,200215,9.19,,,,,,,,,,,,,,
101,1999-12-18,13,42,57,61,63,82,45,,,,0,,3,718173.76,49,43969.80,5470,393.85,195763,11.00,,,,,,,,,,,,,,
102,1999-12-22,6,9,32,47,59,60,83,,,,0,,0,,53,45151.24,4825,495.95,196750,12.14,,,,,,,,,,,,,,
103,1999-12-27,20,21,63,71,75,79,15,,,,0,,1,4998002.03,34,76617.21,4319,603.12,178937,14.51,,,,,,,,,,,,,,
104,1999-12-29,14,15,20,42,70,88,28,,,,0,,0,,28,91256.59,4998,511.24,215573,11.83,,,,,,,,,,,,,,
1,2000-01-03,17,38,48,51,55,62,59,,,27621707.82,1,27621707.82,1,5288243.74,63,43381.91,7308,373.97,254437,10.69,,,,,,,,,,,,,,
2,2000-01-05,2,13,31,37,38,82,39,,,,0,,0,,25,62734.17,3697,424.22,157947,9.92,,,,,,,,,,,,,,
3,2000-01-08,6,15,47,71,75,86,78,,,,0,,1,3381983.30,27,67171.47,4327,419.10,179925,10.07,,,,,,,,,,,,,,
4,2000-01-12,3,15,48,74,76,81,34,,,,0,,1,1712612.34,43,39828.17,5228,327.54,185865,9.19,,,,,,,,,,,,,,
5,2000-01-15,11,21,22,50,59,63,42,,,,0,,1,1923520.02,41,46915.10,5150,373.55,198859,9.66,,,,,,,,,,,,,,
6,2000-01-19,20,29,39,54,57,71,28,,,,0,,0,,46,37308.23,4744,361.73,195960,8.73,,,,,,,,,,,,,,
7,2000-01-22,15,21,55,60,70,90,34,,,10661042.06,1,10661042.06,0,,51,37779.39,6612,291.38,240623,8.01,,,,,,,,,,,,,,
8,2000-01-26,2,57,62,63,73,87,55,,,,0,,0,,27,60848.28,3248,505.82,136211,12.03,,,,,,,,,,,,,,
9,2000-01-29,55,65,68,70,73,80,89,,,,0,,1,7163559.73,66,28450.42,5199,361.16,180634,10.38,,,,,,,,,,,,,,
10,2000-02-02,12,13,28,30,47,63,35,,,,0,,0,,19,86056.95,4156,393.39,173124,9.40,,,,,,,,,,,,,,
11,2000-02-05,17,48,52,64,86,87,60,,,,0,,0,,44,42329.69,4785,389.20,181558,10.23,,,,,,,,,,,,,,
12,2000-02-09,6,36,49,51,52,76,35,,,,0,,0,,32,51275.80,3907,419.93,168371,9.71,,,,,,,,,,,,,,
13,2000-02-12,4,33,67,71,81,82,72,,,,0,,2,3510299.03,37,50869.87,4707,399.84,198844,9.45,,,,,,,,,,,,,,
14,2000-02-16,8,27,39,51,54,90,71,,,,0,,2,829336.87,51,32523.00,5250,315.92,193506,8.52,,,,,,,,,,,,,,
15,2000-02-19,25,28,37,51,54,81,4,,,,0,,0,,74,25357.98,5758,325.88,203786,9.19,,,,,,,,,,,,,,
16,2000-02-23,44,53,61,65,86,89,49,,,,0,,0,,49,33721.90,3843,429.95,143680,11.47,,,,,,,,,,,,,,
17,2000-02-26,4,35,48,57,69,90,34,,,,0,,0,,45,42386.81,5908,322.84,208414,9.14,,,,,,,,,,,,,,
18,2000-03-01,27,32,37,70,82,88,52,,,,0,,0,,64,26474.25,4734,357.90,172330,9.81,,,,,,,,,,,,,,
19,2000-03-04,7,19,29,33,40,88,80,,,21289111.74,2,10644555.87,1,9089206.57,64,30602.91,7052,277.70,232758,8.37,,,,,,,,,,,,,,
20,2000-03-08,4,13,15,20,32,41,28,,,,0,,2,751176.33,45,33385.63,4253,353.20,161485,9.30,,,,,,,,,,,,,,
21,2000-03-11,28,42,46,56,74,87,43,,,,0,,1,1755263.11,59,29750.24,5032,348.81,189715,9.24,,,,,,,,,,,,,,
22,2000-03-15,8,17,35,61,78,89,9,,,,0,,0,,28,54120.96,3738,405.37,142071,10.64,,,,,,,,,,,,,,
23,2000-03-18,8,58,76,81,85,87,65,,,,0,,0,,49,35747.86,4929,355.37,178130,9.81,,,,,,,,,,,,,,
24,2000-03-22,2,19,22,57,65,89,61,,,,0,,0,,41,36704.23,4519,332.96,162608,9.24,,,,,,,,,,,,,,
25,2000-03-25,15,27,47,51,62,63,20,,,,0,,0,,50,34824.28,5088,342.20,171017,10.17,,,,,,,,,,,,,,
26,2000-03-29,1,6,12,26,57,70,28,,,,0,,2,4012783.24,65,23268.40,5780,261.64,195390,7.70,,,,,,,,,,,,,,
27,2000-04-01,3,9,30,58,60,88,37,,,,0,,0,,42,40915.57,6288,273.26,208900,8.21,,,,,,,,,,,,,,
28,2000-04-05,10,17,33,38,67,71,73,,,,0,,4,777069.00,54,25737.47,5224,266.03,182903,7.59,,,,,,,,,,,,,,
29,2000-04-08,3,12,26,47,54,87,90,,,,0,,0,,76,21760.70,6276,263.50,216642,7.59,,,,,,,,,,,,,,
30,2000-04-12,18,24,45,58,62,80,4,,,,0,,0,,37,40251.05,4155,358.42,149951,9.92,,,,,,,,,,,,,,
31,2000-04-15,2,27,33,47,53,86,65,,,,0,,0,,48,35610.74,6399,267.11,176794,9.66,,,,,,,,,,,,,,
32,2000-04-19,5,53,64,74,77,88,78,,,,0,,0,,50,30399.53,4406,344.94,166647,9.09,,,,,,,,,,,,,,
33,2000-04-22,24,35,39,48,82,85,66,,,22524527.58,2,11262263.79,1,8133069.25,38,46333.57,4510,390.39,163233,10.74,,,,,,,,,,,,,,
34,2000-04-26,17,51,67,70,82,86,49,,,,0,,0,,29,41844.94,3324,365.03,119012,10.17,,,,,,,,,,,,,,
35,2000-04-29,8,42,45,59,68,88,9,,,,0,,1,2791102.95,38,41515.75,4176,377.74,156294,10.07,,,,,,,,,,,,,,
36,2000-05-03,1,13,37,53,62,71,9,,,,0,,1,1337122.82,22,60778.30,3706,360.80,137952,9.66,,,,,,,,,,,,,,
37,2000-05-06,23,26,34,56,66,85,44,,,,0,,3,526253.93,53,29787.94,5038,313.33,176985,8.88,,,,,,,,,,,,,,
38,2000-05-10,9,12,19,39,82,86,69,,,,0,,0,,36,38155.16,4905,280.02,179145,7.64,,,,,,,,,,,,,,
39,2000-05-13,32,38,40,59,62,79,2,,,,0,,0,,37,42530.43,3402,462.54,130601,12.03,,,,,,,,,,,,,,
40,2000-05-17,11,14,19,32,78,89,9,,,,0,,0,,27,50338.80,3733,364.05,144389,9.40,,,,,,,,,,,,,,
41,2000-05-20,19,32,41,42,67,77,79,,,,0,,0,,22,71010.55,3913,399.22,154758,10.07,,,,,,,,,,,,,,
42,2000-05-24,8,10,22,72,87,90,39,,,,0,,0,,50,27673.57,5416,255.44,188291,7.33,,,,,,,,,,,,,,
43,2000-05-27,3,25,39,50,53,67,51,,,,0,,3,2954679.72,97,16616.17,17151,93.94,171724,9.35,,,,,,,,,,,,,,
44,2000-05-31,4,8,19,39,63,70,66,,,,0,,0,,43,32732.11,4817,292.16,173862,8.06,,,,,,,,,,,,,,
45,2000-06-03,6,17,31,33,43,66,78,,,,0,,0,,61,25724.56,6366,246.45,216658,7.23,,,,,,,,,,,,,,
46,2000-06-07,2,4,23,38,53,59,17,,,,0,,1,4397755.94,24,59211.58,3370,421.64,148432,9.55,,,,,,,,,,,,,,
47,2000-06-10,3,16,37,56,58,79,18,,,,0,,1,1632741.25,55,29686.20,4388,372.06,158894,10.23,,,,,,,,,,,,,,
48,2000-06-14,15,25,50,64,80,89,72,,,,0,,0,,29,50745.09,3413,431.14,137582,10.69,,,,,,,,,,,,,,
49,2000-06-17,29,32,35,49,69,71,70,,,,0,,2,1575034.22,39,43037.44,4230,396.79,168962,9.92,,,,,,,,,,,,,,
50,2000-06-21,12,15,34,43,55,75,70,,,,0,,0,,52,28962.90,4496,334.97,164616,9.14,,,,,,,,,,,,,,
51,2000-06-24,1,28,52,53,63,77,11,,,,0,,0,,14,126323.96,3766,469.56,162865,10.85,,,,,,,,,,,,,,
52,2000-06-28,3,17,18,41,63,89,48,,,,0,,0,,22,90420.71,4516,440.49,181662,10.95,,,,,,,,,,,,,,
53,2000-07-01,19,39,43,48,62,76,5,,,,0,,2,3739463.66,54,41019.74,5968,371.13,215795,10.23,,,,,,,,,,,,,,
54,2000-07-05,12,34,35,50,63,88,69,,,,0,,2,981422.12,35,56081.28,3526,556.64,147655,13.27,,,,,,,,,,,,,,
55,2000-07-08,4,6,8,41,76,80,60,,,,0,,0,,42,52822.70,5493,403.87,212416,10.43,,,,,,,,,,,,,,
56,2000-07-12,11,15,16,43,49,84,48,,,,0,,0,,43,49210.34,5116,413.58,190763,11.05,,,,,,,,,,,,,,
57,2000-07-15,5,18,24,51,55,74,17,,,29197603.23,1,29197603.23,1,6861258.81,95,26596.45,7739,326.45,256380,9.81,,,,,,,,,,,,,,
58,2000-07-19,6,37,53,60,66,72,26,,,,0,,1,1420845.29,37,38401.20,3841,369.89,148146,9.55,,,,,,,,,,,,,,
59,2000-07-22,10,13,42,54,66,81,1,,,,0,,1,1600596.09,64,25009.32,5250,304.86,186831,8.52,,,,,,,,,,,,,,
60,2000-07-26,3,37,40,49,53,83,44,,,,0,,0,,19,74031.15,3402,413.42,138961,10.07,,,,,,,,,,,,,,
61,2000-07-29,29,31,56,57,76,79,43,,,,0,,0,,28,55724.05,3194,488.46,137748,11.31,,,,,,,,,,,,,,
62,2000-08-02,4,39,56,59,65,78,61,,,,0,,0,,35,38862.09,3412,398.60,127466,10.64,,,,,,,,,,,,,,
63,2000-08-05,23,36,56,78,80,83,40,,,,0,,1,5845690.17,35,43390.02,3877,391.68,144827,10.48,,,,,,,,,,,,,,
64,2000-08-09,18,36,47,62,75,80,41,,,10199599.44,1,10199599.44,0,,26,51248.74,3372,395.14,120660,11.00,,,,,,,,,,,,,,
65,2000-08-12,9,19,52,68,70,74,88,,,,0,,0,,35,38384.83,4339,309.62,166363,8.06,,,,,,,,,,,,,,
66,2000-08-16,14,21,27,49,82,83,36,,,,0,,0,,15,75282.63,3299,342.26,112185,10.02,,,,,,,,,,,,,,
67,2000-08-19,5,30,32,35,55,87,86,,,,0,,0,,32,40554.73,3304,392.77,128651,10.07,,,,,,,,,,,,,,
68,2000-08-23,11,13,20,41,76,89,29,,,,0,,0,,17,74610.88,3468,365.70,141052,8.99,,,,,,,,,,,,,,
69,2000-08-26,4,14,15,19,76,85,89,,,,0,,1,7769126.26,46,30387.24,4360,320.56,157730,8.83,,,,,,,,,,,,,,
70,2000-08-30,8,16,59,61,78,90,45,,,,0,,0,,25,54766.23,4149,329.96,154162,8.83,,,,,,,,,,,,,,
71,2000-09-02,28,44,49,57,64,89,87,,,,0,,0,,20,78381.42,3201,489.70,136570,11.47,,,,,,,,,,,,,,
72,2000-09-06,7,11,48,49,64,72,8,,,,0,,0,,41,35111.79,3859,373.04,153113,9.40,,,,,,,,,,,,,,
73,2000-09-09,3,6,10,26,43,72,89,,,,0,,1,6009184.82,62,26335.74,8004,203.95,245950,6.61,,,,,,,,,,,,,,
74,2000-09-13,1,45,48,69,70,89,26,,,,0,,1,1463920.22,24,60996.66,3357,436.04,144925,10.07,,,,,,,,,,,,,,
75,2000-09-16,8,9,17,37,49,86,30,,,,0,,1,1659036.96,39,42539.42,5398,307.29,211587,7.80,,,,,,,,,,,,,,
76,2000-09-20,12,14,29,49,62,82,79,,,,0,,1,1484615.01,29,51193.64,3276,453.14,132978,11.16,,,,,,,,,,,,,,
77,2000-09-23,12,51,56,73,85,88,25,,,,0,,0,,48,35656.86,4856,352.43,183620,9.30,,,,,,,,,,,,,,
78,2000-09-27,5,48,71,84,85,87,22,,,,0,,0,,25,61355.54,3778,405.99,151137,10.12,,,,,,,,,,,,,,
79,2000-09-30,25,35,52,55,60,68,75,,,,0,,0,,27,66196.19,5216,342.62,185699,9.61,,,,,,,,,,,,,,
80,2000-10-04,2,3,15,16,24,67,7,,,,0,,2,3335172.37,55,29775.08,5850,279.92,212877,7.64,,,,,,,,,,,,,,
81,2000-10-07,8,10,16,21,39,65,2,,,,0,,2,962679.43,64,30083.72,7037,273.57,245962,7.80,,,,,,,,,,,,,,
82,2000-10-11,11,54,64,70,73,77,66,,,,0,,0,,47,37291.24,4778,366.79,183283,9.55,,,,,,,,,,,,,,
83,2000-10-14,24,35,37,63,81,85,25,,,,0,,0,,34,72162.30,5064,484.49,204180,11.98,,,,,,,,,,,,,,
84,2000-10-18,15,33,41,48,52,56,82,,,,0,,1,6417339.94,43,51421.70,4571,483.71,185747,11.88,,,,,,,,,,,,,,
85,2000-10-21,1,10,23,40,68,75,14,,,,0,,0,,47,54320.58,6524,391.32,249295,10.23,,,,,,,,,,,,,,
86,2000-10-25,2,38,39,41,61,76,21,,,,0,,1,4846589.89,27,84945.33,3493,656.57,158438,14.46,,,,,,,,,,,,,,
87,2000-10-28,6,21,29,43,80,89,5,,,,0,,1,2642186.83,74,35705.25,6336,416.99,240882,10.95,,,,,,,,,,,,,,
88,2000-11-02,2,55,76,78,81,85,71,,,,0,,0,,29,82488.86,4747,503.91,176805,13.48,,,,,,,,,,,,,,
89,2000-11-04,19,21,28,50,53,62,64,,,,0,,0,,83,31962.79,6966,380.84,245295,10.79,,,,,,,,,,,,,,
90,2000-11-08,22,42,50,53,78,83,40,,,30688658.35,1,30688658.35,1,7567681.78,87,28995.34,7722,326.66,235201,10.69,,,,,,,,,,,,,,
91,2000-11-11,9,27,45,66,68,71,83,,,1786402.98,1,1786402.98,0,,62,28812.98,6467,276.20,217689,8.16,,,,,,,,,,,,,,
92,2000-11-15,1,25,26,28,53,79,73,,,,0,,0,,23,68281.08,3434,457.32,149005,10.54,,,,,,,,,,,,,,
93,2000-11-18,3,21,42,49,64,85,66,,,,0,,1,5174629.78,36,50493.37,4070,446.58,165050,11.00,,,,,,,,,,,,,,
94,2000-11-22,14,25,39,50,72,89,59,,,4935155.48,1,4935155.48,2,773464.34,460,3362.91,4518,342.36,153591,10.07,,,,,,,,,,,,,,
95,2000-11-25,3,14,49,52,65,81,42,,,1723807.27,1,1723807.27,0,,47,36676.75,3966,434.60,166467,10.33,,,,,,,,,,,,,,
96,2000-11-29,13,17,29,32,35,49,56,,,,0,,1,3195053.38,45,32694.36,5934,247.90,174055,8.42,,,,,,,,,,,,,,
97,2000-12-02,6,11,17,18,20,59,55,,,,0,,0,,112,15134.56,10198,166.20,280212,6.04,,,,,,,,,,,,,,
98,2000-12-06,9,16,48,70,75,77,64,,,,0,,0,,23,64323.98,3652,405.06,151820,9.71,,,,,,,,,,,,,,
99,2000-12-09,39,55,62,77,82,88,78,,,,0,,1,4803735.38,47,34664.07,4600,354.13,158342,10.28,,,,,,,,,,,,,,
100,2000-12-13,8,54,62,63,66,84,45,,,,0,,0,,15,98085.60,3046,482.99,134456,10.90,,,,,,,,,,,,,,
101,2000-12-16,23,33,36,55,76,79,44,,,,0,,1,3147961.29,27,62099.14,4310,389.00,163251,10.23,,,,,,,,,,,,,,
102,2000-12-20,26,36,43,47,64,90,23,,,,0,,1,1502308.46,36,41730.80,4347,345.56,166007,9.04,,,,,,,,,,,,,,
103,2000-12-23,11,33,59,68,84,85,62,,,,0,,0,,16,108692.64,3886,447.51,153405,11.31,,,,,,,,,,,,,,
104,2000-12-27,1,5,14,20,39,58,76,,,,0,,0,,52,27445.71,5124,278.53,172146,8.26,,,,,,,,,,,,,,
105,2000-12-30,1,8,26,33,47,70,72,,,,0,,1,5058149.95,38,49786.55,5760,328.41,208916,9.04,,,,,,,,,,,,,,
1,2001-01-03,15,25,26,33,41,62,51,,,,0,,0,,23,75701.84,2980,584.27,133078,13.07,,,,,,,,,,,,,,
2,2001-01-08,16,19,61,69,72,84,59,,,,0,,0,,40,48085.80,4330,444.20,161469,11.88,,,,,,,,,,,,,,
3,2001-01-10,8,14,30,31,35,76,75,,,,0,,0,,4,87387.92,538,649.70,26771,13.01,,,,,,,,,,,,,,
4,2001-01-13,44,50,57,81,83,90,5,,,,0,,0,,39,50173.12,4378,446.94,171165,11.41,,,,,,,,,,,,,,
5,2001-01-17,16,22,35,41,53,62,71,,,,0,,2,3855770.01,35,49733.20,4015,433.51,137927,12.60,,,,,,,,,,,,,,
6,2001-01-20,14,25,28,42,82,90,31,,,25761224.16,1,25761224.16,0,,40,51657.05,4792,431.19,188577,10.95,,,,,,,,,,,,,,
7,2001-01-24,29,42,56,65,80,90,78,,,,0,,0,,17,92881.83,2790,565.93,119736,13.17,,,,,,,,,,,,,,
8,2001-01-27,2,6,18,20,49,83,15,,,,0,,1,5482940.03,70,26252.38,5770,318.45,195999,9.35,,,,,,,,,,,,,,
9,2001-01-31,28,46,65,70,77,86,53,,,,0,,1,1564320.73,39,40110.78,3339,468.48,118298,13.22,,,,,,,,,,,,,,
10,2001-02-03,2,8,13,39,47,89,33,,,,0,,3,597351.92,86,20837.85,6455,277.60,211986,8.42,,,,,,,,,,,,,,
11,2001-02-07,4,23,56,63,71,89,84,,,,0,,1,1555477.39,32,48608.67,4042,384.81,140044,11.10,,,,,,,,,,,,,,
12,2001-02-10,4,36,41,49,56,82,62,,,,0,,0,,36,50361.26,3296,550.03,132108,13.69,,,,,,,,,,,,,,
13,2001-02-14,15,22,38,62,83,86,57,,,,0,,0,,27,57635.56,3079,505.40,112713,13.79,,,,,,,,,,,,,,
14,2001-02-17,9,17,30,37,40,46,74,,,,0,,0,,36,49509.31,4600,387.45,175643,10.12,,,,,,,,,,,,,,
15,2001-02-21,6,28,46,55,56,62,64,,,,0,,0,,14,110170.95,3004,513.41,125812,12.24,,,,,,,,,,,,,,
16,2001-02-24,25,26,75,78,79,80,56,,,,0,,1,8504030.38,34,53239.32,3093,585.20,119360,15.13,,,,,,,,,,,,,,
17,2001-02-28,33,43,59,77,83,86,12,,,,0,,0,,26,59574.96,3223,480.56,116685,13.27,,,,,,,,,,,,,,
18,2001-03-03,5,13,18,40,51,56,82,,,,0,,0,,54,33863.67,5172,353.51,179401,10.17,,,,,,,,,,,,,,
19,2001-03-07,32,34,40,45,65,71,89,,,,0,,1,4962520.77,40,39623.40,3852,411.41,132814,11.93,,,,,,,,,,,,,,
20,2001-03-10,18,39,61,68,74,75,22,,,,0,,0,,23,81325.54,3273,571.46,137658,13.58,,,,,,,,,,,,,,
21,2001-03-14,28,35,36,62,66,70,67,,,,0,,1,3490144.50,39,41529.69,3318,488.10,123874,13.07,,,,,,,,,,,,,,
22,2001-03-17,8,19,46,49,73,85,72,,,,0,,1,1926524.30,45,42811.69,4909,392.40,174893,11.00,,,,,,,,,,,,,,
23,2001-03-21,39,43,56,61,65,81,28,,,27547724.75,5,5509544.95,0,,46,43825.29,4088,493.11,140549,14.31,,,,,,,,,,,,,,
24,2001-03-24,2,8,24,36,80,84,79,,,,0,,1,3722138.23,44,38776.77,4258,400.67,151377,11.26,,,,,,,,,,,,,,
25,2001-03-28,11,39,63,64,74,88,28,,,,0,,1,1463493.57,24,60978.94,2854,512.74,118959,12.29,,,,,,,,,,,,,,
26,2001-03-31,12,14,17,32,50,58,13,,,,0,,0,,61,27735.96,3840,440.59,155313,10.85,,,,,,,,,,,,,,
27,2001-04-04,2,23,48,57,63,89,11,,,,0,,0,,35,41654.21,3544,411.36,132281,11.00,,,,,,,,,,,,,,
28,2001-04-07,5,12,40,61,63,88,31,,,,0,,1,4843383.05,47,36033.92,3882,436.25,145149,11.62,,,,,,,,,,,,,,
29,2001-04-11,11,41,52,71,81,89,38,,,9473453.60,1,9473453.60,0,,38,38431.62,4335,336.88,139759,10.43,,,,,,,,,,,,,,
30,2001-04-14,10,11,64,74,82,88,33,,,,0,,0,,36,45272.51,5312,306.78,132579,12.29,,,,,,,,,,,,,,
31,2001-04-18,10,26,32,41,42,54,31,,,,0,,1,4470633.95,12,115035.35,2702,510.88,111717,12.34,,,,,,,,,,,,,,
32,2001-04-21,2,7,12,31,38,71,63,,,,0,,0,,63,26058.56,5277,311.06,182136,8.99,,,,,,,,,,,,,,
33,2001-04-26,4,22,27,45,58,86,55,,,,0,,1,3030159.17,31,44789.41,3544,391.73,125390,11.05,,,,,,,,,,,,,,
34,2001-04-28,2,14,32,43,44,55,12,,,,0,,1,1520190.37,25,60807.64,3002,506.39,116710,13.01,,,,,,,,,,,,,,
35,2001-05-02,2,45,59,70,75,82,26,,,,0,,0,,18,71503.20,1987,647.69,87292,14.72,,,,,,,,,,,,,,
36,2001-05-05,9,22,26,67,71,89,36,,,,0,,1,2895758.49,46,34971.78,4215,381.61,149437,10.74,,,,,,,,,,,,,,
37,2001-05-09,7,30,47,76,83,89,11,,,,0,,0,,30,45919.84,2747,501.48,113753,12.09,,,,,,,,,,,,,,
38,2001-05-12,3,32,37,42,43,89,57,,,,0,,0,,19,82140.71,3031,514.86,124128,12.55,,,,,,,,,,,,,,
39,2001-05-16,13,15,18,49,65,73,67,,,,0,,2,2155271.94,47,29197.37,3308,414.82,124018,11.05,,,,,,,,,,,,,,
40,2001-05-19,6,36,52,68,80,81,87,,,,0,,0,,30,52983.11,3308,480.46,138374,11.47,,,,,,,,,,,,,,
41,2001-05-23,8,39,55,56,57,63,45,,,,0,,0,,26,53424.16,3407,407.69,129554,10.69,,,,,,,,,,,,,,
42,2001-05-26,5,26,37,43,45,64,54,,,,0,,0,,39,40978.69,4328,369.22,153491,10.38,,,,,,,,,,,,,,
43,2001-05-30,11,18,42,44,45,83,7,,,20743743.38,1,20743743.38,0,,17,82362.95,2779,503.80,118373,11.83,,,,,,,,,,,,,,
44,2001-06-04,36,48,70,77,82,88,37,,,,0,,0,,35,41890.03,3607,406.45,123250,11.88,,,,,,,,,,,,,,
45,2001-06-06,7,18,44,48,51,63,73,,,,0,,0,,25,60162.84,3253,388.38,111965,11.26,,,,,,,,,,,,,,
46,2001-06-09,4,18,24,29,41,59,40,,,,0,,2,5114442.56,47,32392.69,4229,359.97,144983,10.48,,,,,,,,,,,,,,
47,2001-06-13,58,61,70,78,84,87,83,,,,0,,0,,18,73382.84,2432,543.11,89555,14.72,,,,,,,,,,,,,,
48,2001-06-16,7,12,19,21,60,81,4,,,,0,,1,2815742.38,72,20761.88,6754,221.30,207591,7.18,,,,,,,,,,,,,,
49,2001-06-20,25,32,34,54,64,83,56,,,,0,,1,1323678.10,25,52947.16,2989,442.81,103137,12.81,,,,,,,,,,,,,,
50,2001-06-23,4,15,22,34,77,87,81,,,,0,,0,,41,36388.52,3257,458.05,124054,11.98,,,,,,,,,,,,,,
51,2001-06-27,16,20,27,31,32,77,14,,,,0,,0,,22,59277.74,2411,540.89,102581,12.70,,,,,,,,,,,,,,
52,2001-06-30,22,31,45,68,84,88,54,,,,0,,0,,34,43083.09,2722,538.10,106639,13.69,,,,,,,,,,,,,,
53,2001-07-04,13,29,40,61,73,81,4,,,,0,,0,,23,57456.04,3052,432.95,111582,11.83,,,,,,,,,,,,,,
54,2001-07-07,10,50,53,78,82,86,90,,,,0,,2,3534882.02,36,41317.07,3212,463.06,116588,12.76,,,,,,,,,,,,,,
55,2001-07-11,7,10,23,33,68,85,30,,,,0,,1,1324011.11,44,30091.21,4337,305.28,143461,9.19,,,,,,,,,,,,,,
56,2001-07-14,1,31,44,59,64,77,53,,,,0,,0,,27,55181.15,2519,591.45,105774,14.05,,,,,,,,,,,,,,
57,2001-07-18,4,22,37,43,63,80,46,,,,0,,1,2836136.95,25,53849.93,3055,440.64,116271,11.57,,,,,,,,,,,,,,
58,2001-07-21,3,9,35,65,80,84,26,,,,0,,0,,40,37309.41,3493,427.21,132061,11.26,,,,,,,,,,,,,,
59,2001-07-25,39,56,64,75,76,90,53,,,,0,,1,2848096.91,20,67786.05,3345,405.26,122081,11.10,,,,,,,,,,,,,,
60,2001-07-28,27,31,34,47,58,75,62,,,,0,,1,1502897.32,39,38535.84,3265,460.27,115725,12.96,,,,,,,,,,,,,,
61,2001-08-01,5,39,43,53,63,82,33,,,,0,,0,,28,48326.58,3132,432.02,114956,11.72,,,,,,,,,,,,,,
62,2001-08-04,5,22,49,63,65,66,76,,,,0,,0,,16,93854.47,2750,546.05,116113,12.91,,,,,,,,,,,,,,
63,2001-08-08,1,8,14,27,83,87,5,,,,0,,0,,44,37716.90,4051,409.65,145532,11.36,,,,,,,,,,,,,,
64,2001-08-11,21,25,31,44,49,52,61,,,,0,,0,,42,43559.52,3610,506.75,128546,14.20,,,,,,,,,,,,,,
65,2001-08-16,7,58,61,62,73,74,79,,,,0,,0,,15,112622.21,2006,842.13,93108,18.13,,,,,,,,,,,,,,
66,2001-08-18,6,7,14,53,54,85,3,,,,0,,0,,32,56289.98,3499,514.75,138851,12.96,,,,,,,,,,,,,,
67,2001-08-22,10,12,38,57,72,84,11,,,,0,,0,,33,56945.47,3791,495.70,151717,12.34,,,,,,,,,,,,,,
68,2001-08-25,1,9,27,36,68,70,85,,,,0,,0,,51,42150.42,5055,425.25,182810,11.72,,,,,,,,,,,,,,
69,2001-08-29,5,11,44,57,86,90,39,,,,0,,2,7110184.17,37,73979.66,5321,514.39,186715,14.62,,,,,,,,,,,,,,
70,2001-09-01,10,11,16,45,46,55,31,,,,0,,0,,50,47409.14,5286,448.44,190800,12.39,,,,,,,,,,,,,,
71,2001-09-05,8,43,53,69,74,79,75,,,,0,,0,,50,44371.65,4486,494.51,166883,13.27,,,,,,,,,,,,,,
72,2001-09-08,12,25,49,53,67,73,37,,,,0,,1,7143041.26,52,49115.46,5575,458.10,204811,12.45,,,,,,,,,,,,,,
73,2001-09-12,3,5,10,32,44,75,49,,,,0,,1,2238092.93,39,57387.04,4948,452.31,192284,11.62,,,,,,,,,,,,,,
74,2001-09-15,2,14,38,53,56,71,48,,,,0,,3,826606.93,26,95377.76,4866,509.59,186529,13.27,,,,,,,,,,,,,,
75,2001-09-19,10,21,30,45,55,57,64,,,,0,,0,,45,49065.99,4324,510.62,166738,13.22,,,,,,,,,,,,,,
76,2001-09-22,22,26,27,28,72,73,1,,,,0,,0,,62,40720.82,4987,506.23,183914,13.69,,,,,,,,,,,,,,
77,2001-09-26,14,62,69,70,86,88,9,,,,0,,0,,17,133242.94,3000,755.01,131771,17.15,,,,,,,,,,,,,,
78,2001-09-29,3,4,7,55,61,77,75,,,,0,,1,9640413.32,48,55054.77,6461,408.98,239302,11.00,,,,,,,,,,,,,,
79,2001-10-03,14,42,45,49,71,86,72,,,,0,,0,,36,64841.27,3975,587.21,150417,15.49,,,,,,,,,,,,,,
80,2001-10-06,3,11,43,50,85,88,45,,,,0,,1,5027932.00,34,79224.95,5175,520.49,199792,13.48,,,,,,,,,,,,,,
81,2001-10-10,14,35,37,52,66,72,12,,,,0,,0,,16,146626.09,3988,588.24,157100,14.93,,,,,,,,,,,,,,
82,2001-10-13,13,28,45,58,70,86,60,,,,0,,1,5034475.20,49,54866.52,5239,513.15,192504,13.94,,,,,,,,,,,,,,
83,2001-10-17,18,49,60,64,80,84,79,,,,0,,0,,32,74043.86,4130,573.68,141794,16.68,,,,,,,,,,,,,,
84,2001-10-20,16,19,20,30,31,47,83,,,,0,,0,,66,41465.24,6773,404.02,233990,11.67,,,,,,,,,,,,,,
85,2001-10-24,12,23,48,70,85,86,78,,,,0,,0,,43,56131.79,3868,623.98,158639,15.18,,,,,,,,,,,,,,
86,2001-10-27,25,32,36,46,57,58,73,,,36008710.05,1,36008710.05,1,10374760.08,40,71374.70,4386,650.89,181036,15.75,,,,,,,,,,,,,,
87,2001-10-31,5,11,17,21,28,63,50,,,1542373.43,1,1542373.43,0,,79,19523.72,7206,214.02,214434,7.18,,,,,,,,,,,,,,
88,2001-11-03,7,24,30,59,66,89,74,,,,0,,0,,51,33807.73,4212,409.34,157604,10.90,,,,,,,,,,,,,,
89,2001-11-07,8,10,23,35,40,46,9,,,,0,,0,,28,55157.03,4043,381.97,155768,9.86,,,,,,,,,,,,,,
90,2001-11-10,1,34,42,50,70,72,11,,,,0,,1,6576993.08,30,58867.67,3031,582.62,130643,13.48,,,,,,,,,,,,,,
91,2001-11-14,3,4,16,36,74,89,40,,,,0,,1,1530542.69,19,80554.88,3148,486.19,134088,11.41,,,,,,,,,,,,,,
92,2001-11-17,1,7,10,23,66,88,18,,,,0,,1,1761093.13,69,25523.09,8029,219.34,235564,7.44,,,,,,,,,,,,,,
93,2001-11-21,14,53,55,65,83,87,74,,,,0,,0,,35,42690.64,3469,430.67,128243,11.62,,,,,,,,,,,,,,
94,2001-11-24,6,7,16,51,62,83,36,,,,0,,0,,27,63668.44,3643,471.84,146818,11.67,,,,,,,,,,,,,,
95,2001-11-28,21,32,35,40,66,83,50,,,,0,,0,,15,97951.68,2607,563.56,105537,13.89,,,,,,,,,,,,,,
96,2001-12-01,32,48,50,55,58,86,4,,,,0,,0,,23,74361.58,3032,564.07,124075,13.74,,,,,,,,,,,,,,
97,2001-12-05,14,32,47,48,63,79,46,,,,0,,1,7869361.61,26,56790.48,2660,555.09,105870,13.94,,,,,,,,,,,,,,
98,2001-12-10,5,19,40,51,85,87,88,,,,0,,0,,29,55245.03,3429,467.19,139795,11.41,,,,,,,,,,,,,,
99,2001-12-12,4,14,20,61,75,78,56,,,,0,,0,,13,104751.82,2392,569.29,99839,13.63,,,,,,,,,,,,,,
100,2001-12-15,1,14,68,70,75,83,89,,,,0,,0,,16,102568.55,2936,558.91,121597,13.48,,,,,,,,,,,,,,
101,2001-12-19,19,25,49,53,81,84,64,,,,0,,0,,37,39183.89,4062,356.87,147410,9.81,,,,,,,,,,,,,,
102,2001-12-22,3,21,32,48,59,68,18,,,,0,,0,,34,51730.18,3796,463.31,144601,12.14,,,,,,,,,,,,,,
103,2001-12-27,20,21,26,53,80,90,4,,,,0,,2,4613967.06,26,54397.37,3436,411.62,128721,10.95,,,,,,,,,,,,,,
104,2001-12-29,24,26,49,53,68,83,29,,,,0,,0,,27,64561.09,3772,462.13,140765,12.34,,,,,,,,,,,,,,
105,2001-12-31,41,51,54,63,66,69,35,,,,0,,1,3314183.51,26,60424.42,2695,582.92,105051,14.93,,,,,,,,,,,,,,
1,2002-01-02,23,31,33,39,74,84,45,,,,0,,0,,19,62484.28,2598,456.96,97154,12.21,,,,,,,,,,,,,,
2,2002-01-05,50,52,54,76,77,86,64,,,30313122.32,1,30313122.32,1,2884583.35,29,58530.42,3151,538.68,124315,13.65,,,,,,,,,,,,,,
3,2002-01-09,15,30,37,52,61,87,10,,,,0,,0,,20,63039.12,2089,603.53,88055,14.31,,,,,,,,,,,,,,
4,2002-01-12,12,26,45,75,82,84,33,,,,0,,0,,16,93329.47,3523,423.86,134040,11.14,,,,,,,,,,,,,,
5,2002-01-16,3,13,20,35,46,58,71,,,,0,,1,4035795.19,22,58260.98,2877,445.51,110104,11.64,,,,,,,,,,,,,,
6,2002-01-19,15,19,30,46,47,71,72,,,,0,,0,,23,64777.78,3706,402.02,137739,10.81,,,,,,,,,,,,,,
7,2002-01-23,12,41,52,55,84,85,45,,,,0,,0,,21,60839.29,2429,525.98,97535,13.09,,,,,,,,,,,,,,
8,2002-01-26,25,33,41,51,66,76,28,,,,0,,0,,26,56728.31,3270,451.05,121523,12.13,,,,,,,,,,,,,,
9,2002-01-30,3,6,34,49,79,83,32,,,,0,,0,,21,60330.87,2998,422.59,113395,11.17,,,,,,,,,,,,,,
10,2002-02-02,21,28,60,68,71,88,89,,,,0,,0,,30,49188.77,3066,481.29,116211,12.69,,,,,,,,,,,,,,
11,2002-02-06,29,37,53,62,79,85,51,,,,0,,0,,21,59801.16,2581,486.56,94398,13.30,,,,,,,,,,,,,,
12,2002-02-09,9,35,45,77,85,87,72,,,,0,,0,,17,86242.20,2761,531.00,113026,12.97,,,,,,,,,,,,,,
13,2002-02-13,14,39,53,55,73,87,3,,,,0,,0,,23,55450.94,4159,306.65,120240,10.60,,,,,,,,,,,,,,
14,2002-02-16,6,36,37,59,61,62,38,,,,0,,0,,26,57516.39,2383,627.53,102184,14.63,,,,,,,,,,,,,,
15,2002-02-20,1,61,66,70,78,81,85,,,,0,,0,,5,260299.51,1971,660.32,87135,14.93,,,,,,,,,,,,,,
16,2002-02-23,14,17,56,59,69,88,13,,,,0,,1,15294844.23,24,63147.79,3945,384.16,146416,10.35,,,,,,,,,,,,,,
17,2002-02-27,29,33,40,47,54,87,27,,,,0,,0,,23,56965.96,2911,450.09,104988,12.47,,,,,,,,,,,,,,
18,2002-03-02,19,26,28,45,86,88,79,,,,0,,1,2825984.81,34,44581.42,3304,458.76,131384,11.53,,,,,,,,,,,,,,
19,2002-03-06,5,6,32,61,67,85,35,,,,0,,0,,18,72006.95,2287,566.73,101475,12.77,,,,,,,,,,,,,,
20,2002-03-09,44,56,57,76,86,88,19,,,,0,,0,,30,50493.81,3140,482.42,118907,12.73,,,,,,,,,,,,,,
21,2002-03-13,20,40,64,68,76,90,59,,,,0,,1,4106954.74,20,64800.79,2719,476.65,108757,11.91,,,,,,,,,,,,,,
22,2002-03-16,5,30,34,50,82,84,28,,,,0,,0,,28,54976.88,2637,583.75,109586,14.04,,,,,,,,,,,,,,
23,2002-03-20,15,35,42,45,55,77,43,,,,0,,1,2832906.17,34,38045.70,4624,279.74,120433,10.74,,,,,,,,,,,,,,
24,2002-03-23,1,29,35,38,45,51,86,,,,0,,0,,19,79109.84,2325,646.48,106681,14.08,,,,,,,,,,,,,,
25,2002-03-27,3,11,16,38,69,82,17,,,,0,,0,,25,52724.59,3649,361.22,133480,9.87,,,,,,,,,,,,,,
26,2002-03-30,30,56,57,73,82,84,41,,,,0,,4,1096072.70,29,53899.64,2880,542.73,118527,13.18,,,,,,,,,,,,,,
27,2002-04-03,15,37,40,47,64,81,49,,,,0,,0,,28,45435.33,2919,435.83,107550,11.82,,,,,,,,,,,,,,
28,2002-04-06,19,23,29,44,69,89,60,,,,0,,0,,55,29121.59,5796,276.34,174295,9.18,,,,,,,,,,,,,,
29,2002-04-10,2,28,43,57,79,90,15,,,,0,,0,,33,42331.17,2966,470.98,118218,11.81,,,,,,,,,,,,,,
30,2002-04-13,18,21,76,79,80,84,57,,,,0,,0,,23,72354.62,3161,526.46,124090,13.41,,,,,,,,,,,,,,
31,2002-04-17,24,27,35,43,64,88,8,,,40860370.58,1,40860370.58,1,7379594.57,25,57785.34,3242,445.59,116850,12.36,,,,,,,,,,,,,,
32,2002-04-20,19,42,45,51,62,88,18,,,1411242.95,1,1411242.95,0,,30,47041.44,3167,445.60,117110,12.05,,,,,,,,,,,,,,
33,2002-04-24,27,42,45,62,74,87,2,,,,0,,7,377358.63,31,39686.05,2771,443.97,105650,11.64,,,,,,,,,,,,,,
34,2002-04-27,21,37,41,45,60,71,23,,,2606531.89,1,2606531.89,0,,29,47457.40,2986,460.90,116219,11.84,,,,,,,,,,,,,,
35,2002-05-02,7,15,17,26,36,54,10,,,,0,,0,,31,38253.63,3477,341.05,125605,9.44,,,,,,,,,,,,,,
36,2002-05-04,1,6,60,61,69,86,3,,,,0,,0,,29,47108.19,2886,473.36,107054,12.76,,,,,,,,,,,,,,
37,2002-05-08,25,55,57,67,69,86,2,,,,0,,0,,23,52894.16,2642,460.47,100862,12.06,,,,,,,,,,,,,,
38,2002-05-11,10,17,51,54,62,65,81,,,,0,,0,,27,52536.79,2851,497.54,116226,12.20,,,,,,,,,,,,,,
39,2002-05-15,23,26,34,35,71,84,53,,,,0,,0,,6,200968.97,2153,560.06,90924,13.26,,,,,,,,,,,,,,
40,2002-05-18,13,28,31,58,59,79,45,,,,0,,0,,19,72485.19,2640,521.67,113292,12.15,,,,,,,,,,,,,,
41,2002-05-22,12,26,27,42,66,89,41,,,,0,,2,5173874.05,11,109217.54,2567,468.01,107070,11.22,,,,,,,,,,,,,,
42,2002-05-25,40,46,49,62,77,88,2,,,,0,,0,,19,72088.53,2414,567.39,101516,13.49,,,,,,,,,,,,,,
43,2002-05-29,21,36,38,72,79,82,25,,,,0,,0,,12,99323.98,1992,598.33,84262,14.14,,,,,,,,,,,,,,
44,2002-06-01,38,50,58,80,85,90,84,,,,0,,0,,23,58785.18,3083,438.55,109781,12.31,,,,,,,,,,,,,,
45,2002-06-05,4,41,43,51,85,89,64,,,,0,,1,5119316.14,16,75355.47,2138,563.93,90552,13.31,,,,,,,,,,,,,,
46,2002-06-08,1,38,70,75,83,86,52,,,,0,,1,1357760.64,21,64655.27,3154,430.48,101103,13.42,,,,,,,,,,,,,,
47,2002-06-12,37,51,58,62,63,86,78,,,,0,,0,,21,57453.82,2388,505.24,90855,13.27,,,,,,,,,,,,,,
48,2002-06-15,8,16,33,64,71,86,90,,,,0,,0,,35,37990.22,3269,406.74,113081,11.75,,,,,,,,,,,,,,
49,2002-06-19,22,24,30,58,60,89,26,,,,0,,1,3687896.11,28,41132.45,2174,529.76,87947,13.09,,,,,,,,,,,,,,
50,2002-06-22,16,37,42,46,60,64,11,,,,0,,0,,33,38521.34,2714,468.38,96017,13.23,,,,,,,,,,,,,,
51,2002-06-26,9,11,17,38,81,88,46,,,,0,,0,,40,28689.64,3626,316.48,131760,8.70,,,,,,,,,,,,,,
52,2002-06-29,1,4,50,66,69,77,42,,,,0,,0,,21,61764.41,2966,437.30,113182,11.45,,,,,,,,,,,,,,
53,2002-07-03,14,21,34,37,66,73,74,,,,0,,0,,34,34697.10,2704,436.28,97982,12.03,,,,,,,,,,,,,,
54,2002-07-06,3,15,28,76,83,86,56,,,,0,,0,,27,48928.66,3051,432.99,118025,11.19,,,,,,,,,,,,,,
55,2002-07-10,19,37,50,73,75,85,61,,,,0,,0,,20,59698.54,2586,461.70,97187,12.28,,,,,,,,,,,,,,
56,2002-07-13,21,38,63,70,71,83,7,,,,0,,0,,20,66840.10,2768,482.94,110654,12.08,,,,,,,,,,,,,,
57,2002-07-17,17,20,44,57,71,76,14,,,,0,,0,,17,72386.33,2752,447.15,107044,11.49,,,,,,,,,,,,,,
58,2002-07-20,11,19,57,63,84,89,35,,,,0,,1,11350015.81,55,24946.52,3701,370.72,131209,10.45,,,,,,,,,,,,,,
59,2002-07-24,5,17,44,62,80,88,69,,,,0,,0,,28,43518.91,3402,358.18,113286,10.75,,,,,,,,,,,,,,
60,2002-07-27,11,20,24,31,40,49,88,,,,0,,0,,23,59794.09,2748,500.45,113328,12.13,,,,,,,,,,,,,,
61,2002-07-31,8,12,36,62,68,81,51,,,,0,,0,,40,30800.63,2869,429.42,111541,11.04,,,,,,,,,,,,,,
62,2002-08-03,23,26,32,52,71,75,35,,,,0,,1,5205731.26,51,27057.12,3708,372.14,126258,10.92,,,,,,,,,,,,,,
63,2002-08-07,7,8,53,72,82,84,22,,,,0,,0,,32,38911.29,3044,409.05,121906,10.21,,,,,,,,,,,,,,
64,2002-08-10,16,29,32,40,48,70,38,,,,0,,0,,31,44844.02,4031,344.86,124562,11.16,,,,,,,,,,,,,,
65,2002-08-14,5,7,20,25,38,59,63,,,,0,,1,3932200.13,36,36024.30,3605,359.74,135879,9.54,,,,,,,,,,,,,,
66,2002-08-17,15,30,33,35,87,88,90,,,,0,,0,,10,130804.06,2249,581.60,99825,13.10,,,,,,,,,,,,,,
67,2002-08-21,17,23,33,44,46,69,7,,,,0,,0,,44,30811.99,4611,294.02,140335,9.66,,,,,,,,,,,,,,
68,2002-08-24,8,25,26,38,66,79,49,,,,0,,1,4219839.55,37,42056.00,3413,455.92,131917,11.79,,,,,,,,,,,,,,
69,2002-08-28,1,7,42,49,77,88,46,,,,0,,0,,33,50132.13,4477,369.52,170225,9.71,,,,,,,,,,,,,,
70,2002-08-31,21,28,29,36,45,54,5,,,,0,,0,,47,41111.62,4616,418.59,178600,10.81,,,,,,,,,,,,,,
71,2002-09-04,10,41,52,53,61,88,89,,,,0,,0,,37,59716.11,4324,510.98,173088,12.76,,,,,,,,,,,,,,
72,2002-09-07,16,51,57,64,72,90,63,,,,0,,0,,49,58676.18,5869,489.88,233704,12.30,,,,,,,,,,,,,,
73,2002-09-11,16,23,55,83,86,89,9,,,,0,,1,11625822.17,49,60297.72,6880,429.44,255153,11.57,,,,,,,,,,,,,,
74,2002-09-14,20,23,30,44,78,88,56,,,58821273.20,2,29410636.60,0,,71,47200.11,5982,560.21,252086,13.29,,,,,,,,,,,,,,
75,2002-09-18,11,18,55,77,81,85,58,,,,0,,3,1652236.04,56,28669.66,5005,320.77,167671,9.57,,,,,,,,,,,,,,
76,2002-09-21,1,10,16,51,76,89,49,,,,0,,1,1766892.01,48,36810.26,4304,410.52,164845,10.71,,,,,,,,,,,,,,
77,2002-09-25,23,50,54,56,78,83,65,,,,0,,1,1496408.63,43,34800.21,3973,376.64,128315,11.66,,,,,,,,,,,,,,
78,2002-09-28,34,56,61,62,70,77,59,,,,0,,0,,24,70390.02,3041,555.52,112629,14.99,,,,,,,,,,,,,,
79,2002-10-02,14,18,54,63,70,87,74,,,,0,,0,,30,47917.05,2852,504.03,115967,12.39,,,,,,,,,,,,,,
80,2002-10-05,9,15,25,40,44,71,84,,,,0,,2,2386594.35,46,35789.51,4637,355.03,163461,10.07,,,,,,,,,,,,,,
81,2002-10-09,21,22,52,59,65,76,40,,,,0,,0,,12,117029.76,2416,581.27,101088,13.89,,,,,,,,,,,,,,
82,2002-10-12,1,2,8,12,48,66,28,,,,0,,1,3030916.99,92,17680.00,8475,191.92,233210,6.97,,,,,,,,,,,,,,
83,2002-10-16,10,27,37,57,66,78,9,,,,0,,0,,28,50332.18,3255,432.96,126117,11.17,,,,,,,,,,,,,,
84,2002-10-19,10,21,23,35,55,89,53,,,,0,,8,377178.65,50,32162.57,4664,344.79,165263,9.73,,,,,,,,,,,,,,
85,2002-10-23,40,43,46,57,77,82,47,,,,0,,0,,20,69426.08,2596,534.86,101870,13.63,,,,,,,,,,,,,,
86,2002-10-26,27,70,73,84,88,90,4,,,,0,,0,,35,45550.14,3929,405.76,143308,11.12,,,,,,,,,,,,,,
87,2002-10-30,13,15,36,78,82,86,67,,,,0,,0,,19,72594.48,2723,506.53,106601,12.93,,,,,,,,,,,,,,
88,2002-11-02,1,15,22,33,42,80,53,,,,0,,1,5886189.94,32,47628.72,3338,456.59,128308,11.87,,,,,,,,,,,,,,
89,2002-11-06,11,13,25,59,61,87,77,,,,0,,0,,33,41520.37,3020,453.69,117816,11.62,,,,,,,,,,,,,,
90,2002-11-09,12,34,39,52,61,83,7,,,,0,,0,,42,37396.43,3218,488.08,122509,12.82,,,,,,,,,,,,,,
91,2002-11-13,5,44,45,53,73,89,41,,,,0,,0,,21,64705.71,3233,420.29,122380,11.10,,,,,,,,,,,,,,
92,2002-11-16,5,11,23,47,58,60,8,,,,0,,0,,33,47394.47,4646,336.63,167811,9.32,,,,,,,,,,,,,,
93,2002-11-20,18,26,44,51,63,90,68,,,,0,,1,7231078.45,21,65115.21,3358,407.21,115898,11.79,,,,,,,,,,,,,,
94,2002-11-23,14,42,68,69,80,85,54,,,,0,,0,,34,46249.81,2886,544.86,118679,13.24,,,,,,,,,,,,,,
95,2002-11-27,10,16,20,26,48,56,63,,,,0,,1,2905633.56,32,41660.63,3963,336.39,138678,9.61,,,,,,,,,,,,,,
96,2002-11-30,17,34,35,56,65,85,61,,,,0,,0,,31,50002.22,3243,477.97,123102,12.59,,,,,,,,,,,,,,
97,2002-12-03,4,5,11,26,34,36,72,,,,0,,0,,21,40126.09,2372,355.24,86615,9.72,,,,,,,,,,,,,,
98,2002-12-05,14,17,21,31,33,69,78,,,,0,,1,3454129.56,28,37907.61,2990,354.98,107839,9.84,,,,,,,,,,,,,,
99,2002-12-07,6,17,23,55,56,68,41,,,,0,,0,,22,63785.40,4007,350.20,150184,9.34,,,,,,,,,,,,,,
100,2002-12-10,22,31,63,76,78,79,58,,,,0,,0,,12,82310.84,1608,614.25,66729,14.80,,,,,,,,,,,,,,
101,2002-12-12,3,8,21,33,46,86,37,,,38601808.42,1,38601808.42,0,,37,28200.87,2743,380.39,103425,10.08,,,,,,,,,,,,,,
102,2002-12-14,14,35,36,47,58,69,89,,,,0,,0,,164,7834.96,3061,419.77,97662,13.15,,,,,,,,,,,,,,
103,2002-12-17,5,27,30,31,34,86,87,,,,0,,1,5673473.55,12,79508.28,1783,535.10,73791,12.92,,,,,,,,,,,,,,
104,2002-12-19,18,27,49,59,81,88,17,,,,0,,0,,18,53489.06,2426,396.86,89418,10.76,,,,,,,,,,,,,,
105,2002-12-21,2,27,52,65,70,82,90,,,,0,,0,,17,75877.50,2632,490.09,104033,12.39,,,,,,,,,,,,,,
106,2002-12-24,1,3,6,42,81,83,87,,,,0,,0,,29,37636.96,2966,367.99,119260,9.15,,,,,,,,,,,,,,
107,2002-12-27,33,41,49,50,73,87,27,,,,0,,0,,12,72243.69,1518,571.09,62071,13.96,,,,,,,,,,,,,,
108,2002-12-28,14,17,62,75,76,85,35,,,,0,,1,5377361.24,11,106022.25,2277,512.18,89611,13.01,,,,,,,,,,,,,,
109,2002-12-31,24,31,37,45,71,81,72,,,,0,,0,,29,40432.75,3216,364.59,115994,10.10,,,,,,,,,,,,,,
1,2003-01-02,6,18,34,43,58,80,8,,,,0,,0,,18,45360.09,1610,507.13,64806,12.59,,,,,,,,,,,,,,
2,2003-01-04,16,17,26,28,37,85,55,,,,0,,0,,25,52089.96,2865,454.53,112748,11.55,,,,,,,,,,,,,,
3,2003-01-08,5,26,49,50,73,90,65,,,,0,,0,,18,59202.99,2504,425.58,95932,11.10,,,,,,,,,,,,,,
4,2003-01-11,11,12,27,39,67,90,34,,,,0,,0,,40,34420.02,5057,272.25,166991,8.24,,,,,,,,,,,,,,
5,2003-01-15,2,46,49,56,82,84,37,,,,0,,0,,15,75444.69,1966,575.62,82774,13.67,,,,,,,,,,,,,,
6,2003-01-18,50,62,70,75,82,90,74,,,,0,,0,,29,48122.06,2751,507.28,107542,12.97,,,,,,,,,,,,,,
7,2003-01-22,51,57,58,69,86,89,7,,,,0,,1,9407563.30,25,45864.75,2721,421.39,93811,12.22,,,,,,,,,,,,,,
8,2003-01-25,33,37,41,56,65,82,10,,,,0,,0,,34,40945.15,3595,387.24,120773,11.52,,,,,,,,,,,,,,
9,2003-01-29,5,11,22,27,36,90,84,,,,0,,0,,67,17225.98,5031,229.40,152673,7.55,,,,,,,,,,,,,,
10,2003-02-01,14,24,40,56,81,90,20,,,,0,,0,,32,43626.88,3137,445.03,123081,11.34,,,,,,,,,,,,,,
11,2003-02-05,12,18,54,71,80,85,24,,,,0,,0,,15,77410.29,2590,448.32,99350,11.68,,,,,,,,,,,,,,
12,2003-02-08,3,14,31,32,64,79,50,,,,0,,2,3253157.05,25,56112.99,2507,559.56,104158,13.46,,,,,,,,,,,,,,
13,2003-02-12,14,22,24,34,60,85,61,,,,0,,1,1170025.78,13,90001.99,1878,623.01,82321,14.21,,,,,,,,,,,,,,
14,2003-02-15,3,9,12,36,71,85,8,,,,0,,0,,29,48403.70,4219,332.71,156724,8.95,,,,,,,,,,,,,,
15,2003-02-19,12,19,51,61,62,90,1,,,,0,,1,2574973.63,13,90097.42,2730,429.03,111063,10.54,,,,,,,,,,,,,,
16,2003-02-22,17,41,45,81,82,88,39,,,,0,,2,702292.41,47,29884.79,4185,335.62,141811,9.90,,,,,,,,,,,,,,
17,2003-02-26,1,41,48,49,84,87,80,,,,0,,0,,24,48812.10,2052,570.90,81234,14.42,,,,,,,,,,,,,,
18,2003-03-01,8,12,27,72,80,84,19,,,,0,,1,2584565.61,43,32862.22,4154,340.17,149197,9.47,,,,,,,,,,,,,,
19,2003-03-05,29,40,57,67,76,79,87,,,,0,,0,,26,45899.53,2717,439.22,92611,12.88,,,,,,,,,,,,,,
20,2003-03-08,8,27,34,42,83,88,24,,,33892459.67,1,33892459.67,1,2628038.50,47,30524.49,3299,434.87,125270,11.45,,,,,,,,,,,,,,
21,2003-03-12,5,27,30,58,78,82,68,,,,0,,3,368493.33,16,69092.50,2428,455.30,90280,12.24,,,,,,,,,,,,,,
22,2003-03-15,23,27,43,56,71,75,58,,,,0,,0,,39,34589.77,3209,420.38,126102,10.69,,,,,,,,,,,,,,
23,2003-03-19,1,17,46,58,67,75,41,,,,0,,0,,4,279202.44,1959,570.09,82770,13.49,,,,,,,,,,,,,,
24,2003-03-22,32,34,37,49,52,68,71,,,,0,,1,3799878.87,33,40426.31,2438,547.19,98206,13.58,,,,,,,,,,,,,,
25,2003-03-26,15,37,43,51,61,89,79,,,,0,,1,1101697.19,9,122410.80,2221,496.03,84447,13.04,,,,,,,,,,,,,,
26,2003-03-29,1,31,54,80,81,85,26,,,,0,,0,,23,57690.98,2649,500.90,104015,12.75,,,,,,,,,,,,,,
27,2003-04-02,27,28,40,63,67,78,83,,,,0,,1,2431079.35,18,61343.73,1869,590.79,78547,14.05,,,,,,,,,,,,,,
28,2003-04-05,12,18,47,63,75,81,60,,,,0,,0,,25,52884.78,3290,401.86,121411,10.88,,,,,,,,,,,,,,
29,2003-04-09,4,14,16,44,76,77,15,,,,0,,0,,29,38082.44,2852,387.23,104793,10.53,,,,,,,,,,,,,,
30,2003-04-12,4,61,63,79,84,85,3,,,,0,,0,,29,45736.36,2090,634.61,86273,15.37,,,,,,,,,,,,,,
31,2003-04-16,15,22,37,64,88,90,26,,,,0,,1,4856961.70,19,58110.39,3013,366.44,112939,9.77,,,,,,,,,,,,,,
32,2003-04-19,11,26,45,53,69,75,64,,,,0,,0,,32,41116.81,3418,384.94,123288,10.67,,,,,,,,,,,,,,
33,2003-04-23,11,21,40,66,68,83,89,,,,0,,0,,30,35418.88,2379,446.64,88689,11.98,,,,,,,,,,,,,,
34,2003-04-26,10,18,26,39,62,68,86,,,,0,,0,,29,42351.40,2858,429.73,110475,11.11,,,,,,,,,,,,,,
35,2003-04-30,35,38,60,68,74,86,53,,,,0,,0,,19,58379.23,2718,408.09,97869,11.33,,,,,,,,,,,,,,
36,2003-05-03,2,6,12,17,19,63,50,,,,0,,0,,97,12787.45,8163,151.95,202360,6.12,,,,,,,,,,,,,,
37,2003-05-07,1,2,4,19,26,89,6,,,,0,,0,,114,9596.33,7199,151.96,175406,6.23,,,,,,,,,,,,,,
38,2003-05-10,22,38,46,47,77,86,53,,,,0,,1,8341032.43,18,71720.57,2553,505.66,99292,13.00,,,,,,,,,,,,,,
39,2003-05-14,16,21,38,44,67,87,28,,,,0,,0,,24,45909.31,2381,462.75,87242,12.62,,,,,,,,,,,,,,
40,2003-05-17,5,39,61,75,79,90,38,,,,0,,0,,23,56096.01,2712,475.74,107746,11.97,,,,,,,,,,,,,,
41,2003-05-21,5,28,48,53,75,88,4,,,,0,,0,,26,42630.99,2924,379.07,104841,10.57,,,,,,,,,,,,,,
42,2003-05-24,12,35,54,58,61,65,60,,,,0,,0,,30,42766.23,2650,484.14,98750,12.99,,,,,,,,,,,,,,
43,2003-05-28,40,44,62,76,85,90,10,,,,0,,0,,28,39625.68,2468,449.56,92441,12.00,,,,,,,,,,,,,,
44,2003-05-31,30,44,47,48,53,56,72,,,,0,,0,,17,74790.83,2629,483.62,102683,12.38,,,,,,,,,,,,,,
45,2003-06-04,17,29,35,45,76,84,51,,,,0,,1,8258975.47,15,72972.59,2506,436.78,92202,11.87,,,,,,,,,,,,,,
46,2003-06-07,15,37,38,57,76,87,30,,,,0,,0,,34,37835.38,2944,436.95,107219,11.99,,,,,,,,,,,,,,
47,2003-06-11,7,32,40,43,47,87,5,,,,0,,0,,24,46384.68,2184,509.72,89935,12.37,,,,,,,,,,,,,,
48,2003-06-14,6,25,46,59,71,83,61,,,,0,,0,,24,53138.56,3084,413.52,109662,11.62,,,,,,,,,,,,,,
49,2003-06-18,2,12,26,30,65,74,39,,,,0,,0,,19,59347.16,2973,379.27,103254,10.92,,,,,,,,,,,,,,
50,2003-06-21,7,19,39,45,48,86,90,,,,0,,0,,27,47954.47,3374,383.74,127271,10.17,,,,,,,,,,,,,,
51,2003-06-25,1,9,40,59,73,74,70,,,,0,,0,,24,47637.04,2120,539.28,87951,12.99,,,,,,,,,,,,,,
52,2003-06-28,14,18,34,48,49,74,4,,,,0,,0,,17,77328.24,2531,519.39,102800,12.78,,,,,,,,,,,,,,
53,2003-07-02,9,13,16,17,34,57,37,,,,0,,0,,25,47279.57,3309,357.20,125006,9.45,,,,,,,,,,,,,,
54,2003-07-05,50,62,68,70,74,80,22,,,,0,,2,5554184.89,36,38088.49,2784,492.52,105656,12.97,,,,,,,,,,,,,,
55,2003-07-09,36,38,39,66,76,83,3,,,,0,,0,,25,49880.05,2470,504.85,98155,12.70,,,,,,,,,,,,,,
56,2003-07-12,10,11,46,80,83,88,15,,,,0,,0,,20,71144.89,2924,486.62,123258,11.54,,,,,,,,,,,,,,
57,2003-07-16,15,18,29,37,47,50,22,,,,0,,2,2009361.01,24,56200.97,2998,449.90,116696,11.55,,,,,,,,,,,,,,
58,2003-07-19,7,14,27,47,80,87,33,,,,0,,1,1547483.69,51,30342.82,5356,288.92,164882,9.38,,,,,,,,,,,,,,
59,2003-07-23,1,10,35,57,67,78,85,,,,0,,1,1482534.80,25,59301.40,3145,471.39,119075,12.45,,,,,,,,,,,,,,
60,2003-07-26,3,4,8,28,77,86,68,,,,0,,1,1769991.07,55,32181.66,6162,287.24,217192,8.14,,,,,,,,,,,,,,
61,2003-07-30,7,18,46,74,82,90,60,,,,0,,0,,63,40770.83,6207,413.81,241665,10.62,,,,,,,,,,,,,,
62,2003-08-02,12,41,45,51,66,77,40,,,,0,,0,,67,46700.15,7312,427.91,276228,11.32,,,,,,,,,,,,,,
63,2003-08-06,8,21,24,42,72,73,51,,,,0,,2,4456444.23,92,34950.19,9707,331.24,346323,9.28,,,,,,,,,,,,,,
64,2003-08-09,37,48,55,76,87,90,71,,,,0,,4,899378.19,96,37474.10,10929,329.17,360921,9.96,,,,,,,,,,,,,,
65,2003-08-13,9,11,39,44,49,86,47,,,65985105.96,1,65985105.96,2,1826249.20,92,39701.07,9939,367.49,364910,10.00,,,,,,,,,,,,,,
66,2003-08-16,35,52,55,61,80,83,36,,,,0,,0,,20,69594.62,2555,544.77,96896,14.36,,,,,,,,,,,,,,
67,2003-08-20,8,9,10,18,42,63,49,,,,0,,1,2775965.50,41,33757.89,5290,261.63,179877,7.69,,,,,,,,,,,,,,
68,2003-08-23,6,42,68,70,75,87,73,,,,0,,0,,24,60622.81,2827,514.66,112117,12.97,,,,,,,,,,,,,,
69,2003-08-27,1,8,22,28,64,77,21,,,,0,,0,,37,36154.94,3988,335.43,149152,8.96,,,,,,,,,,,,,,
70,2003-08-30,2,5,36,61,86,88,44,,,,0,,0,,10,145667.58,2973,489.96,119112,12.22,,,,,,,,,,,,,,
71,2003-09-03,18,45,47,56,77,78,52,,,,0,,0,,26,51104.92,2958,449.19,109371,12.14,,,,,,,,,,,,,,
72,2003-09-06,16,17,49,50,74,81,19,,,,0,,0,,29,51738.56,3253,461.24,139065,10.78,,,,,,,,,,,,,,
73,2003-09-10,39,50,51,64,72,81,18,,,,0,,0,,17,76637.63,2444,533.07,96657,13.47,,,,,,,,,,,,,,
74,2003-09-13,1,18,34,39,48,64,8,,,,0,,1,9854384.78,27,54557.17,3178,463.51,120752,12.19,,,,,,,,,,,,,,
75,2003-09-17,25,33,64,67,68,73,58,,,,0,,0,,20,64102.22,3036,422.28,107468,11.92,,,,,,,,,,,,,,
76,2003-09-20,42,44,51,64,65,77,35,,,,0,,0,,16,91205.57,2600,561.26,103884,14.04,,,,,,,,,,,,,,
77,2003-09-24,3,26,39,41,56,61,82,,,,0,,0,,20,62720.67,2630,476.96,104073,12.05,,,,,,,,,,,,,,
78,2003-09-27,17,52,55,65,82,90,85,,,,0,,0,,20,72174.27,3657,394.71,135436,10.65,,,,,,,,,,,,,,
79,2003-10-01,17,55,66,81,86,89,19,,,,0,,0,,45,27619.15,3415,363.94,118357,10.50,,,,,,,,,,,,,,
80,2003-10-04,22,62,68,73,75,87,47,,,20756234.57,1,20756234.57,1,8125884.18,30,48126.36,2793,516.93,105469,13.68,,,,,,,,,,,,,,
81,2003-10-08,1,8,26,41,70,84,2,,,,0,,0,,20,58795.36,2771,424.36,103236,11.39,,,,,,,,,,,,,,
82,2003-10-11,13,16,25,45,47,55,22,,,,0,,1,2560719.65,43,32204.95,3917,353.53,141778,9.76,,,,,,,,,,,,,,
83,2003-10-15,11,26,30,34,43,73,40,,,,0,,0,,29,40921.28,2727,435.17,102690,11.55,,,,,,,,,,,,,,
84,2003-10-18,1,4,14,41,44,82,30,,,,0,,0,,171,8076.52,4849,284.81,133950,10.31,,,,,,,,,,,,,,
85,2003-10-22,14,15,64,76,80,86,81,,,,0,,0,,10,116441.92,2085,558.47,84543,13.77,,,,,,,,,,,,,,
86,2003-10-25,49,54,55,62,66,88,12,,,,0,,0,,29,47032.74,2870,475.24,113175,12.05,,,,,,,,,,,,,,
87,2003-10-29,2,12,20,52,54,63,69,,,,0,,1,6259825.85,34,34225.19,3147,369.76,117986,9.86,,,,,,,,,,,,,,
88,2003-11-03,9,25,37,73,80,81,13,,,,0,,0,,25,50868.25,2883,441.10,116429,10.92,,,,,,,,,,,,,,
89,2003-11-05,13,14,24,29,73,79,46,,,,0,,3,790583.11,16,68752.70,2008,547.83,86947,12.65,,,,,,,,,,,,,,
90,2003-11-08,7,30,43,52,57,82,75,,,12545912.98,1,12545912.98,0,,37,36584.28,2856,473.95,119034,11.37,,,,,,,,,,,,,,
91,2003-11-12,18,29,32,55,79,82,52,,,,0,,0,,16,71522.62,2287,500.37,84806,13.49,,,,,,,,,,,,,,
92,2003-11-15,35,54,78,81,86,88,50,,,,0,,0,,16,83491.71,2677,499.01,109163,12.23,,,,,,,,,,,,,,
93,2003-11-19,2,11,23,31,40,86,29,,,,0,,0,,31,36684.14,2955,384.84,117882,9.64,,,,,,,,,,,,,,
94,2003-11-22,3,27,54,65,81,83,58,,,4954548.57,1,4954548.57,0,,25,53484.45,3232,413.71,120158,11.12,,,,,,,,,,,,,,
95,2003-11-26,46,66,68,70,78,79,54,,,,0,,0,,12,93264.17,1885,593.72,69041,16.21,,,,,,,,,,,,,,
96,2003-11-29,38,50,63,65,84,88,26,,,,0,,0,,23,57688.61,2469,537.39,96883,13.69,,,,,,,,,,,,,,
97,2003-12-03,7,20,29,55,71,81,59,,,,0,,0,,31,37077.67,2898,396.62,113247,10.14,,,,,,,,,,,,,,
98,2003-12-06,1,2,18,27,43,47,78,,,,0,,0,,34,39622.46,3819,352.75,140425,9.59,,,,,,,,,,,,,,
99,2003-12-10,6,37,62,73,79,90,48,,,,0,,1,12375084.34,30,37477.96,2668,421.41,101574,11.06,,,,,,,,,,,,,,
100,2003-12-13,20,48,50,58,65,78,62,,,,0,,0,,29,46566.18,2405,561.50,99700,13.54,,,,,,,,,,,,,,
101,2003-12-17,1,3,42,48,73,83,4,,,,0,,0,,13,88367.27,2764,415.62,100328,11.45,,,,,,,,,,,,,,
102,2003-12-20,3,36,40,42,54,59,64,,,,0,,0,,16,83961.84,2534,530.14,100939,13.30,,,,,,,,,,,,,,
103,2003-12-24,3,19,33,36,72,84,54,,,,0,,0,,30,42100.89,3276,385.53,120894,10.44,,,,,,,,,,,,,,
104,2003-12-27,7,19,37,51,53,74,77,,,,0,,0,,27,46278.21,2980,419.29,120158,10.39,,,,,,,,,,,,,,
105,2003-12-31,3,15,31,36,43,82,57,,,,0,,0,,28,49044.44,2931,468.52,112833,12.17,,,,,,,,,,,,,,
1,2004-01-03,29,32,36,72,77,82,20,,,,0,,0,,23,58525.93,2814,478.35,98470,13.67,,,,,,,,,,,,,,
2,2004-01-07,2,33,41,56,62,74,14,,,,0,,1,10225716.18,18,63958.61,1964,586.17,82684,13.92,,,,,,,,,,,,,,
3,2004-01-10,15,25,26,32,51,61,63,,,,0,,0,,18,76125.25,2591,528.85,102694,13.34,,,,,,,,,,,,,,
4,2004-01-14,5,15,59,65,70,82,14,,,,0,,0,,15,79089.43,2306,514.45,93650,12.66,,,,,,,,,,,,,,
5,2004-01-17,4,6,19,40,60,79,89,,,,0,,0,,30,46146.85,4046,342.16,143429,9.65,,,,,,,,,,,,,,
6,2004-01-21,3,36,53,64,80,90,4,,,,0,,0,,35,34064.81,2707,440.43,106950,11.14,,,,,,,,,,,,,,
7,2004-01-24,22,27,48,52,81,83,43,,,,0,,0,,42,33448.51,3524,398.64,127755,10.99,,,,,,,,,,,,,,
8,2004-01-28,7,41,48,54,72,88,12,,,,0,,0,,35,34484.85,3037,397.42,107843,11.19,,,,,,,,,,,,,,
9,2004-01-31,4,11,26,53,63,66,8,,,,0,,2,4574467.39,32,43870.59,3723,377.07,135628,10.35,,,,,,,,,,,,,,
10,2004-02-04,11,30,51,54,88,90,2,,,,0,,1,1214911.50,26,46727.37,3290,369.27,116236,10.45,,,,,,,,,,,,,,
11,2004-02-07,17,24,34,59,72,82,40,,,,0,,0,,30,47797.45,3007,476.86,114565,12.51,,,,,,,,,,,,,,
12,2004-02-11,12,19,38,43,52,85,33,,,,0,,1,2656247.14,37,33035.78,3089,395.70,114537,10.67,,,,,,,,,,,,,,
13,2004-02-14,17,35,41,81,82,86,13,,,,0,,0,,19,75105.18,3504,407.24,120172,11.87,,,,,,,,,,,,,,
14,2004-02-18,12,20,55,79,81,82,2,,,,0,,0,,29,42456.00,2812,437.84,110645,11.12,,,,,,,,,,,,,,
15,2004-02-21,4,13,18,58,71,84,3,,,,0,,2,2042725.27,40,35680.71,3930,363.16,134984,10.57,,,,,,,,,,,,,,
16,2004-02-25,66,72,76,77,81,85,82,,,,0,,1,1231262.97,37,33277.38,3026,406.89,97870,12.58,,,,,,,,,,,,,,
17,2004-02-28,11,29,60,61,82,84,33,,,,0,,0,,21,68651.73,2448,588.92,102169,14.11,,,,,,,,,,,,,,
18,2004-03-03,12,23,52,69,75,85,43,,,,0,,1,2693855.35,25,50086.77,3500,357.76,121112,10.33,,,,,,,,,,,,,,
19,2004-03-06,8,19,25,49,50,54,40,,,,0,,1,1474316.92,85,17344.91,5306,277.85,161021,9.15,,,,,,,,,,,,,,
20,2004-03-10,30,52,55,65,71,80,39,,,,0,,0,,12,105964.01,2287,555.99,94037,13.52,,,,,,,,,,,,,,
21,2004-03-13,4,8,12,44,77,88,71,,,,0,,0,,170,8854.34,8075,186.40,209042,7.20,,,,,,,,,,,,,,
22,2004-03-17,5,17,53,56,61,83,86,,,,0,,0,,46,28277.20,3597,361.62,125859,10.33,,,,,,,,,,,,,,
23,2004-03-20,21,41,60,69,71,83,65,,,,0,,0,,27,56826.52,3428,447.58,130720,11.73,,,,,,,,,,,,,,
24,2004-03-24,24,50,58,69,87,88,3,,,45740866.23,1,45740866.23,0,,32,41605.67,2623,507.57,101871,13.06,,,,,,,,,,,,,,
25,2004-03-27,4,15,39,41,49,68,34,,,,0,,0,,24,55721.83,2778,481.39,107132,12.48,,,,,,,,,,,,,,
26,2004-03-31,32,40,45,47,56,71,64,,,,0,,1,9428163.23,28,40985.23,2724,421.28,98042,11.70,,,,,,,,,,,,,,
27,2004-04-03,6,7,13,35,56,87,48,,,,0,,0,,25,52775.15,3275,402.86,128494,10.26,,,,,,,,,,,,,,
28,2004-04-07,4,16,17,52,62,67,49,,,,0,,0,,12,94778.02,2097,542.36,92889,12.24,,,,,,,,,,,,,,
29,2004-04-10,3,9,41,69,74,79,89,,,,0,,0,,28,47625.24,3647,365.64,129730,10.27,,,,,,,,,,,,,,
30,2004-04-14,24,51,64,69,71,77,63,,,,0,,0,,21,52197.01,2300,476.58,91670,11.95,,,,,,,,,,,,,,
31,2004-04-17,3,14,50,59,82,84,2,,,,0,,0,,30,43884.63,2794,471.20,107850,12.20,,,,,,,,,,,,,,
32,2004-04-21,29,61,62,69,80,85,5,,,,0,,0,,19,58890.88,1803,620.59,72711,15.38,,,,,,,,,,,,,,
33,2004-04-24,7,19,27,51,63,86,62,,,,0,,0,,42,30632.79,4132,311.36,138253,9.30,,,,,,,,,,,,,,
34,2004-04-28,35,42,60,88,89,90,86,,,,0,,0,,18,61933.71,2726,408.95,100308,11.11,,,,,,,,,,,,,,
35,2004-05-03,2,7,24,56,82,85,62,,,,0,,0,,24,49754.90,3044,392.28,110385,10.81,,,,,,,,,,,,,,
36,2004-05-05,2,22,37,46,57,74,63,,,,0,,0,,17,63268.97,2560,420.14,91279,11.78,,,,,,,,,,,,,,
37,2004-05-08,3,34,62,63,72,73,15,,,,0,,0,,14,93108.52,2250,579.34,95585,13.63,,,,,,,,,,,,,,
38,2004-05-12,13,14,40,66,79,85,80,,,,0,,0,,21,53410.45,4359,257.31,84799,13.22,,,,,,,,,,,,,,
39,2004-05-15,14,46,49,60,77,86,33,,,,0,,0,,16,80183.67,2619,489.85,90394,14.19,,,,,,,,,,,,,,
40,2004-05-19,9,22,36,47,69,85,78,,,,0,,0,,18,61706.71,2409,461.07,95614,11.61,,,,,,,,,,,,,,
41,2004-05-22,14,33,35,46,50,66,44,,,,0,,1,18083277.25,6,211930.27,2172,585.44,88535,14.36,,,,,,,,,,,,,,
42,2004-05-26,26,65,73,76,81,90,13,,,,0,,0,,25,44302.97,2991,370.30,103463,10.70,,,,,,,,,,,,,,
43,2004-05-29,1,5,16,60,84,86,57,,,,0,,0,,23,55097.95,2797,453.07,112582,11.25,,,,,,,,,,,,,,
44,2004-06-03,13,16,42,61,63,81,10,,,,0,,0,,25,43647.70,2381,458.29,85981,12.69,,,,,,,,,,,,,,
45,2004-06-05,29,34,37,55,62,78,24,,,,0,,1,4691435.69,28,43764.88,2613,468.96,92690,13.22,,,,,,,,,,,,,,
46,2004-06-09,1,2,26,31,42,64,11,,,,0,,0,,13,83443.90,2304,470.82,90218,12.02,,,,,,,,,,,,,,
47,2004-06-12,38,44,46,55,67,85,29,,,27574453.25,1,27574453.25,0,,47,26171.49,2838,433.42,100684,12.21,,,,,,,,,,,,,,
48,2004-06-16,20,55,59,73,87,90,40,,,,0,,0,,23,44991.49,2348,440.71,88979,11.62,,,,,,,,,,,,,,
49,2004-06-19,4,8,11,36,55,83,49,,,,0,,2,2268684.72,48,24744.49,4064,292.25,143965,8.25,,,,,,,,,,,,,,
50,2004-06-23,11,15,58,66,74,79,3,,,,0,,0,,10,105101.70,1958,536.78,78055,13.46,,,,,,,,,,,,,,
51,2004-06-26,18,37,40,45,54,56,57,,,,0,,0,,33,36003.75,3068,387.26,112227,10.58,,,,,,,,,,,,,,
52,2004-06-30,10,22,34,43,62,68,40,,,5504317.28,1,5504317.28,0,,28,37237.06,2494,418.05,87413,11.92,,,,,,,,,,,,,,
53,2004-07-03,14,18,22,27,39,58,43,,,,0,,1,4460860.98,28,42110.11,3054,386.07,109531,10.76,,,,,,,,,,,,,,
54,2004-07-07,14,23,29,44,48,74,73,,,2216430.09,1,2216430.09,0,,22,47152.15,4967,208.84,92592,11.20,,,,,,,,,,,,,,
55,2004-07-10,13,30,47,66,74,81,70,,,,0,,1,2208079.96,20,58536.64,2688,435.54,98467,11.88,,,,,,,,,,,,,,
56,2004-07-14,8,18,26,36,41,52,90,,,,0,,0,,32,32694.88,2945,355.25,97907,10.68,,,,,,,,,,,,,,
57,2004-07-17,29,53,54,72,76,90,20,,,,0,,0,,25,46950.97,2573,456.18,100148,11.72,,,,,,,,,,,,,,
58,2004-07-21,8,13,31,42,58,88,46,,,,0,,1,3247137.52,41,25051.89,2810,365.52,100984,10.17,,,,,,,,,,,,,,
59,2004-07-24,5,17,18,27,33,47,80,,,,0,,0,,48,23872.99,4450,257.50,147155,7.78,,,,,,,,,,,,,,
60,2004-07-28,2,13,22,53,60,85,16,,,,0,,0,,27,38323.55,2300,449.88,86378,11.97,,,,,,,,,,,,,,
61,2004-07-31,17,29,63,66,70,89,82,,,,0,,0,,25,46249.68,2524,458.09,101137,11.43,,,,,,,,,,,,,,
62,2004-08-04,12,17,27,44,72,90,11,,,,0,,0,,44,23244.64,4212,242.82,134942,7.57,,,,,,,,,,,,,,
63,2004-08-07,8,29,38,53,77,80,27,,,,0,,0,,22,51592.59,2588,438.57,102392,11.08,,,,,,,,,,,,,,
64,2004-08-11,6,42,43,46,53,70,35,,,,0,,0,,26,38737.67,1899,530.37,79328,12.69,,,,,,,,,,,,,,
65,2004-08-14,29,40,52,59,71,84,60,,,,0,,0,,34,31830.16,2469,438.32,82445,13.12,,,,,,,,,,,,,,
66,2004-08-18,4,19,51,57,66,89,78,,,,0,,0,,24,41498.04,2497,398.85,91093,10.93,,,,,,,,,,,,,,
67,2004-08-21,32,42,55,74,78,88,71,,,,0,,0,,15,72159.97,2215,488.66,85201,12.70,,,,,,,,,,,,,,
68,2004-08-25,1,27,37,42,53,61,70,,,,0,,0,,16,64757.28,2046,506.41,84634,12.24,,,,,,,,,,,,,,
69,2004-08-28,18,35,50,57,67,72,16,,,,0,,0,,18,64325.42,2332,496.50,87702,13.20,,,,,,,,,,,,,,
70,2004-09-01,5,15,66,67,82,84,64,,,,0,,0,,14,77829.70,2009,542.36,83695,13.01,,,,,,,,,,,,,,
71,2004-09-04,35,37,41,43,51,88,2,,,,0,,0,,28,44188.32,2769,446.83,95846,12.90,,,,,,,,,,,,,,
72,2004-09-08,41,43,53,65,67,80,77,,,,0,,0,,20,55872.18,2169,515.18,83657,13.35,,,,,,,,,,,,,,
73,2004-09-11,16,20,43,77,78,84,42,,,,0,,0,,18,70809.11,2020,630.97,86168,14.79,,,,,,,,,,,,,,
74,2004-09-15,8,36,49,59,70,87,73,,,,0,,0,,17,66828.04,2158,526.44,83937,13.53,,,,,,,,,,,,,,
75,2004-09-18,2,21,24,27,42,68,63,,,,0,,0,,38,34746.75,3145,419.83,119966,11.00,,,,,,,,,,,,,,
76,2004-09-22,11,67,72,74,75,77,44,,,,0,,0,,21,55415.97,2570,452.81,94609,12.30,,,,,,,,,,,,,,
77,2004-09-25,2,49,56,76,86,89,10,,,,0,,1,21541315.89,30,44860.68,2715,495.69,105556,12.74,,,,,,,,,,,,,,
78,2004-09-29,2,11,22,25,60,78,74,,,,0,,0,,37,31449.88,3292,353.47,112423,10.35,,,,,,,,,,,,,,
79,2004-10-02,9,37,41,46,65,79,83,,,,0,,0,,36,37527.62,8196,164.83,112230,12.03,,,,,,,,,,,,,,
80,2004-10-06,3,11,19,28,52,87,72,,,,0,,1,3692274.00,46,25600.75,4822,244.22,150840,7.80,,,,,,,,,,,,,,
81,2004-10-09,7,32,44,47,65,79,48,,,,0,,0,,19,72207.27,2611,525.44,103402,13.26,,,,,,,,,,,,,,
82,2004-10-13,19,44,57,69,71,87,65,,,,0,,0,,20,62136.09,2935,423.41,108415,11.46,,,,,,,,,,,,,,
83,2004-10-16,12,14,27,35,73,88,66,,,,0,,2,2050370.97,42,35382.91,3880,383.01,143587,10.34,,,,,,,,,,,,,,
84,2004-10-20,13,33,47,48,70,85,7,,,,0,,0,,39,33562.63,3303,396.28,117091,11.17,,,,,,,,,,,,,,
85,2004-10-23,12,40,51,68,73,77,69,,,,0,,0,,44,35687.59,4171,376.46,146212,10.73,,,,,,,,,,,,,,
86,2004-10-27,10,14,17,56,65,84,25,,,37987704.10,1,37987704.10,0,,37,36656.91,3702,366.37,141769,9.56,,,,,,,,,,,,,,
87,2004-10-30,4,13,19,30,53,81,42,,,,0,,0,,37,35818.91,5008,264.63,159199,8.32,,,,,,,,,,,,,,
88,2004-11-03,24,35,39,60,72,75,20,,,,0,,0,,23,49279.56,1918,590.94,75694,14.97,,,,,,,,,,,,,,
89,2004-11-06,13,18,21,31,41,56,33,,,,0,,0,,27,50086.94,3062,441.65,123186,10.97,,,,,,,,,,,,,,
90,2004-11-10,15,51,63,79,83,90,64,,,,0,,0,,16,71493.71,2510,455.73,100010,11.43,,,,,,,,,,,,,,
91,2004-11-13,2,21,33,38,45,46,54,,,,0,,3,3507619.50,17,78375.36,2536,525.38,103486,12.87,,,,,,,,,,,,,,
92,2004-11-17,19,21,27,47,59,88,29,,,,0,,0,,27,42289.05,3055,373.74,110477,10.33,,,,,,,,,,,,,,
93,2004-11-20,29,30,38,54,66,78,80,,,,0,,0,,16,82239.82,2838,463.64,96568,13.62,,,,,,,,,,,,,,
94,2004-11-24,43,45,46,47,69,90,21,,,,0,,0,,16,70187.25,3475,323.16,103398,10.86,,,,,,,,,,,,,,
95,2004-11-27,27,35,54,61,83,89,57,,,,0,,1,4889041.23,27,48459.42,2733,478.74,101327,12.91,,,,,,,,,,,,,,
96,2004-12-01,3,41,64,65,74,90,80,,,,0,,0,,16,70417.36,2214,508.88,93707,12.02,,,,,,,,,,,,,,
97,2004-12-04,20,24,38,42,44,79,50,,,,0,,0,,22,60394.70,2299,577.93,98052,13.55,,,,,,,,,,,,,,
98,2004-12-09,6,8,15,18,33,75,87,,,,0,,1,3586161.79,28,40385.75,3370,335.54,121100,9.33,,,,,,,,,,,,,,
99,2004-12-11,8,41,60,70,73,85,55,,,,0,,1,1267943.70,29,43722.20,2293,552.96,94026,13.48,,,,,,,,,,,,,,
100,2004-12-15,3,4,15,21,61,67,55,,,,0,,0,,22,51378.44,3022,374.03,111945,10.09,,,,,,,,,,,,,,
101,2004-12-18,11,23,47,48,80,87,89,,,,0,,0,,22,60005.98,3477,379.67,125608,10.50,,,,,,,,,,,,,,
102,2004-12-22,14,15,54,77,80,82,55,,,,0,,0,,15,78951.02,2343,505.44,96928,12.21,,,,,,,,,,,,,,
103,2004-12-27,41,59,68,72,74,87,12,,,,0,,0,,18,67084.21,2405,502.08,88269,13.67,,,,,,,,,,,,,,
104,2004-12-29,2,24,49,56,76,78,44,,,,0,,0,,27,41468.06,2966,377.49,86687,12.91,,,,,,,,,,,,,,
1,2005-01-03,10,21,22,43,61,66,47,,,,0,,1,7151543.09,25,47586.72,2662,446.90,98854,12.03,,,,,,,,,,,,,,
2,2005-01-05,51,53,63,75,76,87,46,,,,0,,0,,22,49675.00,2165,504.78,81761,13.36,,,,,,,,,,,,,,
3,2005-01-08,11,25,63,72,76,87,59,,,,0,,0,,26,47504.69,2551,484.17,101971,12.11,,,,,,,,,,,,,,
4,2005-01-12,2,12,16,20,24,79,83,,,,0,,0,,69,16281.89,5242,214.31,140118,8.01,,,,,,,,,,,,,,
5,2005-01-15,14,31,34,78,89,90,55,,,,0,,0,,19,68261.15,2258,574.38,99142,13.08,,,,,,,,,,,,,,
6,2005-01-19,7,43,46,70,77,89,38,,,,0,,0,,22,51494.58,2540,446.01,93785,12.07,,,,,,,,,,,,,,
7,2005-01-22,15,45,62,63,80,82,44,,,,0,,0,,28,46908.70,2443,537.63,97746,13.43,,,,,,,,,,,,,,
8,2005-01-26,1,22,24,44,47,79,43,,,,0,,0,,13,87409.69,2825,402.23,100285,11.33,,,,,,,,,,,,,,
9,2005-01-29,1,16,18,43,47,78,59,,,,0,,0,,35,37280.68,3079,423.78,108499,12.02,,,,,,,,,,,,,,
10,2005-02-02,28,32,46,49,85,87,52,,,,0,,0,,11,105295.48,1895,611.21,76618,15.11,,,,,,,,,,,,,,
11,2005-02-05,45,60,67,69,70,87,34,,,,0,,1,12130773.73,19,70350.86,2546,525.00,100229,13.33,,,,,,,,,,,,,,
12,2005-02-09,23,35,36,51,59,80,53,,,,0,,0,,12,96273.41,1828,631.99,76871,15.02,,,,,,,,,,,,,,
13,2005-02-12,13,18,24,50,58,66,64,,,,0,,1,2507546.37,49,27597.26,3751,360.50,124950,10.82,,,,,,,,,,,,,,
14,2005-02-16,6,8,18,51,80,89,47,,,,0,,0,,30,39348.32,3186,370.51,116160,10.16,,,,,,,,,,,,,,
15,2005-02-19,22,26,32,38,42,86,85,,,,0,,0,,25,55172.02,3128,440.95,115859,11.90,,,,,,,,,,,,,,
16,2005-02-23,8,17,36,37,60,65,13,,,,0,,0,,30,40017.71,2619,458.39,100448,11.95,,,,,,,,,,,,,,
17,2005-02-26,4,23,28,60,64,65,35,,,,0,,0,,21,67661.94,2893,491.15,110963,12.80,,,,,,,,,,,,,,
18,2005-03-02,15,31,62,68,72,73,25,,,,0,,1,6425354.98,19,65482.81,2284,544.73,90432,13.75,,,,,,,,,,,,,,
19,2005-03-05,19,21,36,55,77,87,51,,,,0,,0,,39,37229.41,3508,413.89,135712,10.69,,,,,,,,,,,,,,
20,2005-03-09,26,31,50,71,85,87,18,,,,0,,0,,26,48488.90,2287,551.25,90858,13.87,,,,,,,,,,,,,,
21,2005-03-12,2,8,30,74,76,88,37,,,,0,,1,4191236.00,34,43487.59,4018,367.98,142316,10.38,,,,,,,,,,,,,,
22,2005-03-16,4,10,18,53,75,80,85,,,,0,,0,,36,35728.32,3810,337.59,131333,9.79,,,,,,,,,,,,,,
23,2005-03-19,12,33,40,52,53,85,22,,,,0,,1,2774112.11,26,57226.65,3338,445.74,132133,11.26,,,,,,,,,,,,,,
24,2005-03-23,11,32,36,52,63,66,26,,,,0,,0,,22,62148.67,2797,488.83,107749,12.68,,,,,,,,,,,,,,
25,2005-03-26,42,55,59,61,70,73,41,,,,0,,0,,24,66736.27,2999,534.06,118354,13.53,,,,,,,,,,,,,,
26,2005-03-30,6,55,61,65,78,89,13,,,,0,,0,,18,74510.45,2286,586.69,96582,13.88,,,,,,,,,,,,,,
27,2005-04-02,7,24,42,49,54,65,44,,,,0,,1,5931063.90,37,43809.06,3648,444.33,138407,11.71,,,,,,,,,,,,,,
28,2005-04-06,28,41,56,75,83,90,44,,,,0,,0,,30,46985.48,3229,436.53,118973,11.84,,,,,,,,,,,,,,
29,2005-04-09,29,30,61,65,73,81,58,,,,0,,0,,27,60381.04,2874,567.25,112651,14.47,,,,,,,,,,,,,,
30,2005-04-13,1,52,70,73,83,89,56,,,,0,,0,,20,71701.67,2559,560.38,104026,13.78,,,,,,,,,,,,,,
31,2005-04-16,5,13,20,32,38,59,7,,,,0,,2,3067629.37,46,36116.82,4594,361.63,163030,10.19,,,,,,,,,,,,,,
32,2005-04-20,19,47,56,57,70,71,11,,,,0,,0,,17,86550.91,3011,488.66,121391,12.12,,,,,,,,,,,,,,
33,2005-04-23,1,32,37,68,81,88,74,,,,0,,1,3174381.75,36,47306.01,3582,475.43,142833,11.92,,,,,,,,,,,,,,
34,2005-04-27,13,15,19,21,82,86,87,,,,0,,0,,35,43983.84,4111,374.46,140277,10.97,,,,,,,,,,,,,,
35,2005-04-30,16,31,53,63,70,81,7,,,,0,,1,3512275.62,31,63640.05,3689,534.79,145315,13.57,,,,,,,,,,,,,,
36,2005-05-04,1,29,49,53,56,74,67,,,71767565.57,1,71767565.57,0,,45,40078.14,4072,442.90,145265,12.41,,,,,,,,,,,,,,
37,2005-05-07,6,11,21,30,58,63,5,,,,0,,1,3167913.03,33,41345.37,3926,347.52,133540,10.21,,,,,,,,,,,,,,
38,2005-05-11,5,55,68,69,70,76,14,,,,0,,0,,16,74531.23,2058,579.44,90964,13.10,,,,,,,,,,,,,,
39,2005-05-14,6,16,44,45,89,90,82,,,,0,,0,,35,38898.78,3881,350.80,132903,10.24,,,,,,,,,,,,,,
40,2005-05-18,5,9,23,40,57,68,66,,,,0,,1,3733105.66,43,27422.07,9481,124.36,137179,8.59,,,,,,,,,,,,,,
41,2005-05-21,4,15,25,39,45,79,50,,,,0,,0,,27,48797.40,3370,390.95,122365,10.76,,,,,,,,,,,,,,
42,2005-05-25,17,19,35,39,40,51,72,,,,0,,0,,32,35943.88,2784,413.14,105409,10.91,,,,,,,,,,,,,,
43,2005-05-28,2,3,10,15,31,61,37,,,,0,,0,,62,20640.97,4990,256.46,154534,8.28,,,,,,,,,,,,,,
44,2005-06-01,3,7,11,35,69,85,19,,,,0,,0,,28,40442.88,3948,286.82,137184,8.25,,,,,,,,,,,,,,
45,2005-06-04,15,18,35,55,64,88,50,,,,0,,0,,39,31830.24,2851,435.41,109179,11.37,,,,,,,,,,,,,,
46,2005-06-08,6,8,28,29,32,73,59,,,12347190.02,1,12347190.02,0,,50,22568.68,3572,315.91,117356,9.61,,,,,,,,,,,,,,
47,2005-06-11,22,35,36,44,74,75,58,,,,0,,0,,24,52542.99,2174,580.05,86588,14.56,,,,,,,,,,,,,,
48,2005-06-15,6,57,58,66,76,80,72,,,,0,,0,,27,40651.84,1880,583.82,78646,13.95,,,,,,,,,,,,,,
49,2005-06-18,7,19,27,54,64,78,86,,,,0,,0,,46,26844.98,3896,316.95,138552,8.91,,,,,,,,,,,,,,
50,2005-06-21,10,13,45,51,65,88,43,,,,0,,0,,6,111756.89,1473,455.22,58840,11.39,,,,,,,,,,,,,,
51,2005-06-23,9,24,56,68,80,86,14,,,,0,,0,,28,28373.93,1794,442.84,67121,11.83,,,,,,,,,,,,,,
52,2005-06-25,4,8,38,60,82,89,88,,,6088193.66,1,6088193.66,0,,36,28602.29,2177,472.98,88163,11.67,,,,,,,,,,,,,,
53,2005-06-28,6,8,49,60,72,74,89,,,,0,,0,,9,79931.70,1347,534.06,57953,12.41,,,,,,,,,,,,,,
54,2005-06-30,6,27,42,49,82,86,69,,,,0,,0,,13,56836.36,1702,434.12,58873,12.55,,,,,,,,,,,,,,
55,2005-07-02,1,19,23,50,74,77,18,,,,0,,0,,31,32728.54,2947,344.27,105199,9.64,,,,,,,,,,,,,,
56,2005-07-05,33,39,49,57,76,80,53,,,,0,,0,,21,35211.55,1474,501.65,52988,13.95,,,,,,,,,,,,,,
57,2005-07-07,17,21,40,55,64,79,86,,,,0,,0,,19,39502.38,1675,448.08,61964,12.11,,,,,,,,,,,,,,
58,2005-07-09,2,13,18,51,52,55,64,,,,0,,0,,24,42319.08,2319,437.97,93367,10.87,,,,,,,,,,,,,,
59,2005-07-12,5,24,28,41,51,73,29,,,,0,,0,,10,74988.53,1612,465.18,65720,11.41,,,,,,,,,,,,,,
60,2005-07-14,8,14,41,55,83,85,7,,,,0,,0,,15,50137.77,1818,413.67,72542,10.36,,,,,,,,,,,,,,
61,2005-07-16,8,22,28,36,74,85,79,,,,0,,0,,22,45504.05,2257,443.54,89842,11.14,,,,,,,,,,,,,,
62,2005-07-19,2,15,39,57,62,73,75,,,,0,,0,,17,43755.98,1546,481.14,56530,13.15,,,,,,,,,,,,,,
63,2005-07-21,2,7,16,26,34,80,23,,,,0,,0,,36,20655.47,2184,340.47,74914,9.92,,,,,,,,,,,,,,
64,2005-07-23,41,48,66,81,86,87,50,,,,0,,0,,23,43157.51,1993,498.05,79149,12.54,,,,,,,,,,,,,,
65,2005-07-26,3,17,43,54,75,79,76,,,,0,,0,,9,82470.91,1730,429.03,64684,11.47,,,,,,,,,,,,,,
66,2005-07-28,8,18,25,38,41,43,4,,,,0,,0,,10,73503.34,1948,377.32,70163,10.47,,,,,,,,,,,,,,
67,2005-07-30,25,28,29,54,74,88,2,,,,0,,0,,18,53622.85,1937,498.30,81298,11.87,,,,,,,,,,,,,,
68,2005-08-02,24,34,64,66,68,72,65,,,,0,,0,,13,56963.90,1707,433.81,58041,12.75,,,,,,,,,,,,,,
69,2005-08-04,24,37,64,81,84,90,74,,,,0,,0,,14,53422.70,1830,408.69,72554,10.30,,,,,,,,,,,,,,
70,2005-08-06,1,4,22,24,38,46,61,,,,0,,1,28198576.98,10,96816.54,2277,425.19,91483,10.58,,,,,,,,,,,,,,
71,2005-08-09,3,8,13,28,50,61,38,,,,0,,0,,36,19975.38,2553,281.67,83117,8.65,,,,,,,,,,,,,,
72,2005-08-11,3,49,68,73,76,80,70,,,,0,,0,,11,65169.52,1439,498.16,56430,12.70,,,,,,,,,,,,,,
73,2005-08-13,7,8,33,39,48,84,23,,,,0,,0,,21,42264.68,2287,388.08,88155,10.06,,,,,,,,,,,,,,
74,2005-08-16,18,22,28,33,57,71,64,,,,0,,0,,11,59059.83,1368,474.89,54552,11.90,,,,,,,,,,,,,,
75,2005-08-18,3,15,49,65,70,72,63,,,,0,,0,,4,175513.22,1348,520.81,56961,12.32,,,,,,,,,,,,,,
76,2005-08-20,24,34,56,72,79,88,18,,,,0,,3,295033.89,19,46584.30,2682,330.01,70245,12.60,,,,,,,,,,,,,,
77,2005-08-23,7,22,33,48,86,87,39,,,,0,,1,742919.16,17,43701.13,1640,452.99,62923,11.80,,,,,,,,,,,,,,
78,2005-08-25,7,15,33,40,51,64,17,,,,0,,0,,18,40390.31,1727,420.97,62771,11.58,,,,,,,,,,,,,,
79,2005-08-27,11,14,17,35,43,70,54,,,,0,,0,,42,22312.43,2754,340.27,94941,9.87,,,,,,,,,,,,,,
80,2005-08-30,10,29,53,73,78,83,16,,,,0,,0,,23,32677.46,1844,407.58,66276,11.34,,,,,,,,,,,,,,
81,2005-09-01,9,12,20,55,69,81,64,,,,0,,0,,18,42049.30,3300,229.35,93301,8.11,,,,,,,,,,,,,,
82,2005-09-03,3,11,26,36,45,75,1,,,,0,,0,,24,41775.65,2907,344.89,99483,10.07,,,,,,,,,,,,,,
83,2005-09-06,13,22,31,54,55,87,29,,,,0,,0,,21,36948.52,1955,396.88,68279,11.36,,,,,,,,,,,,,,
84,2005-09-08,42,64,79,84,87,89,6,,,,0,,0,,8,96825.15,1522,508.93,56985,13.59,,,,,,,,,,,,,,
85,2005-09-10,20,48,57,65,71,90,39,,,,0,,0,,21,49282.48,2309,448.21,91444,11.31,,,,,,,,,,,,,,
86,2005-09-13,18,21,24,28,74,77,13,,,,0,,0,,31,24879.45,2066,373.31,73806,10.44,,,,,,,,,,,,,,
87,2005-09-15,19,36,44,46,51,89,9,,,,0,,1,787963.92,14,56283.14,1532,514.33,62640,12.57,,,,,,,,,,,,,,
88,2005-09-17,13,14,20,22,44,88,1,,,,0,,1,1067769.83,34,31405.00,2722,392.27,102300,10.43,,,,,,,,,,,,,,
89,2005-09-20,37,40,70,71,75,80,15,,,41563490.46,1,41563490.46,0,,11,73150.26,1732,464.58,66779,12.04,,,,,,,,,,,,,,
90,2005-09-22,18,28,34,46,66,82,90,,,,0,,0,,12,59783.91,1952,367.52,54669,13.12,,,,,,,,,,,,,,
91,2005-09-24,4,18,41,52,79,82,39,,,,0,,1,998873.08,17,58757.24,2127,469.61,81738,12.22,,,,,,,,,,,,,,
92,2005-09-27,12,33,49,58,69,75,55,,,,0,,0,,15,49563.56,1754,423.86,58891,12.62,,,,,,,,,,,,,,
93,2005-09-29,12,23,29,48,52,78,40,,,,0,,0,,14,52759.97,2033,363.32,70474,10.48,,,,,,,,,,,,,,
94,2005-10-01,44,56,63,71,79,90,88,,,,0,,0,,22,46253.85,2141,475.28,78289,12.99,,,,,,,,,,,,,,
95,2005-10-04,5,25,44,54,65,70,43,,,,0,,0,,23,32379.47,1916,388.68,68098,10.93,,,,,,,,,,,,,,
96,2005-10-06,5,11,13,55,66,71,25,,,,0,,1,744783.05,26,28645.51,2647,281.36,89502,8.32,,,,,,,,,,,,,,
97,2005-10-08,15,25,58,61,83,86,77,,,,0,,0,,18,56815.88,2029,504.03,76639,13.34,,,,,,,,,,,,,,
98,2005-10-11,10,25,35,83,87,90,5,,,,0,,0,,15,50024.53,1761,426.10,68863,10.89,,,,,,,,,,,,,,
99,2005-10-13,14,20,35,45,48,66,57,,,,0,,1,748949.89,8,93618.74,1588,471.63,60615,12.35,,,,,,,,,,,,,,
100,2005-10-15,13,27,46,68,79,83,32,,,,0,,0,,20,51429.67,2109,487.71,84700,12.14,,,,,,,,,,,,,,
101,2005-10-18,3,33,63,71,78,79,74,,,,0,,0,,18,41530.94,2350,318.10,57812,12.93,,,,,,,,,,,,,,
102,2005-10-20,7,48,53,59,70,76,63,,,,0,,0,,10,74172.16,1462,507.33,59427,12.48,,,,,,,,,,,,,,
103,2005-10-22,24,35,38,61,70,86,58,,,,0,,0,,17,60550.48,1763,583.86,71771,14.34,,,,,,,,,,,,,,
104,2005-10-25,17,39,48,55,57,85,15,,,,0,,0,,17,44063.43,2266,330.57,72287,10.36,,,,,,,,,,,,,,
105,2005-10-27,17,42,62,67,77,79,74,,,,0,,0,,10,74149.54,1500,494.33,60972,12.16,,,,,,,,,,,,,,
106,2005-10-29,3,6,21,24,37,48,13,,,,0,,0,,27,37926.77,3364,304.40,113638,9.01,,,,,,,,,,,,,,
107,2005-11-02,5,31,57,66,81,85,50,,,,0,,1,773880.23,11,70352.75,1572,492.29,66667,11.60,,,,,,,,,,,,,,
108,2005-11-03,9,13,17,47,63,81,77,,,,0,,1,640649.73,27,23727.77,2662,240.66,82320,7.78,,,,,,,,,,,,,,
109,2005-11-05,13,30,60,67,84,86,78,,,,0,,0,,19,55995.66,2327,457.20,82184,12.94,,,,,,,,,,,,,,
110,2005-11-08,1,13,14,25,72,86,4,,,,0,,0,,21,36663.65,1775,433.76,69525,11.07,,,,,,,,,,,,,,
111,2005-11-10,3,15,23,40,51,60,32,,,,0,,0,,13,59941.11,2224,350.37,72202,10.79,,,,,,,,,,,,,,
112,2005-11-12,11,16,54,56,57,82,41,,,,0,,0,,22,48952.79,2464,437.07,96383,11.17,,,,,,,,,,,,,,
113,2005-11-15,48,59,65,69,84,90,46,,,,0,,0,,25,31435.45,1895,414.71,67995,11.55,,,,,,,,,,,,,,
114,2005-11-17,20,26,30,39,40,55,73,,,,0,,0,,14,56262.11,1456,540.98,62801,12.54,,,,,,,,,,,,,,
115,2005-11-19,12,14,23,36,72,87,89,,,,0,,0,,29,37454.00,2514,432.04,100661,10.79,,,,,,,,,,,,,,
116,2005-11-22,4,16,31,54,70,87,27,,,,0,,0,,18,43644.40,1685,466.23,62626,12.54,,,,,,,,,,,,,,
117,2005-11-24,25,28,34,44,57,80,86,,,,0,,0,,15,52317.67,1518,516.97,60362,13.00,,,,,,,,,,,,,,
118,2005-11-26,23,30,32,41,48,64,78,,,,0,,0,,10,108052.85,2072,521.49,83473,12.94,,,,,,,,,,,,,,
119,2005-11-29,1,12,21,36,40,84,48,,,,0,,0,,12,67327.97,1913,422.33,73889,10.93,,,,,,,,,,,,,,
120,2005-12-01,22,30,43,56,69,78,66,,,,0,,0,,17,48418.48,4144,198.62,62537,13.16,,,,,,,,,,,,,,
121,2005-12-03,24,40,53,60,63,68,56,,,,0,,0,,8,144126.07,1852,622.57,81056,14.22,,,,,,,,,,,,,,
122,2005-12-06,18,38,43,57,73,88,67,,,,0,,0,,17,51678.13,2393,367.12,85589,10.26,,,,,,,,,,,,,,
123,2005-12-09,15,23,35,38,69,89,22,,,,0,,0,,12,75033.83,1932,466.04,74388,12.10,,,,,,,,,,,,,,
124,2005-12-10,20,27,28,46,64,85,68,,,,0,,0,,13,81287.22,1993,530.22,81301,12.99,,,,,,,,,,,,,,
125,2005-12-13,52,59,63,72,75,87,89,,,,0,,0,,21,43466.50,2108,433.01,68383,13.34,,,,,,,,,,,,,,
126,2005-12-15,6,26,42,51,60,79,47,,,,0,,0,,20,46905.03,1910,491.15,71392,13.14,,,,,,,,,,,,,,
127,2005-12-17,20,23,42,70,80,90,39,,,62524371.05,1,62524371.05,0,,37,34503.39,3841,332.36,114769,11.12,,,,,,,,,,,,,,
128,2005-12-20,1,17,31,39,49,71,7,,,,0,,0,,31,24995.65,2230,347.47,76820,10.08,,,,,,,,,,,,,,
129,2005-12-22,9,46,54,64,69,72,90,,,,0,,0,,10,78825.64,1878,419.73,71003,11.10,,,,,,,,,,,,,,
130,2005-12-24,26,47,49,66,86,88,44,,,,0,,0,,23,44605.14,2801,366.26,85080,12.05,,,,,,,,,,,,,,
131,2005-12-27,3,5,51,55,82,83,76,,,,0,,0,,20,37724.05,1969,383.17,73125,10.31,,,,,,,,,,,,,,
132,2005-12-29,3,4,17,20,23,54,43,,,,0,,1,819508.15,40,20487.71,3838,213.52,111644,7.34,,,,,,,,,,,,,,
133,2005-12-31,57,66,68,70,74,86,87,,,,0,,0,,28,38994.61,2768,394.45,90095,12.11,,,,,,,,,,,,,,
1,2006-01-03,13,14,22,24,46,81,70,,,,0,,0,,31,26557.05,1954,421.32,73458,11.20,,,,,,,,,,,,,,
2,2006-01-05,8,27,29,38,64,82,37,,,,0,,0,,12,71295.33,1953,438.06,76201,11.22,,,,,,,,,,,,,,
3,2006-01-07,43,45,80,81,83,86,77,,,,0,,2,491552.20,35,28088.70,2658,369.86,79685,12.33,,,,,,,,,,,,,,
4,2006-01-10,54,58,72,73,82,86,38,,,,0,,0,,31,25537.68,1829,432.84,63383,12.49,,,,,,,,,,,,,,
5,2006-01-12,26,30,38,55,69,75,11,,,,0,,0,,7,112981.12,1588,498.02,63144,12.52,,,,,,,,,,,,,,
6,2006-01-14,30,31,33,44,77,89,51,,,,0,,0,,21,51186.38,2143,501.59,83757,12.83,,,,,,,,,,,,,,
7,2006-01-17,26,27,31,69,78,85,67,,,,0,,0,,7,114431.58,1551,516.45,62635,12.78,,,,,,,,,,,,,,
8,2006-01-19,25,55,60,69,77,81,34,,,,0,,0,,23,34588.86,1952,407.55,68914,11.54,,,,,,,,,,,,,,
9,2006-01-21,7,37,44,45,53,68,57,,,,0,,0,,28,38648.22,2580,419.43,96403,11.22,,,,,,,,,,,,,,
10,2006-01-24,11,13,27,47,82,84,28,,,,0,,0,,22,35966.45,1984,398.82,78211,10.11,,,,,,,,,,,,,,
11,2006-01-26,9,47,59,73,79,88,18,,,,0,,0,,14,55273.69,1666,464.48,66259,11.67,,,,,,,,,,,,,,
12,2006-01-28,25,39,74,76,85,88,58,,,,0,,0,,18,58247.62,2010,521.62,81682,12.83,,,,,,,,,,,,,,
13,2006-01-31,34,38,53,60,72,88,18,,,,0,,1,801904.68,12,66825.39,1535,522.41,60076,13.34,,,,,,,,,,,,,,
14,2006-02-02,3,22,29,54,75,84,78,,,,0,,0,,14,57102.89,1974,404.98,70014,11.41,,,,,,,,,,,,,,
15,2006-02-04,13,22,43,50,70,76,14,,,,0,,0,,22,49559.25,2476,440.34,88284,12.34,,,,,,,,,,,,,,
16,2006-02-07,11,18,27,37,65,72,43,,,36598230.91,1,36598230.91,2,404903.81,34,23817.88,2600,311.46,84509,9.58,,,,,,,,,,,,,,
17,2006-02-09,7,33,38,51,53,67,57,,,,0,,0,,14,52800.68,1485,497.78,61618,11.99,,,,,,,,,,,,,,
18,2006-02-11,1,2,8,30,42,43,45,,,,0,,0,,30,31726.56,2782,342.12,102462,9.28,,,,,,,,,,,,,,
19,2006-02-14,8,44,47,60,66,77,83,,,,0,,0,,8,96331.20,1883,409.26,66644,11.56,,,,,,,,,,,,,,
20,2006-02-16,5,6,18,34,42,72,8,,,,0,,0,,11,68879.29,2128,356.04,74447,10.17,,,,,,,,,,,,,,
21,2006-02-18,34,40,42,64,77,88,48,,,,0,,0,,18,57668.66,2041,508.59,80928,12.82,,,,,,,,,,,,,,
22,2006-02-21,20,58,65,70,77,86,87,,,,0,,0,,12,63580.53,1479,515.86,55065,13.85,,,,,,,,,,,,,,
23,2006-02-23,17,26,70,76,82,90,72,,,,0,,2,376833.23,23,32768.11,1915,393.55,71521,10.53,,,,,,,,,,,,,,
24,2006-02-25,3,6,44,60,84,86,53,,,,0,,0,,10,103549.38,2062,502.17,87747,11.80,,,,,,,,,,,,,,
25,2006-02-28,3,21,63,81,87,89,4,,,,0,,0,,14,54718.51,2116,362.03,75804,10.10,,,,,,,,,,,,,,
26,2006-03-02,4,35,41,66,77,89,68,,,,0,,1,770144.31,11,70013.12,1712,449.85,61122,12.60,,,,,,,,,,,,,,
27,2006-03-04,17,27,29,31,44,46,51,,,,0,,1,1049747.64,37,28371.56,2499,420.06,90672,11.57,,,,,,,,,,,,,,
28,2006-03-07,1,7,22,72,79,82,75,,,,0,,0,,14,54852.11,2095,366.55,79008,9.71,,,,,,,,,,,,,,
29,2006-03-09,10,12,15,51,66,68,60,,,,0,,1,763061.67,22,34684.63,1940,393.33,72673,10.49,,,,,,,,,,,,,,
30,2006-03-11,26,28,55,61,62,85,81,,,,0,,0,,23,44916.90,2119,487.53,82358,12.54,,,,,,,,,,,,,,
31,2006-03-14,15,20,32,43,45,54,81,,,,0,,0,,14,54788.41,1572,487.93,61352,12.50,,,,,,,,,,,,,,
32,2006-03-16,8,10,15,42,48,51,25,,,,0,,0,,20,38252.34,2081,367.63,77178,9.91,,,,,,,,,,,,,,
33,2006-03-18,41,43,52,59,73,82,87,,,,0,,0,,18,58177.17,2210,473.84,82669,12.66,,,,,,,,,,,,,,
34,2006-03-21,7,8,10,29,40,52,14,,,,0,,1,770291.84,17,45311.29,2516,306.15,89331,8.62,,,,,,,,,,,,,,
35,2006-03-23,10,41,53,62,65,76,26,,,,0,,0,,13,59070.60,1268,605.61,54846,14.00,,,,,,,,,,,,,,
36,2006-03-25,16,20,29,31,38,45,25,,,,0,,0,,20,52038.56,2031,512.44,80194,12.97,,,,,,,,,,,,,,
37,2006-03-28,24,25,33,42,57,89,20,68,,,0,,0,,8,95486.89,1562,489.04,63248,12.07,,,0,,0,,92,1207.00,1394,100.00,9000,10.00,20922,5.00
38,2006-03-30,1,4,14,30,78,82,70,44,,,0,,0,,16,46679.54,2148,347.70,72416,10.31,,,0,,4,34770.00,122,1031.00,1838,100.00,11195,10.00,24744,5.00
39,2006-04-01,15,30,33,37,62,78,55,23,,,0,,1,1007414.02,11,91583.10,1521,662.33,66573,15.13,,,0,,5,66233.00,123,1513.00,2431,100.00,16245,10.00,38273,5.00
40,2006-04-04,13,25,45,70,78,88,89,55,,34912619.77,1,34912619.77,0,,28,26965.45,1919,393.45,66397,11.37,,,0,,2,39345.00,153,1137.00,2439,100.00,16852,10.00,36729,5.00
41,2006-04-06,13,19,60,61,83,90,10,6,,,0,,1,711899.95,13,54761.54,1888,377.06,69400,10.25,,,0,,4,37706.00,208,1025.00,2838,100.00,16268,10.00,34441,5.00
42,2006-04-08,16,33,60,61,62,63,77,51,,,0,,1,960946.48,18,53385.92,1929,498.15,62733,15.31,,,0,,5,49815.00,160,1531.00,2622,100.00,18927,10.00,49261,5.00
43,2006-04-11,16,19,44,60,76,89,79,49,,,0,,0,,7,101710.34,1341,530.92,54845,12.98,,,0,,3,53092.00,154,1298.00,2595,100.00,16838,10.00,38309,5.00
44,2006-04-13,27,35,41,46,49,86,24,40,,,0,,0,,11,65185.14,1480,484.48,53855,13.31,,,0,,4,48448.00,142,1331.00,2426,100.00,16985,10.00,39703,5.00
45,2006-04-15,10,11,13,37,81,84,3,63,,,0,,1,959769.70,22,43625.90,2436,393.99,95524,10.04,,,0,,7,39399.00,241,1004.00,4062,100.00,24348,10.00,48237,5.00
46,2006-04-18,1,4,12,14,66,78,55,75,,,0,,0,,32,20700.72,3359,197.20,84604,7.82,,,0,,11,19720.00,238,782.00,2864,100.00,16969,10.00,34947,5.00
47,2006-04-20,32,35,44,58,82,90,52,42,,,0,,0,,11,64707.65,1234,576.81,52176,13.64,,,0,,4,57681.00,175,1364.00,2670,100.00,17974,10.00,40700,5.00
48,2006-04-22,16,21,59,70,71,83,90,37,,,0,,0,,13,71091.03,1716,538.56,67684,13.65,,,0,,4,53856.00,200,1365.00,3016,100.00,21450,10.00,47966,5.00
49,2006-04-26,13,18,47,51,60,64,11,36,,,0,,0,,10,69012.31,1398,493.65,55293,12.48,,,0,,3,49365.00,165,1248.00,2822,100.00,17429,10.00,38096,5.00
50,2006-04-27,8,23,30,53,69,78,36,78,,,0,,0,,16,37234.27,1724,345.56,60100,9.91,,,0,,4,34556.00,144,991.00,2382,100.00,14959,10.00,31643,5.00
51,2006-04-29,12,22,53,54,60,77,28,7,,,0,,0,,15,61600.69,1902,485.80,78215,11.81,,,0,,4,48580.00,191,1181.00,3425,100.00,22027,10.00,47789,5.00
52,2006-05-02,22,42,52,55,62,74,61,74,,,0,,0,,12,54582.04,1719,381.02,53471,12.24,,,0,,6,38102.00,149,1224.00,2440,100.00,16337,10.00,36796,5.00
53,2006-05-04,11,18,37,52,62,77,59,19,,,0,,0,,16,43276.02,1520,455.53,56462,12.26,,,0,,4,45553.00,167,1226.00,2888,100.00,17534,10.00,37965,5.00
54,2006-05-06,19,22,46,49,72,85,14,10,,,0,,0,,27,34257.33,2143,431.61,79208,11.67,,,0,,1,43161.00,226,1167.00,3265,100.00,21599,10.00,46927,5.00
55,2006-05-09,16,23,40,62,79,88,42,89,,,0,,0,,14,49811.61,1389,502.06,51013,13.67,,,0,,6,50206.00,139,1367.00,2533,100.00,17361,10.00,40174,5.00
56,2006-05-11,14,19,20,26,79,82,47,59,,,0,,0,,16,43239.28,1570,440.65,61886,11.17,,,0,,4,44065.00,153,1117.00,2890,100.00,18105,10.00,38517,5.00
57,2006-05-13,11,31,38,50,59,62,7,56,,,0,,0,,10,91115.38,1728,527.28,64676,14.08,,,0,,4,52728.00,174,1408.00,3053,100.00,21528,10.00,49410,5.00
58,2006-05-16,1,4,32,35,36,87,7,20,,,0,,0,,8,85038.92,1145,594.15,49760,13.67,,,0,,1,59415.00,133,1367.00,2553,100.00,17267,10.00,37236,5.00
59,2006-05-18,1,63,67,71,75,79,28,78,,,0,,0,,16,41911.49,1277,525.12,46309,14.48,,,0,,8,52512.00,135,1448.00,2333,100.00,16489,10.00,36127,5.00
60,2006-05-20,5,32,39,50,59,77,71,18,,,0,,1,891694.55,16,55730.91,1868,477.35,67736,13.16,,,0,,11,47735.00,280,1316.00,3137,100.00,21602,10.00,48401,5.00
61,2006-05-23,30,36,39,68,71,80,38,78,,,0,,0,,15,44478.74,1313,508.13,48845,13.65,,,0,,3,50813.00,151,1365.00,2197,100.00,15386,10.00,36188,5.00
62,2006-05-25,19,22,44,61,66,75,77,58,,,0,,0,,14,47404.49,1679,395.27,61041,10.87,,,0,,2,39527.00,185,1087.00,2521,100.00,15893,10.00,35287,5.00
63,2006-05-27,5,11,33,51,82,85,19,1,,,0,,0,,22,39844.47,2321,377.67,81521,10.75,,,0,,2,37767.00,244,1075.00,3293,100.00,21152,10.00,44083,5.00
64,2006-05-30,1,16,25,33,54,71,11,29,,,0,,0,,18,37073.90,1565,426.40,58273,11.45,,,0,,2,42640.00,163,1145.00,2460,100.00,16383,10.00,34804,5.00
65,2006-06-01,18,33,51,66,87,90,5,16,,34435203.35,1,34435203.35,0,,20,34230.94,1656,413.41,59281,11.54,,,0,,4,41341.00,161,1154.00,2669,100.00,17057,10.00,37079,5.00
66,2006-06-03,20,68,70,71,72,81,90,41,,,0,,0,,15,54310.84,2015,404.29,63113,12.90,,,0,,8,40429.00,155,1290.00,2814,100.00,19333,10.00,41535,5.00
67,2006-06-06,29,31,41,44,64,73,1,46,,,0,,0,,16,41173.34,1376,478.75,50312,13.09,,,0,,3,47875.00,174,1309.00,2530,100.00,15585,10.00,36970,5.00
68,2006-06-08,5,42,51,66,69,74,22,34,,,0,,0,,13,49806.45,1357,477.14,53190,12.17,,,0,,2,47714.00,135,1217.00,2346,100.00,15726,10.00,33899,5.00
69,2006-06-10,9,10,63,73,79,90,2,62,,,0,,0,,10,84552.84,1994,424.03,82692,10.22,,,0,,4,42403.00,213,1022.00,3623,100.00,21132,10.00,43182,5.00
70,2006-06-13,10,13,21,31,48,72,79,9,,,0,,0,,15,42698.51,1801,355.62,64750,9.89,,,0,,0,,183,989.00,2744,100.00,17211,10.00,35213,5.00
71,2006-06-15,6,27,39,43,62,84,67,12,,,0,,0,,23,27295.98,1374,456.91,51800,12.11,,,1,682399.50,13,45691.00,214,1211.00,2367,100.00,16111,10.00,33516,5.00
72,2006-06-17,2,8,43,48,60,67,74,79,,,0,,1,826770.68,13,63597.75,1693,488.34,69881,11.83,,,0,,6,48834.00,190,1183.00,3161,100.00,20692,10.00,43900,5.00
73,2006-06-20,22,26,51,63,64,73,17,37,,,0,,1,619711.25,17,36453.61,1211,511.73,46852,13.22,,,1,911340.25,2,51173.00,140,1322.00,2101,100.00,14304,10.00,32999,5.00
74,2006-06-22,8,22,36,48,53,55,29,89,,,0,,0,,16,37499.92,1662,361.01,60751,9.87,,,0,,3,36101.00,188,987.00,2362,100.00,15258,10.00,32216,5.00
75,2006-06-24,5,11,24,26,49,68,13,54,,,0,,0,,24,32557.97,2559,305.35,85142,9.17,,,0,,7,30535.00,252,917.00,3074,100.00,18674,10.00,36837,5.00
76,2006-06-27,11,29,56,62,68,76,33,33,,,0,,0,,9,66588.97,1126,532.23,47580,12.59,,,0,,1,53223.00,114,1259.00,2021,100.00,13810,10.00,30951,5.00
77,2006-06-29,27,28,56,67,75,86,79,70,,,0,,0,,5,118266.11,1247,474.20,47352,12.48,,,0,,2,47420.00,137,1248.00,2188,100.00,14110,10.00,31690,5.00
78,2006-07-01,5,11,40,45,58,75,66,12,,,0,,0,,20,38636.79,1805,428.10,71916,10.74,,,0,,1,42810.00,175,1074.00,2719,100.00,17233,10.00,37310,5.00
79,2006-07-04,20,45,59,75,84,90,85,20,,,0,,0,,14,43916.94,1332,461.58,51091,12.03,,,0,,5,46158.00,130,1203.00,2138,100.00,13703,10.00,31534,5.00
80,2006-07-06,21,22,34,55,56,74,63,43,,,0,,0,,12,49833.30,1138,525.48,46973,12.73,,,0,,2,52548.00,117,1273.00,2093,100.00,13366,10.00,29749,5.00
81,2006-07-08,4,49,54,73,79,83,29,8,,,0,,0,,13,60809.35,1730,456.94,64303,12.29,,,0,,9,45694.00,210,1229.00,2724,100.00,17545,10.00,39842,5.00
82,2006-07-11,2,12,19,25,31,76,49,14,,,0,,0,,25,24001.64,2468,243.12,75211,7.97,,,0,,5,24312.00,182,797.00,2532,100.00,14748,10.00,31610,5.00
83,2006-07-13,15,46,47,67,73,90,51,32,,,0,,0,,12,49589.21,1334,446.07,52383,11.35,,,0,,7,44607.00,168,1135.00,2129,100.00,13685,10.00,30448,5.00
84,2006-07-15,16,21,27,43,56,64,19,78,,,0,,0,,22,35045.20,1564,492.96,61631,12.50,,,0,,5,49296.00,152,1250.00,2536,100.00,16549,10.00,37855,5.00
85,2006-07-18,3,27,30,38,43,60,50,13,,,0,,0,,7,86610.02,1453,417.25,53735,11.28,,,0,,2,41725.00,136,1128.00,2353,100.00,14594,10.00,31769,5.00
86,2006-07-20,22,36,65,72,82,86,27,15,,,0,,0,,14,42723.62,1354,441.75,50067,11.94,,,0,,1,44175.00,126,1194.00,2021,100.00,13151,10.00,30200,5.00
87,2006-07-22,12,37,46,54,58,79,90,40,,,0,,0,,24,31876.63,1787,428.11,61779,12.38,,,0,,6,42811.00,187,1238.00,2546,100.00,17767,10.00,39110,5.00
88,2006-07-25,5,35,49,52,65,89,15,55,,,0,,0,,7,86153.75,1180,511.08,47230,12.76,,,0,,3,51108.00,121,1276.00,2145,100.00,13797,10.00,30975,5.00
89,2006-07-27,26,34,68,82,83,87,42,71,,,0,,0,,5,118889.69,964,616.64,44919,13.23,,,0,,2,61664.00,155,1323.00,1985,100.00,14056,10.00,32861,5.00
90,2006-07-29,18,24,46,47,69,70,82,41,,,0,,0,,19,40668.12,1646,469.43,64238,12.02,,,0,,2,46943.00,169,1202.00,2449,100.00,16634,10.00,35922,5.00
91,2006-08-01,31,37,45,52,74,83,70,19,,,0,,0,,18,33984.48,1220,501.41,47308,12.93,,,1,849612.00,3,50141.00,120,1293.00,1904,100.00,12842,10.00,30703,5.00
92,2006-08-03,21,22,25,53,76,85,7,77,,,0,,0,,5,122458.55,1192,513.66,49821,12.28,,,0,,1,51366.00,129,1228.00,2050,100.00,14085,10.00,30713,5.00
93,2006-08-05,5,11,21,49,54,84,66,69,,,0,,0,,28,27903.73,2617,298.54,84739,9.22,,,0,,4,29854.00,198,922.00,3065,100.00,18089,10.00,40131,5.00
94,2006-08-08,3,4,5,47,55,80,73,71,,,0,,1,614050.25,22,27911.38,2201,278.98,77395,7.93,,,0,,11,27898.00,176,793.00,2497,100.00,14642,10.00,28783,5.00
95,2006-08-10,6,9,42,48,81,87,63,84,,,0,,1,610638.33,14,43617.03,1594,383.08,58760,10.39,,,0,,3,38308.00,130,1039.00,2119,100.00,14362,10.00,30626,5.00
96,2006-08-12,45,49,63,67,82,90,72,56,,,0,,0,,5,151504.31,1537,492.85,60032,12.61,,,0,,2,49285.00,149,1261.00,2328,100.00,15477,10.00,35196,5.00
97,2006-08-16,8,25,28,57,71,72,83,66,,,0,,0,,18,33007.87,1618,367.20,56184,10.57,,,0,,5,36720.00,146,1057.00,2402,100.00,14106,10.00,29291,5.00
98,2006-08-17,4,25,30,40,41,62,38,55,,,0,,0,,8,64781.14,884,586.25,38523,13.45,,,0,,3,58625.00,119,1345.00,1713,100.00,11683,10.00,25650,5.00
99,2006-08-19,6,59,77,81,82,88,61,74,,,0,,0,,12,61270.66,1917,383.54,69829,10.52,,,0,,14,38354.00,157,1052.00,2543,100.00,16011,10.00,36402,5.00
100,2006-08-22,3,8,16,64,72,73,22,61,,,0,,0,,24,26292.47,1959,322.11,67936,9.28,,,0,,4,32211.00,178,928.00,2440,100.00,14397,10.00,28937,5.00
101,2006-08-24,3,27,29,46,47,61,15,24,,,0,,0,,17,37310.22,1371,462.63,53334,11.89,,,0,,5,46263.00,122,1189.00,2098,100.00,14275,10.00,30747,5.00
102,2006-08-26,3,9,14,55,62,83,79,45,,,0,,0,,21,38398.93,2155,374.18,78176,10.31,,,0,,7,37418.00,188,1031.00,2768,100.00,18135,10.00,38232,5.00
103,2006-08-29,46,49,50,57,68,69,14,90,,,0,,0,,18,37976.24,1121,609.78,47396,14.42,,,0,,1,60978.00,120,1442.00,2168,100.00,14693,10.00,35924,5.00
104,2006-08-31,2,11,17,33,79,87,7,79,,,0,,1,686854.71,17,40403.22,1941,353.86,73343,9.36,,,0,,7,35386.00,178,936.00,2810,100.00,16493,10.00,35908,5.00
105,2006-09-02,26,33,35,45,54,61,10,61,,,0,,0,,19,47287.72,1846,486.70,70751,12.69,,,0,,4,48670.00,173,1269.00,2836,100.00,18635,10.00,42712,5.00
106,2006-09-05,16,21,51,64,65,89,63,42,,,0,,0,,6,120255.27,1131,637.95,51387,14.04,,,0,,0,,122,1404.00,2210,100.00,16123,10.00,36103,5.00
107,2006-09-07,1,3,29,63,72,85,55,49,,,0,,0,,6,119629.73,1699,422.47,67382,10.65,,,0,,0,,172,1065.00,2658,100.00,15597,10.00,33200,5.00
108,2006-09-09,7,10,24,31,81,84,4,74,,,0,,3,309812.20,25,37177.47,2902,320.27,96403,9.64,,,0,,8,32027.00,259,964.00,3318,100.00,20542,10.00,41486,5.00
109,2006-09-12,8,22,36,43,76,77,23,88,,,0,,0,,14,53337.81,1816,411.19,67457,11.06,,,0,,3,41119.00,176,1106.00,2676,100.00,17114,10.00,37044,5.00
110,2006-09-14,10,22,27,34,56,85,16,29,,,0,,0,,12,62377.39,1790,418.17,66750,11.21,,,0,,7,41817.00,192,1121.00,2470,100.00,16830,10.00,35210,5.00
111,2006-09-16,14,34,35,37,41,61,31,46,,,0,,0,,16,59554.28,1728,551.42,68271,13.95,,,0,,3,55142.00,179,1395.00,2780,100.00,19521,10.00,46860,5.00
112,2006-09-19,4,6,8,14,21,28,56,7,,61042310.24,1,61042310.24,2,394879.64,100,7897.60,5770,136.87,130568,6.04,,,0,,14,13687.00,313,604.00,3742,100.00,19518,10.00,37852,5.00
113,2006-09-21,2,8,27,30,35,87,21,29,,,0,,0,,24,25399.48,1595,382.18,59850,10.18,,,0,,2,38218.00,160,1018.00,2193,100.00,13508,10.00,29167,5.00
114,2006-09-23,8,23,39,52,75,81,65,86,,,0,,0,,22,37341.85,1921,427.65,72236,11.37,,,0,,5,42765.00,137,1137.00,2834,100.00,18520,10.00,37444,5.00
115,2006-09-26,6,9,10,20,60,83,81,16,,,0,,0,,49,12976.46,3962,160.48,97765,6.50,,,0,,15,16048.00,297,650.00,2728,100.00,14294,10.00,28735,5.00
116,2006-09-28,52,58,61,62,65,69,53,66,,,0,,1,630421.99,25,25216.88,1342,469.76,43177,14.60,,,0,,1,46976.00,107,1460.00,1840,100.00,13186,10.00,32013,5.00
117,2006-09-30,3,47,63,66,67,69,56,90,,,0,,0,,8,104729.30,1976,424.00,72683,11.52,,,0,,4,42400.00,166,1152.00,2756,100.00,18530,10.00,39619,5.00
118,2006-10-03,14,24,33,41,53,82,47,35,,,0,,0,,16,40567.78,1460,444.57,52880,12.27,,,0,,3,44457.00,120,1227.00,1994,100.00,13722,10.00,31856,5.00
119,2006-10-05,4,40,60,71,72,90,21,53,,,0,,0,,11,58409.84,1670,384.73,61448,10.45,,,0,,6,38473.00,149,1045.00,2396,100.00,14471,10.00,30530,5.00
120,2006-10-07,15,29,30,68,79,85,26,6,,,0,,0,,15,57090.13,1468,583.34,65349,13.10,,,0,,3,58334.00,169,1310.00,2581,100.00,18009,10.00,40318,5.00
121,2006-10-10,6,13,34,52,63,83,16,10,,,0,,0,,9,71983.55,1433,452.09,52522,12.33,,,0,,6,45209.00,164,1233.00,2207,100.00,14515,10.00,31989,5.00
122,2006-10-12,12,46,52,55,65,90,32,28,,,0,,0,,5,129549.38,1590,407.38,57878,11.19,,,0,,3,40738.00,144,1119.00,2316,100.00,15273,10.00,30969,5.00
123,2006-10-14,12,37,38,42,79,82,60,12,,,0,,0,,14,61613.32,1913,450.90,68938,12.51,,,0,,3,45090.00,161,1251.00,2642,100.00,17588,10.00,39418,5.00
124,2006-10-17,4,18,24,49,66,81,70,80,,,0,,0,,18,36212.01,1819,358.33,62404,10.44,,,0,,6,35833.00,195,1044.00,2424,100.00,14799,10.00,30431,5.00
125,2006-10-19,34,36,44,50,71,80,85,83,,,0,,0,,15,42857.08,1103,582.82,46367,13.86,,,0,,1,58282.00,201,1386.00,2174,100.00,13693,10.00,31721,5.00
126,2006-10-21,4,5,21,26,42,79,84,28,,,0,,1,860093.57,23,37395.38,2347,366.46,86316,9.96,,,0,,10,36646.00,216,996.00,3030,100.00,19295,10.00,39397,5.00
127,2006-10-24,4,25,43,45,71,90,52,85,,,0,,0,,14,46755.68,1702,384.59,64882,10.08,,,0,,8,38459.00,177,1008.00,2410,100.00,15067,10.00,31246,5.00
128,2006-10-26,42,44,45,47,72,79,15,79,,,0,,0,,11,58494.13,1895,339.54,53932,11.93,,,0,,7,33954.00,152,1193.00,2062,100.00,13500,10.00,32994,5.00
129,2006-10-28,15,29,50,57,79,88,84,61,,,0,,0,,17,50758.39,1772,486.95,72437,11.91,,,0,,4,48695.00,195,1191.00,2881,100.00,17790,10.00,41710,5.00
130,2006-10-31,8,19,27,43,51,79,22,15,,,0,,2,336318.23,32,21019.89,2280,295.01,70247,9.57,,,0,,9,29501.00,177,957.00,2649,100.00,15738,10.00,31802,5.00
131,2006-11-02,2,4,5,9,22,75,79,31,,24115679.05,1,24115679.05,1,619532.09,84,7375.39,5114,121.14,119619,5.17,,,0,,12,12114.00,289,517.00,2755,100.00,14421,10.00,27990,5.00
132,2006-11-04,14,37,48,50,65,66,87,18,,,0,,1,822109.76,9,91345.53,1313,626.13,58435,14.06,,,0,,4,62613.00,168,1406.00,2571,100.00,17894,10.00,41573,5.00
133,2006-11-07,10,27,42,72,75,87,44,49,,,0,,1,632548.13,23,27502.10,3517,179.85,56924,11.11,,,0,,13,17985.00,124,1111.00,2106,100.00,14151,10.00,31206,5.00
134,2006-11-09,5,6,28,61,77,87,71,16,,,0,,0,,11,57586.18,1387,456.70,56019,11.30,,,0,,1,45670.00,118,1130.00,2309,100.00,14808,10.00,31407,5.00
135,2006-11-11,22,36,40,44,46,76,30,69,,,0,,1,848837.68,11,77167.07,1792,473.68,65633,12.93,,,0,,6,47368.00,194,1293.00,2715,100.00,18196,10.00,43144,5.00
136,2006-11-14,8,12,14,66,76,88,45,69,,,0,,0,,24,27027.18,2062,314.57,72713,8.92,,,0,,5,31457.00,186,892.00,2739,100.00,16292,10.00,32742,5.00
137,2006-11-16,36,42,46,51,72,84,65,62,,,0,,0,,12,53737.64,1440,447.81,49363,13.06,,,0,,2,44781.00,162,1306.00,2001,100.00,13938,10.00,35554,5.00
138,2006-11-18,36,55,59,81,82,89,20,6,,,0,,1,861176.52,12,71764.71,1720,500.68,66039,13.04,,,0,,6,50068.00,183,1304.00,2595,100.00,18646,10.00,44663,5.00
139,2006-11-21,2,3,35,41,48,88,5,1,,,0,,0,,10,64681.75,1293,500.24,56042,11.54,,,0,,3,50024.00,151,1154.00,2583,100.00,16341,10.00,33653,5.00
140,2006-11-23,23,29,42,44,59,82,38,17,,,0,,0,,7,91730.91,1287,498.92,51561,12.45,,,0,,2,49892.00,126,1245.00,2303,100.00,14820,10.00,31784,5.00
141,2006-11-25,1,2,4,44,75,80,33,30,,,0,,0,,20,43214.35,2522,342.69,101382,8.52,,,0,,8,34269.00,275,852.00,3249,100.00,19879,10.00,41467,5.00
142,2006-11-28,50,51,57,59,64,74,28,14,,,0,,0,,14,46566.92,1232,529.16,41778,15.60,,,0,,3,52916.00,108,1560.00,1922,100.00,13801,10.00,35029,5.00
143,2006-11-30,1,31,51,73,77,88,89,53,,,0,,0,,21,30848.68,1335,485.26,53255,12.16,,,0,,1,48526.00,148,1216.00,2131,100.00,14492,10.00,32760,5.00
144,2006-12-02,25,45,63,71,74,88,90,4,,,0,,0,,30,29013.23,2036,427.50,72999,11.92,,,0,,6,42750.00,143,1192.00,2925,100.00,18796,10.00,43526,5.00
145,2006-12-05,3,12,22,65,77,84,4,27,,,0,,0,,16,41237.37,1999,330.06,69071,9.55,,,0,,4,33006.00,168,955.00,2682,100.00,16318,10.00,33354,5.00
146,2006-12-07,4,19,31,51,56,57,24,81,,,0,,0,,14,47615.02,1476,451.63,58684,11.35,,,0,,4,45163.00,147,1135.00,2509,100.00,16197,10.00,34649,5.00
147,2006-12-09,21,23,28,48,49,54,65,7,,,0,,0,,19,43055.69,1961,417.16,73535,11.12,,,0,,11,41716.00,215,1112.00,2969,100.00,18272,10.00,40936,5.00
148,2006-12-12,7,17,44,63,64,88,8,56,,,0,,0,,14,47712.87,1904,350.82,67718,9.86,,,0,,4,35082.00,180,986.00,2752,100.00,17105,10.00,35620,5.00
149,2006-12-14,1,31,48,75,78,81,28,59,,,0,,0,,9,73287.74,1357,486.06,51318,12.85,,,0,,3,48606.00,130,1285.00,2271,100.00,15109,10.00,34566,5.00
150,2006-12-16,14,28,40,52,54,83,25,61,,,0,,0,,17,51236.28,1843,472.60,70118,12.42,,,0,,9,47260.00,218,1242.00,2889,100.00,19236,10.00,43441,5.00
151,2006-12-19,10,19,32,44,56,76,15,50,,,0,,0,,14,48290.73,1540,439.00,60713,11.13,,,0,,5,43900.00,187,1113.00,2863,100.00,17326,10.00,36238,5.00
152,2006-12-21,2,10,30,43,56,83,64,47,,,0,,2,336152.39,25,26892.20,1693,397.10,62100,10.82,,,0,,6,39710.00,188,1082.00,2650,100.00,17121,10.00,36275,5.00
153,2006-12-23,8,13,16,17,49,68,15,13,,,0,,0,,27,33683.95,2766,328.80,102635,8.86,,,0,,3,32880.00,297,886.00,3735,100.00,21519,10.00,45102,5.00
154,2006-12-27,3,11,28,29,68,88,39,90,,,0,,1,615863.94,19,32413.90,2257,272.86,74466,8.27,,,0,,3,27286.00,178,827.00,2707,100.00,15318,10.00,30612,5.00
155,2006-12-28,15,43,45,66,74,87,86,70,,,0,,0,,8,75969.65,1322,459.72,48796,12.45,,,0,,11,45972.00,164,1245.00,2136,100.00,13544,10.00,32574,5.00
156,2006-12-30,2,20,32,51,53,83,47,43,,,0,,0,,15,62481.51,1762,531.90,70123,13.36,,,0,,7,53190.00,174,1336.00,3450,100.00,22099,10.00,50913,5.00
1,2007-01-02,42,47,55,57,61,79,72,65,,,0,,0,,8,82254.66,1204,546.54,47023,13.99,,,0,,4,54654.00,142,1399.00,2164,100.00,14941,10.00,35266,5.00
2,2007-01-04,21,40,76,77,83,84,73,90,,,0,,0,,7,101201.61,1161,610.17,47413,14.94,,,0,,2,61017.00,133,1494.00,2220,100.00,16195,10.00,38695,5.00
3,2007-01-08,3,45,49,53,58,77,48,46,,,0,,0,,10,80207.57,1670,480.28,66487,12.06,,,0,,10,48028.00,181,1206.00,3125,100.00,20373,10.00,44671,5.00
4,2007-01-09,16,39,65,67,83,86,64,10,,,0,,0,,6,100723.35,1312,460.62,49244,12.27,,,0,,10,46062.00,147,1227.00,1954,100.00,13617,10.00,32464,5.00
5,2007-01-11,6,27,59,71,85,90,72,70,,,0,,0,,22,31268.67,1816,378.80,68372,10.06,,,0,,4,37880.00,175,1006.00,2986,100.00,17304,10.00,35356,5.00
6,2007-01-13,11,49,53,65,77,89,33,2,,,0,,0,,98,9233.66,2149,421.07,77422,11.68,,,0,,1,42107.00,207,1168.00,3373,100.00,21010,10.00,46076,5.00
7,2007-01-16,1,11,24,33,36,80,15,3,,,0,,0,,14,50705.15,1900,373.61,70338,10.09,,,0,,4,37361.00,198,1009.00,2984,100.00,18153,10.00,38815,5.00
8,2007-01-18,7,39,45,47,55,80,3,78,,,0,,1,709505.01,22,32250.23,1536,461.91,60649,11.69,,,0,,1,46191.00,152,1169.00,2616,100.00,17122,10.00,36391,5.00
9,2007-01-20,18,47,55,64,74,89,23,17,,43692245.46,1,43692245.46,0,,37,25162.57,2006,464.11,76369,12.19,,,0,,13,46411.00,222,1219.00,3411,100.00,22324,10.00,50337,5.00
10,2007-01-23,8,10,20,40,80,85,32,66,,,0,,0,,30,21294.81,3120,204.75,78174,8.17,,,0,,7,20475.00,192,817.00,2698,100.00,15804,10.00,34000,5.00
11,2007-01-25,4,6,26,28,53,64,42,90,,,0,,1,642496.61,14,45892.62,1821,352.82,67623,9.50,,,1,1147315.50,6,35282.00,224,950.00,2749,100.00,16592,10.00,35779,5.00
12,2007-01-27,10,33,34,44,70,79,80,48,,,0,,0,,11,77617.52,1766,483.46,65875,12.96,,,0,,1,48346.00,167,1296.00,2955,100.00,20298,10.00,44649,5.00
13,2007-01-30,1,23,38,50,60,77,39,57,,,0,,0,,11,59685.91,1612,407.28,57037,11.51,,,0,,2,40728.00,189,1151.00,2586,100.00,16153,10.00,35623,5.00
14,2007-02-01,1,20,21,27,44,75,36,22,,,0,,0,,21,31317.99,1562,421.04,62435,10.53,,,0,,7,42104.00,173,1053.00,2791,100.00,16846,10.00,35447,5.00
15,2007-02-03,3,12,32,43,51,58,13,44,,,0,,0,,16,54576.56,1944,449.18,76339,11.43,,,1,1364414.00,10,44918.00,253,1143.00,3393,100.00,21364,10.00,46062,5.00
16,2007-02-06,21,35,39,54,62,85,71,52,,,0,,0,,14,47120.96,1088,606.33,45631,14.45,,,0,,3,60633.00,123,1445.00,2287,100.00,15740,10.00,38134,5.00
17,2007-02-08,3,9,33,61,65,85,11,83,,,0,,0,,13,50749.17,1659,397.67,61401,10.74,,,0,,6,39767.00,171,1074.00,2880,100.00,16740,10.00,35656,5.00
18,2007-02-10,11,30,55,76,77,90,57,52,,,0,,0,,41,21330.69,2856,306.21,96833,9.03,,,0,,10,30621.00,234,903.00,3736,100.00,21096,10.00,44538,5.00
19,2007-02-13,4,29,70,82,86,88,8,2,,,0,,1,661796.52,13,50907.43,1820,363.62,63818,10.37,,,0,,4,36362.00,147,1037.00,2538,100.00,16283,10.00,35518,5.00
20,2007-02-15,11,22,35,65,78,81,7,25,,,0,,0,,24,27286.06,1316,497.61,52534,12.46,,,0,,0,,183,1246.00,2687,100.00,16673,10.00,36457,5.00
21,2007-02-17,40,41,62,65,89,90,25,89,,,0,,0,,18,47976.96,1641,526.25,63305,13.64,,,0,,7,52625.00,170,1364.00,2990,100.00,20434,10.00,48516,5.00
22,2007-02-20,19,25,31,56,82,90,17,72,,,0,,0,,26,25192.48,2045,320.29,65831,9.94,,,1,629812.00,1,32029.00,181,994.00,2682,100.00,16881,10.00,35185,5.00
23,2007-02-22,28,44,51,72,81,90,16,74,,,0,,0,,15,43247.41,1680,386.13,58153,11.15,,,0,,2,38613.00,184,1115.00,2587,100.00,16225,10.00,35313,5.00
24,2007-02-24,1,30,60,70,74,77,90,88,,,0,,1,861520.37,11,78320.04,1797,479.42,74844,11.51,,,0,,3,47942.00,220,1151.00,3172,100.00,20423,10.00,45099,5.00
25,2007-02-27,6,20,58,59,65,88,90,78,,,0,,1,655053.70,9,72783.75,1273,514.57,51635,12.68,,,0,,9,51457.00,157,1268.00,2647,100.00,17168,10.00,37817,5.00
26,2007-03-01,40,55,64,65,70,85,13,65,,,0,,0,,15,43796.71,4172,157.46,53098,12.37,,,0,,7,15746.00,127,1237.00,2324,100.00,15873,10.00,39443,5.00
27,2007-03-03,6,32,50,57,59,61,68,29,,,0,,0,,4,216737.95,1560,555.73,61842,14.01,,,0,,8,55573.00,194,1401.00,2835,100.00,20423,10.00,47186,5.00
28,2007-03-06,1,8,21,30,81,86,13,54,,,0,,0,,20,33066.19,2158,306.45,70715,9.35,,,0,,10,30645.00,226,935.00,3080,100.00,17373,10.00,35863,5.00
29,2007-03-08,5,27,43,50,75,90,54,59,,,0,,0,,16,40973.80,1779,368.51,63960,10.24,,,0,,8,36851.00,189,1024.00,2857,100.00,17251,10.00,35895,5.00
30,2007-03-10,16,22,36,40,62,75,55,51,,,0,,0,,11,78454.34,1470,587.07,58807,14.67,,,0,,3,58707.00,158,1467.00,2850,100.00,20023,10.00,46905,5.00
31,2007-03-13,13,46,48,76,81,83,35,70,,,0,,0,,11,59437.96,1532,426.77,56257,11.62,,,0,,8,42677.00,134,1162.00,2378,100.00,15780,10.00,37052,5.00
32,2007-03-15,1,6,43,46,61,83,80,71,,,0,,0,,10,65288.95,1328,491.63,52987,12.32,,,0,,7,49163.00,174,1232.00,2443,100.00,16932,10.00,37179,5.00
33,2007-03-17,10,43,55,56,81,87,69,35,,,0,,0,,17,51060.58,1916,453.04,71440,12.15,,,0,,6,45304.00,179,1215.00,3355,100.00,22308,10.00,48820,5.00
34,2007-03-20,5,7,68,71,75,85,15,18,,,0,,0,,10,65918.15,1507,437.41,59267,11.12,,,0,,4,43741.00,164,1112.00,2825,100.00,17808,10.00,37002,5.00
35,2007-03-22,23,32,34,72,80,83,22,86,,,0,,0,,8,82954.67,1320,502.75,48475,13.69,,,0,,5,50275.00,160,1369.00,2370,100.00,16166,10.00,38616,5.00
36,2007-03-24,28,45,60,63,74,86,66,5,,,0,,0,,18,48788.50,1492,588.60,61481,14.28,,,0,,4,58860.00,182,1428.00,2920,100.00,20687,10.00,48695,5.00
37,2007-03-27,35,36,43,46,69,75,47,17,,,0,,1,664093.82,19,34952.31,1292,514.00,47850,13.87,,,0,,0,,134,1387.00,2526,100.00,17617,10.00,41065,5.00
38,2007-03-29,13,17,19,21,69,73,78,20,,,0,,1,662551.74,40,16563.80,3311,200.10,89651,7.39,,,0,,16,20010.00,252,739.00,3141,100.00,17972,10.00,36029,5.00
39,2007-03-31,42,70,74,78,82,87,23,41,,,0,,0,,24,36464.52,1922,455.33,67906,12.88,,,0,,2,45533.00,228,1288.00,3087,100.00,20485,10.00,49260,5.00
40,2007-04-03,12,16,21,25,27,64,66,4,,,0,,0,,14,48711.89,2089,326.45,71909,9.48,,,0,,3,32645.00,197,948.00,2913,100.00,17406,10.00,38215,5.00
41,2007-04-05,2,17,60,77,85,86,21,71,,,0,,0,,4,171125.77,1314,520.93,55227,12.39,,,0,,0,,173,1239.00,2690,100.00,17063,10.00,38190,5.00
42,2007-04-07,1,29,37,67,74,81,54,67,,,0,,0,,19,47093.31,2061,434.14,74348,12.03,,,0,,12,43414.00,205,1203.00,3371,100.00,21674,10.00,47684,5.00
43,2007-04-10,8,30,39,66,69,78,70,54,,,0,,0,,14,44852.62,1453,432.16,52569,11.94,,,0,,5,43216.00,170,1194.00,2516,100.00,15577,10.00,35507,5.00
44,2007-04-12,10,28,53,64,76,79,47,81,,,0,,0,,12,56944.30,1343,508.80,55389,12.33,,,0,,3,50880.00,162,1233.00,2699,100.00,17218,10.00,38352,5.00
45,2007-04-14,3,46,64,71,78,87,4,64,,,0,,0,,12,74847.30,1722,521.58,66255,13.55,,,0,,4,52158.00,201,1355.00,3276,100.00,22702,10.00,50573,5.00
46,2007-04-17,3,21,33,45,47,85,17,22,,,0,,0,,12,58597.69,1803,390.00,69019,10.18,,,0,,3,39000.00,178,1018.00,2870,100.00,18832,10.00,39560,5.00
47,2007-04-19,28,30,65,74,77,83,40,88,,,0,,0,,16,44020.99,1292,545.15,52480,13.42,,,0,,1,54515.00,167,1342.00,2727,100.00,18641,10.00,42321,5.00
48,2007-04-21,11,19,43,75,81,87,1,80,,,0,,0,,24,38137.08,2595,352.71,91008,10.05,,,0,,5,35271.00,349,1005.00,4132,100.00,23982,10.00,48817,5.00
49,2007-04-24,8,36,40,45,67,79,84,40,,,0,,0,,14,52197.71,1499,487.50,57422,12.72,,,0,,6,48750.00,158,1272.00,2807,100.00,18367,10.00,40465,5.00
50,2007-04-26,36,38,54,56,75,85,28,32,,,0,,0,,14,47912.46,1231,544.90,47092,14.24,,,0,,1,54490.00,145,1424.00,2260,100.00,15676,10.00,37862,5.00
51,2007-04-28,7,15,16,21,37,60,52,58,,,0,,0,,14,65376.66,2121,431.52,84932,10.77,,,0,,14,43152.00,288,1077.00,3600,100.00,22709,10.00,49514,5.00
52,2007-05-02,3,6,12,20,69,83,80,52,,,0,,0,,41,17894.74,4194,174.93,107676,6.81,,,0,,10,17493.00,239,681.00,3496,100.00,19396,10.00,40676,5.00
53,2007-05-03,1,11,20,66,69,88,35,3,,,0,,1,660950.10,28,23605.37,2474,267.15,78893,8.37,,,0,,9,26715.00,230,837.00,3038,100.00,17226,10.00,35248,5.00
54,2007-05-05,2,3,64,69,73,82,62,58,,,0,,0,,15,65803.70,1916,515.16,84073,11.74,,,0,,5,51516.00,309,1174.00,4196,100.00,25117,10.00,52015,5.00
55,2007-05-08,14,30,33,35,58,76,82,77,,,0,,0,,16,49284.70,1400,563.25,55532,14.20,,,0,,3,56325.00,178,1420.00,2803,100.00,19532,10.00,45267,5.00
56,2007-05-10,32,38,55,58,66,85,51,38,,,0,,0,,29,26977.77,1923,406.84,63381,12.34,,,0,,6,40684.00,195,1234.00,2857,100.00,18610,10.00,45025,5.00
57,2007-05-12,25,46,48,52,57,81,3,6,,,0,,0,,15,67409.96,2656,380.70,90316,11.19,,,0,,8,38070.00,271,1119.00,3816,100.00,24368,10.00,56230,5.00
58,2007-05-15,23,33,78,79,87,88,56,90,,,0,,0,,16,50960.11,1773,459.87,66095,12.33,,,0,,6,45987.00,180,1233.00,2972,100.00,20542,10.00,47982,5.00
59,2007-05-17,10,36,63,75,79,85,49,44,,,0,,1,848030.49,11,77093.69,1590,533.35,63242,13.40,,,0,,9,53335.00,210,1340.00,3288,100.00,22514,10.00,52292,5.00
60,2007-05-19,7,8,13,17,38,43,6,59,,71439610.83,1,71439610.83,0,,61,17923.20,4816,227.01,152710,7.15,,,0,,16,22701.00,485,715.00,5447,100.00,28264,10.00,56322,5.00
61,2007-05-22,1,44,67,77,88,90,79,31,,1709467.29,1,1709467.29,1,616152.66,70,8802.19,4082,150.94,91432,6.73,,,0,,20,15094.00,250,673.00,2799,100.00,16325,10.00,34280,5.00
62,2007-05-24,13,19,32,39,44,61,66,18,,,0,,1,596202.58,11,54200.24,1484,401.75,51545,11.56,,,0,,4,40175.00,179,1156.00,2545,100.00,15653,10.00,34461,5.00
63,2007-05-26,5,31,62,63,68,78,2,47,,,0,,0,,5,157076.72,1229,639.04,55386,14.18,,,0,,2,63904.00,140,1418.00,2744,100.00,19189,10.00,43813,5.00
64,2007-05-29,1,16,17,31,42,70,81,51,,,0,,0,,10,61841.77,1481,417.56,59373,10.41,,,0,,1,41756.00,180,1041.00,2633,100.00,16966,10.00,35867,5.00
65,2007-05-31,7,21,36,38,77,79,17,18,,4021531.55,1,4021531.55,0,,16,38607.90,1539,401.38,54373,11.36,,,0,,4,40138.00,158,1136.00,2520,100.00,16238,10.00,36360,5.00
66,2007-06-04,17,39,40,75,76,88,19,86,,,0,,0,,8,88183.64,1249,564.82,52389,13.46,,,0,,6,56482.00,160,1346.00,2555,100.00,17577,10.00,39084,5.00
67,2007-06-05,1,9,13,29,71,83,56,41,,,0,,0,,15,35913.99,1858,289.94,63576,8.47,,,0,,4,28994.00,203,847.00,2423,100.00,14539,10.00,29227,5.00
68,2007-06-07,59,66,69,72,73,80,23,53,,,0,,0,,15,40466.66,1259,482.12,43955,13.80,,,0,,5,48212.00,151,1380.00,2256,100.00,15826,10.00,35993,5.00
69,2007-06-09,5,19,20,26,53,54,56,23,,,0,,1,775309.74,35,22151.71,2973,260.78,91614,8.46,,,0,,12,26078.00,249,846.00,3573,100.00,20881,10.00,42370,5.00
70,2007-06-12,1,14,17,47,61,66,13,53,,,0,,0,,15,40071.51,1425,421.80,56719,10.59,,,0,,7,42180.00,181,1059.00,2607,100.00,16575,10.00,33978,5.00
71,2007-06-14,12,42,44,46,52,86,25,34,,6894487.60,1,6894487.60,1,596949.25,21,28426.16,1621,368.25,52044,11.47,,,0,,7,36825.00,131,1147.00,2266,100.00,15424,10.00,34930,5.00
72,2007-06-16,29,32,39,43,66,73,60,6,,,0,,0,,23,32300.14,1976,375.96,59059,12.57,,,0,,3,37596.00,152,1257.00,2718,100.00,18218,10.00,42975,5.00
73,2007-06-19,1,2,26,41,65,80,37,27,,,0,,0,,12,48150.01,1194,483.91,49353,11.70,,,0,,1,48391.00,145,1170.00,2412,100.00,16036,10.00,34046,5.00
74,2007-06-21,2,10,35,67,77,90,51,80,,,0,,0,,18,31434.46,1838,307.84,62171,9.10,,,0,,5,30784.00,172,910.00,2556,100.00,15613,10.00,31286,5.00
75,2007-06-23,15,42,65,68,70,90,46,40,,,0,,1,722889.46,10,72288.95,1796,402.49,66470,10.87,,,0,,5,40249.00,208,1087.00,3023,100.00,18551,10.00,41115,5.00
76,2007-06-26,6,15,45,47,69,70,40,18,,,0,,1,568865.31,15,37924.36,1460,389.63,54758,10.38,,,0,,2,38963.00,174,1038.00,2385,100.00,15280,10.00,31495,5.00
77,2007-06-28,3,20,47,52,83,90,75,22,,,0,,0,,15,38030.11,1743,327.28,62573,9.11,,,0,,4,32728.00,172,911.00,2630,100.00,15778,10.00,32215,5.00
78,2007-06-30,4,24,30,61,66,69,67,24,,,0,,0,,23,31355.97,1775,406.30,64635,11.15,,,0,,5,40630.00,202,1115.00,2898,100.00,18086,10.00,38837,5.00
79,2007-07-03,19,23,39,54,79,87,42,43,,,0,,0,,18,32241.28,1465,396.13,53965,10.75,,,0,,2,39613.00,151,1075.00,2532,100.00,15293,10.00,33590,5.00
80,2007-07-05,8,24,52,73,84,86,51,11,,,0,,0,,13,44287.42,1248,461.32,49447,11.64,,,0,,4,46132.00,162,1164.00,2402,100.00,14758,10.00,33349,5.00
81,2007-07-07,32,45,69,77,83,87,19,3,,,0,,1,746732.21,7,106676.03,1647,453.38,60378,12.36,,,0,,4,45338.00,159,1236.00,2790,100.00,18981,10.00,42276,5.00
82,2007-07-10,14,42,53,68,83,89,75,78,,,0,,0,,12,48439.70,1245,466.88,48196,12.06,,,0,,6,46688.00,148,1206.00,2375,100.00,15115,10.00,37239,5.00
83,2007-07-12,1,35,51,56,68,79,63,7,,,0,,0,,13,44475.48,1129,512.11,42252,13.68,,,0,,3,51211.00,141,1368.00,2070,100.00,15656,10.00,34208,5.00
84,2007-07-14,27,33,44,56,63,85,79,40,,,0,,0,,12,60887.00,1796,406.81,63266,11.54,,,0,,3,40681.00,167,1154.00,2734,100.00,18487,10.00,41349,5.00
85,2007-07-17,23,31,62,65,69,89,49,46,,,0,,0,,12,48027.08,1115,516.88,43110,13.36,,,0,,4,51688.00,166,1336.00,2308,100.00,14974,10.00,34066,5.00
86,2007-07-19,21,30,33,45,62,70,57,3,,,0,,1,563806.95,8,70475.87,1088,518.20,41972,13.43,,,0,,4,51820.00,113,1343.00,2168,100.00,14922,10.00,34375,5.00
87,2007-07-21,18,62,64,69,75,81,3,6,,,0,,2,356833.48,12,59472.25,1296,550.66,54546,13.08,,,0,,1,55066.00,172,1308.00,2681,100.00,17638,10.00,43349,5.00
88,2007-07-24,43,56,61,62,73,81,75,73,,,0,,0,,8,71098.30,1090,521.82,39153,14.52,,,0,,2,52182.00,137,1452.00,2120,100.00,14230,10.00,34914,5.00
89,2007-07-26,20,22,36,68,81,87,52,55,,,0,,0,,8,70671.45,1090,518.68,42190,13.40,,,0,,4,51868.00,128,1340.00,2121,100.00,14909,10.00,34216,5.00
90,2007-07-28,8,38,47,63,71,84,69,36,,,0,,0,,19,37563.35,1460,488.83,57187,12.48,,,0,,9,48883.00,127,1248.00,2706,100.00,17648,10.00,39513,5.00
91,2007-07-31,12,38,65,72,83,84,31,61,,,0,,0,,8,71803.09,1366,420.51,46791,12.27,,,0,,3,42051.00,151,1227.00,2267,100.00,15138,10.00,34530,5.00
92,2007-08-02,16,24,51,55,59,66,41,52,,,0,,0,,15,38173.34,1285,445.60,46752,12.24,,,0,,1,44560.00,135,1224.00,2527,100.00,15251,10.00,34659,5.00
93,2007-08-04,41,46,64,71,84,87,81,22,,,0,,0,,12,59584.44,1740,410.92,52401,13.64,,,0,,9,41092.00,155,1364.00,2590,100.00,17022,10.00,41424,5.00
94,2007-08-07,21,29,50,55,67,73,24,85,,,0,,0,,13,43487.98,1270,445.15,45049,12.54,,,0,,2,44515.00,114,1254.00,2241,100.00,14905,10.00,32807,5.00
95,2007-08-09,34,39,57,62,79,83,13,3,,,0,,0,,14,40184.36,1084,518.98,38992,14.42,,,0,,3,51898.00,139,1442.00,2083,100.00,13917,10.00,34094,5.00
96,2007-08-11,30,37,41,62,65,68,40,64,,,0,,0,,10,69196.91,1414,489.36,51611,13.40,,,0,,5,48936.00,177,1340.00,2510,100.00,16934,10.00,40511,5.00
97,2007-08-14,14,19,44,52,60,71,57,18,,,0,,0,,16,35411.85,1334,424.72,48814,11.60,,,0,,8,42472.00,135,1160.00,2138,100.00,14850,10.00,32848,5.00
98,2007-08-16,16,24,37,38,69,78,25,4,,,0,,0,,3,165897.29,889,559.83,37316,13.33,,,0,,2,55983.00,115,1333.00,1767,100.00,12120,10.00,28010,5.00
99,2007-08-18,1,25,60,67,87,88,75,14,,,0,,0,,12,55042.21,1325,498.49,54779,12.05,,,0,,9,49849.00,185,1205.00,2772,100.00,17323,10.00,35610,5.00
100,2007-08-21,11,27,45,53,55,58,34,85,,,0,,0,,11,52409.44,1477,390.32,57641,10.00,,,0,,2,39032.00,187,1000.00,2504,100.00,15377,10.00,32821,5.00
101,2007-08-23,8,46,49,55,80,87,64,67,,,0,,0,,15,37995.81,1154,493.87,45514,12.52,,,0,,5,49387.00,137,1252.00,2341,100.00,15084,10.00,32865,5.00
102,2007-08-25,4,23,25,30,34,57,40,70,,34393724.84,1,34393724.84,0,,18,37465.85,1670,403.82,61925,10.89,,,0,,7,40382.00,205,1089.00,2843,100.00,17199,10.00,37330,5.00
103,2007-08-28,6,18,36,75,81,83,72,75,,,0,,0,,13,40446.46,1326,396.53,49047,10.72,,,0,,3,39653.00,155,1072.00,2197,100.00,13901,10.00,30484,5.00
104,2007-08-30,19,48,49,56,60,88,76,56,,,0,,0,,9,59356.06,1195,447.03,44996,11.87,,,0,,11,44703.00,134,1187.00,2136,100.00,13875,10.00,31210,5.00
105,2007-09-01,1,35,37,39,57,84,67,31,,,0,,0,,13,53306.12,1340,517.14,52567,13.18,,,1,1332653.00,4,51714.00,145,1318.00,2600,100.00,17069,10.00,38857,5.00
106,2007-09-04,5,6,9,51,62,66,10,3,,,0,,0,,10,56792.40,1577,360.12,62600,9.07,,,0,,8,36012.00,172,907.00,2731,100.00,16004,10.00,32318,5.00
107,2007-09-06,9,16,22,25,26,70,64,63,,,0,,0,,11,51673.19,1598,355.69,58495,9.71,,,0,,3,35569.00,147,971.00,2656,100.00,15940,10.00,32081,5.00
108,2007-09-08,9,31,32,47,70,89,19,5,,,0,,1,729486.79,13,56114.37,1402,520.31,57251,12.74,,,0,,4,52031.00,195,1274.00,2803,100.00,19130,10.00,39988,5.00
109,2007-09-11,3,4,19,39,73,78,80,5,,,0,,0,,13,44385.52,1662,347.17,64260,8.97,,,0,,11,34717.00,243,897.00,2813,100.00,16221,10.00,32676,5.00
110,2007-09-13,15,23,59,65,78,82,41,79,,,0,,0,,9,63897.52,1152,499.19,42700,13.46,,,0,,5,49919.00,153,1346.00,2335,100.00,15305,10.00,34040,5.00
111,2007-09-15,10,30,57,64,72,75,49,3,,,0,,0,,16,46306.46,1474,502.64,58952,12.56,,,0,,4,50264.00,171,1256.00,2996,100.00,18792,10.00,42198,5.00
112,2007-09-18,7,17,30,56,68,80,19,28,,,0,,0,,15,38573.07,1300,445.07,56415,10.25,,,1,964326.75,2,44507.00,213,1025.00,2761,100.00,16830,10.00,33499,5.00
113,2007-09-20,10,20,24,38,49,87,77,48,,,0,,0,,13,44462.35,1232,469.16,51913,11.13,,,0,,3,46916.00,146,1113.00,2278,100.00,15382,10.00,34257,5.00
114,2007-09-22,4,52,68,79,85,86,20,68,,,0,,0,,9,83505.44,1301,577.67,55353,13.57,,,0,,3,57767.00,231,1357.00,2759,100.00,19178,10.00,43130,5.00
115,2007-09-25,10,14,18,22,48,68,38,24,,,0,,0,,13,44545.14,1911,303.02,58894,9.83,,,0,,1,30302.00,205,983.00,2638,100.00,16178,10.00,36469,5.00
116,2007-09-27,2,23,46,48,55,63,15,83,,,0,,0,,13,44098.53,1168,490.82,46573,12.30,,,0,,0,,129,1230.00,2478,100.00,15811,10.00,33975,5.00
117,2007-09-29,8,11,17,20,21,80,64,35,,,0,,0,,44,17142.89,3895,193.65,107597,7.01,,,0,,14,19365.00,299,701.00,3481,100.00,20275,10.00,40372,5.00
118,2007-10-02,8,23,48,49,61,62,47,54,,,0,,1,590240.18,16,36890.02,982,601.05,42320,13.94,,,0,,5,60105.00,149,1394.00,2395,100.00,15855,10.00,34512,5.00
119,2007-10-04,3,17,33,51,77,87,16,42,,,0,,0,,31,18950.42,2111,278.28,66544,8.82,,,0,,4,27828.00,224,882.00,2692,100.00,15651,10.00,33790,5.00
120,2007-10-06,3,20,21,43,69,70,78,11,,,0,,1,763425.58,30,25447.52,2081,366.85,74357,10.26,,,0,,1,36685.00,245,1026.00,3150,100.00,19972,10.00,41750,5.00
121,2007-10-09,7,9,17,51,57,78,87,20,,,0,,0,,21,28409.73,1962,304.07,69100,8.63,,,0,,6,30407.00,195,863.00,2993,100.00,16959,10.00,33598,5.00
122,2007-10-11,18,37,49,71,76,78,23,35,,,0,,0,,12,49683.03,1048,568.88,42476,14.03,,,0,,6,56888.00,118,1403.00,2149,100.00,15412,10.00,35419,5.00
123,2007-10-13,12,41,42,44,80,86,37,46,,,0,,0,,14,55841.39,2023,386.44,63179,12.37,,,0,,8,38644.00,166,1237.00,2915,100.00,19823,10.00,44496,5.00
124,2007-10-16,7,21,58,65,72,77,85,23,,,0,,0,,15,39862.87,1428,418.72,57642,10.37,,,1,996571.75,6,41872.00,167,1037.00,2555,100.00,16700,10.00,35761,5.00
125,2007-10-18,2,24,51,55,62,81,53,27,,,0,,0,,13,45865.67,1326,449.66,48943,12.18,,,0,,5,44966.00,141,1218.00,2451,100.00,16420,10.00,36863,5.00
126,2007-10-20,11,17,20,36,57,72,51,89,,,0,,0,,13,59823.36,1801,431.81,74806,10.39,,,1,1495584.00,6,43181.00,227,1039.00,3429,100.00,20440,10.00,42056,5.00
127,2007-10-23,1,10,26,62,71,90,43,32,,,0,,0,,30,19901.58,2877,207.52,86644,6.89,,,0,,12,20752.00,241,689.00,2966,100.00,16495,10.00,32976,5.00
128,2007-10-25,3,6,7,30,67,89,11,7,,,0,,0,,24,24696.20,2733,216.87,81899,7.23,,,0,,10,21687.00,258,723.00,3078,100.00,16868,10.00,33365,5.00
129,2007-10-27,7,19,39,42,56,57,18,73,,,0,,0,,12,65558.33,1663,473.06,72663,10.82,,,0,,2,47306.00,222,1082.00,3635,100.00,22173,10.00,46365,5.00
130,2007-10-30,22,39,54,63,68,73,12,15,,,0,,0,,22,27553.61,1261,480.71,48444,12.51,,,0,,7,48071.00,150,1251.00,2306,100.00,15295,10.00,37135,5.00
131,2007-11-02,29,31,51,60,72,73,69,50,,,0,,0,,6,102233.98,990,619.59,41961,14.61,,,0,,6,61959.00,180,1461.00,2425,100.00,16014,10.00,38137,5.00
132,2007-11-03,11,31,44,64,83,89,34,37,,36119504.90,1,36119504.90,0,,19,37250.76,1393,508.08,57290,12.35,,,0,,15,50808.00,192,1235.00,2862,100.00,18828,10.00,42580,5.00
133,2007-11-06,13,18,32,46,55,78,59,66,,,0,,0,,11,51188.18,1185,475.16,45037,12.50,,,0,,1,47516.00,118,1250.00,2256,100.00,15255,10.00,34829,5.00
134,2007-11-08,16,29,38,62,72,84,66,28,,,0,,0,,8,70115.72,972,577.08,39871,14.06,,,0,,0,,125,1406.00,1999,100.00,14131,10.00,34644,5.00
135,2007-11-10,6,39,50,52,54,88,51,49,,,0,,0,,7,106326.39,1363,546.06,57955,12.84,,,0,,4,54606.00,173,1284.00,2775,100.00,19785,10.00,42621,5.00
136,2007-11-13,1,2,33,62,68,79,14,21,,5015468.63,1,5015468.63,0,,2,285571.73,913,625.56,42767,13.35,,,0,,4,62556.00,108,1335.00,2287,100.00,16367,10.00,33754,5.00
137,2007-11-15,4,9,69,74,76,85,86,11,,,0,,0,,10,55553.92,1462,379.98,52727,10.53,,,0,,5,37998.00,139,1053.00,2475,100.00,15498,10.00,32527,5.00
138,2007-11-17,18,28,40,63,68,86,71,68,,,0,,0,,19,38956.95,1613,458.88,60610,12.21,,,0,,3,45888.00,174,1221.00,3082,100.00,19196,10.00,44184,5.00
139,2007-11-20,1,18,30,34,65,75,31,45,,,0,,0,,5,112963.17,1080,522.97,43996,12.83,,,0,,3,52297.00,144,1283.00,2273,100.00,15562,10.00,33237,5.00
140,2007-11-22,2,51,55,57,61,82,15,60,,,0,,0,,6,93586.81,1116,503.15,43299,12.96,,,0,,7,50315.00,151,1296.00,2249,100.00,15552,10.00,34456,5.00
141,2007-11-24,26,37,53,81,86,90,31,60,,,0,,0,,17,43605.05,1829,405.29,66597,11.13,,,0,,6,40529.00,229,1113.00,3387,100.00,19688,10.00,44267,5.00
142,2007-11-27,2,22,28,39,61,79,84,23,,,0,,0,,9,63224.15,1132,502.66,43960,12.94,,,0,,7,50266.00,147,1294.00,2267,100.00,15282,10.00,33793,5.00
143,2007-11-29,17,41,42,43,66,76,8,46,,,0,,0,,3,187443.95,1083,519.23,44089,12.75,,,0,,3,51923.00,156,1275.00,2187,100.00,15119,10.00,34841,5.00
144,2007-12-01,6,19,30,53,55,76,17,70,,,0,,0,,16,47312.52,1917,394.88,72894,10.38,,,0,,4,39488.00,267,1038.00,3164,100.00,20329,10.00,42712,5.00
145,2007-12-04,3,10,40,54,69,85,43,13,,,0,,0,,14,41712.47,1487,392.71,58487,9.98,,,0,,7,39271.00,189,998.00,2807,100.00,17040,10.00,34692,5.00
146,2007-12-06,33,37,48,65,83,84,55,88,,,0,,0,,13,44793.81,1157,503.30,44989,12.94,,,0,,6,50330.00,155,1294.00,2351,100.00,15141,10.00,35525,5.00
147,2007-12-10,5,13,28,30,42,63,84,66,,,0,,0,,12,57287.56,1594,431.27,60819,11.30,,,0,,8,43127.00,163,1130.00,2995,100.00,19126,10.00,40030,5.00
148,2007-12-11,9,12,28,71,82,85,37,1,,,0,,0,,12,42774.80,1478,347.29,51149,10.03,,,0,,1,34729.00,163,1003.00,2304,100.00,14559,10.00,29871,5.00
149,2007-12-13,12,20,22,39,55,72,15,52,,,0,,0,,10,58144.60,1557,373.43,58966,9.86,,,0,,12,37343.00,195,986.00,3019,100.00,18266,10.00,35327,5.00
150,2007-12-15,25,31,43,61,63,86,23,39,,,0,,0,,11,67996.75,1380,542.00,52142,14.34,,,0,,4,54200.00,169,1434.00,2812,100.00,19150,10.00,46221,5.00
151,2007-12-18,28,29,33,35,65,80,69,7,,,0,,0,,11,53775.45,950,622.66,41962,14.09,,,0,,9,62266.00,146,1409.00,2312,100.00,15894,10.00,36280,5.00
152,2007-12-20,6,10,13,17,22,46,43,85,,,0,,0,,34,17276.76,2937,200.00,85137,6.89,,,0,,10,20000.00,232,689.00,3082,100.00,17322,10.00,34781,5.00
153,2007-12-22,3,14,30,50,66,87,47,48,,,0,,0,,17,45498.80,1590,486.46,66548,11.62,,,0,,3,48646.00,191,1162.00,3245,100.00,20284,10.00,44281,5.00
154,2007-12-24,29,31,35,49,69,74,16,28,,,0,,0,,10,53250.66,1057,503.79,39689,13.41,,,0,,2,50379.00,140,1341.00,2135,100.00,14536,10.00,34646,5.00
155,2007-12-27,6,13,19,37,67,72,49,1,,,0,,1,582981.46,22,26499.16,2115,275.64,65709,8.87,,,0,,6,27564.00,234,887.00,2810,100.00,17108,10.00,34938,5.00
156,2007-12-29,12,26,70,74,84,87,46,11,,,0,,1,797080.74,16,49817.55,1765,451.60,65503,12.16,,,0,,5,45160.00,215,1216.00,3223,100.00,22088,10.00,48410,5.00
1,2008-01-02,16,38,40,69,84,90,60,14,,,0,,0,,11,58896.46,1372,472.20,54598,11.86,,,0,,2,47220.00,208,1186.00,2975,100.00,19057,10.00,42049,5.00
2,2008-01-03,20,39,56,64,66,85,29,17,,,0,,0,,11,48553.46,940,568.17,38365,13.92,,,0,,3,56817.00,111,1392.00,2245,100.00,14334,10.00,32244,5.00
3,2008-01-05,16,30,68,75,83,86,15,25,,,0,,0,,5,158219.19,1384,571.60,56698,13.95,,,0,,2,57160.00,183,1395.00,2994,100.00,21085,10.00,48175,5.00
4,2008-01-08,17,23,30,74,81,84,55,49,,,0,,0,,13,46688.66,1227,494.66,51792,11.71,,,0,,5,49466.00,148,1171.00,2528,100.00,17212,10.00,36312,5.00
5,2008-01-10,23,25,30,44,51,68,58,21,,,0,,0,,6,101034.18,1239,489.26,55606,10.90,,,0,,2,48926.00,193,1090.00,2401,100.00,16167,10.00,36611,5.00
6,2008-01-12,8,9,52,77,82,86,85,8,,,0,,0,,17,46149.42,1970,398.24,75329,10.41,,,0,,5,39824.00,228,1041.00,3270,100.00,21141,10.00,44614,5.00
7,2008-01-15,12,50,55,62,67,88,29,1,,,0,,1,615160.20,11,55923.66,1336,460.44,51700,11.89,,,0,,6,46044.00,155,1189.00,2806,100.00,18090,10.00,37657,5.00
8,2008-01-17,4,15,21,35,59,73,70,76,,33588491.07,1,33588491.07,0,,9,68277.57,1750,351.14,55042,11.16,,,0,,10,35114.00,205,1116.00,2581,100.00,17048,10.00,37536,5.00
9,2008-01-19,10,23,31,35,61,87,81,15,,,0,,1,727148.43,14,51939.18,1369,531.15,56704,12.82,,,0,,4,53115.00,192,1282.00,3064,100.00,19279,10.00,44064,5.00
10,2008-01-22,7,18,19,56,66,71,26,20,,,0,,0,,8,70842.03,1480,382.92,60038,9.43,,,0,,6,38292.00,210,943.00,2759,100.00,16704,10.00,34636,5.00
11,2008-01-24,18,28,33,41,63,84,88,41,,,0,,0,,8,70378.34,1085,518.91,43616,12.90,,,0,,7,51891.00,144,1290.00,2056,100.00,14718,10.00,34979,5.00
12,2008-01-26,15,17,25,31,85,87,82,57,,,0,,0,,18,41202.06,1615,459.21,65676,11.29,,,0,,4,45921.00,209,1129.00,3198,100.00,19799,10.00,43170,5.00
13,2008-01-29,1,23,30,60,70,74,31,21,,,0,,0,,98,5828.81,1472,388.05,55486,10.29,,,0,,4,38805.00,172,1029.00,2624,100.00,16152,10.00,34079,5.00
14,2008-01-31,7,14,26,34,45,77,83,34,,,0,,0,,16,35631.10,1420,401.47,53495,10.65,,,0,,8,40147.00,164,1065.00,2416,100.00,15718,10.00,35009,5.00
15,2008-02-02,18,33,61,70,81,90,10,80,,,0,,0,,16,47121.28,1744,432.30,66404,11.35,,,0,,2,43230.00,232,1135.00,3160,100.00,20611,10.00,44828,5.00
16,2008-02-05,22,28,75,78,83,87,13,84,,9453428.88,1,9453428.88,0,,23,25150.48,1132,511.00,44325,13.05,,,0,,2,51100.00,160,1305.00,2443,100.00,15657,10.00,36227,5.00
17,2008-02-07,30,32,49,68,71,85,86,9,,,0,,0,,4,138763.37,819,677.72,35101,15.81,,,0,,2,67772.00,131,1581.00,2238,100.00,14946,10.00,34844,5.00
18,2008-02-09,2,3,13,23,30,70,85,72,,,0,,0,,40,18299.56,3654,200.32,104218,7.02,,,0,,8,20032.00,341,702.00,3852,100.00,21363,10.00,42846,5.00
19,2008-02-12,8,16,33,64,68,82,4,44,,,0,,0,,13,43596.26,1506,376.32,47364,11.96,,,0,,5,37632.00,145,1196.00,2571,100.00,16182,10.00,35120,5.00
20,2008-02-14,4,18,30,69,73,74,78,52,,,0,,0,,11,51345.35,1443,391.40,53251,10.60,,,0,,2,39140.00,166,1060.00,2625,100.00,17361,10.00,35770,5.00
21,2008-02-16,16,17,52,60,80,81,29,52,,,0,,0,,8,91777.92,1397,525.57,54666,13.43,,,0,,3,52557.00,197,1343.00,3054,100.00,20343,10.00,44888,5.00
22,2008-02-19,2,18,35,53,60,66,32,45,,,0,,0,,7,80724.54,1107,510.45,44599,12.67,,,0,,6,51045.00,168,1267.00,2406,100.00,16350,10.00,35315,5.00
23,2008-02-21,27,43,46,51,52,72,83,32,,,0,,0,,15,37388.04,1464,383.07,48026,11.67,,,0,,7,38307.00,174,1167.00,2409,100.00,15371,10.00,35062,5.00
24,2008-02-23,11,13,25,62,76,80,18,54,,,0,,0,,13,56752.14,1499,492.17,59533,12.39,,,0,,5,49217.00,184,1239.00,2967,100.00,20136,10.00,43399,5.00
25,2008-02-26,2,11,40,60,73,82,74,50,,,0,,1,566835.25,6,94472.55,1263,448.80,48190,11.76,,,0,,4,44880.00,159,1176.00,2456,100.00,16550,10.00,33428,5.00
26,2008-02-28,2,5,6,56,58,73,3,38,,,0,,0,,16,35300.02,1518,372.06,65152,8.66,,,0,,10,37206.00,225,866.00,2831,100.00,16843,10.00,34032,5.00
27,2008-03-01,23,30,33,67,69,71,61,56,,,0,,0,,18,41603.00,1851,404.56,69900,10.71,,,0,,10,40456.00,212,1071.00,3095,100.00,20207,10.00,43571,5.00
28,2008-03-04,12,32,54,63,64,85,62,77,,,0,,1,573106.64,12,47758.89,1016,564.08,43013,13.32,,,0,,4,56408.00,189,1332.00,2395,100.00,16015,10.00,37349,5.00
29,2008-03-06,1,16,32,51,60,61,78,11,,,0,,0,,3,189299.62,1191,476.82,41979,13.52,,,0,,3,47682.00,141,1352.00,2198,100.00,15633,10.00,35787,5.00
30,2008-03-08,4,12,21,39,59,83,64,63,,,0,,1,751077.51,25,30043.11,2123,353.78,76018,9.88,,,0,,8,35378.00,219,988.00,3468,100.00,20365,10.00,44994,5.00
31,2008-03-11,41,51,61,66,75,88,27,71,,,0,,0,,12,48010.22,984,585.49,41010,14.04,,,0,,0,,130,1404.00,2195,100.00,15193,10.00,36282,5.00
32,2008-03-13,50,61,62,71,72,74,59,9,,,0,,0,,15,38034.52,941,606.28,34916,16.33,,,0,,2,60628.00,93,1633.00,1983,100.00,14808,10.00,35944,5.00
33,2008-03-15,7,32,49,55,61,83,64,82,,,0,,0,,10,75354.90,1470,512.61,54714,13.77,,,0,,5,51261.00,155,1377.00,2991,100.00,20684,10.00,46381,5.00
34,2008-03-18,27,36,38,41,71,84,6,37,,,0,,0,,7,83221.38,1126,517.36,44208,13.17,,,0,,6,51736.00,138,1317.00,2492,100.00,15778,10.00,36533,5.00
35,2008-03-20,5,37,38,59,71,80,43,33,,,0,,0,,16,36184.65,1055,548.77,41828,13.84,,,0,,4,54877.00,139,1384.00,2296,100.00,15860,10.00,36279,5.00
36,2008-03-22,30,37,47,72,85,87,71,34,,,0,,0,,11,68936.17,1461,519.02,59277,12.79,,,0,,8,51902.00,189,1279.00,2962,100.00,19991,10.00,45065,5.00
37,2008-03-25,8,36,75,76,79,83,65,58,,,0,,0,,15,36202.69,992,547.41,41880,12.96,,,0,,4,54741.00,142,1296.00,2218,100.00,15132,10.00,34759,5.00
38,2008-03-27,11,34,46,58,77,82,50,27,,,0,,0,,9,64789.07,1119,521.09,43573,13.38,,,0,,1,52109.00,149,1338.00,2434,100.00,17064,10.00,37111,5.00
39,2008-03-29,1,17,33,34,46,62,3,17,,,0,,0,,24,31541.75,1577,480.02,60841,12.44,,,0,,4,48002.00,185,1244.00,2897,100.00,20339,10.00,44073,5.00
40,2008-04-01,5,9,53,57,61,84,78,2,,,0,,0,,6,96846.35,1395,416.54,51477,11.28,,,0,,4,41654.00,186,1128.00,2570,100.00,17180,10.00,38467,5.00
41,2008-04-03,9,37,40,61,69,84,35,36,,,0,,0,,10,58287.81,1117,521.82,48011,12.14,,,0,,3,52182.00,153,1214.00,2434,100.00,16170,10.00,35929,5.00
42,2008-04-05,29,51,52,62,72,79,34,43,,,0,,0,,13,58957.07,1229,623.63,54445,14.07,,,0,,4,62363.00,218,1407.00,2894,100.00,19657,10.00,46647,5.00
43,2008-04-08,12,21,49,51,56,74,8,76,,,0,,0,,10,59394.89,1486,399.69,52061,11.40,,,0,,4,39969.00,184,1140.00,2620,100.00,15959,10.00,37590,5.00
44,2008-04-10,34,54,72,76,79,85,78,10,,,0,,1,593471.14,12,49455.93,1218,487.25,44602,13.30,,,1,1236398.25,2,48725.00,176,1330.00,2304,100.00,15508,10.00,37977,5.00
45,2008-04-12,5,34,55,58,74,90,8,33,,,0,,1,774443.23,15,51629.55,1879,412.15,72322,10.70,,,0,,2,41215.00,190,1070.00,3292,100.00,21566,10.00,44735,5.00
46,2008-04-15,2,25,28,31,46,59,22,25,,,0,,0,,7,84385.60,1165,507.03,47403,12.46,,,0,,4,50703.00,145,1246.00,2365,100.00,15818,10.00,36721,5.00
47,2008-04-17,8,14,36,71,74,87,18,29,,,0,,0,,8,75012.02,1355,442.87,51017,11.76,,,0,,4,44287.00,165,1176.00,2442,100.00,17487,10.00,38523,5.00
48,2008-04-19,22,29,30,32,41,52,42,7,,,0,,0,,12,65102.45,1692,461.71,61045,12.79,,,0,,8,46171.00,184,1279.00,3378,100.00,21336,10.00,47658,5.00
49,2008-04-22,18,54,62,80,88,90,24,58,,,0,,0,,25,24377.89,1885,323.31,57904,10.52,,,0,,7,32331.00,198,1052.00,2866,100.00,17784,10.00,37902,5.00
50,2008-04-24,36,43,47,49,84,89,51,25,,,0,,1,614751.98,16,38422.00,1194,514.86,45571,13.48,,,0,,10,51486.00,162,1348.00,2497,100.00,16198,10.00,40006,5.00
51,2008-04-26,56,64,72,81,83,86,32,25,,40595858.78,1,40595858.78,0,,14,52124.40,1908,382.46,63037,11.57,,,0,,10,38246.00,208,1157.00,3138,100.00,19574,10.00,45733,5.00
52,2008-04-29,28,33,42,54,76,79,68,62,,,0,,0,,8,67107.79,989,542.83,39224,13.68,,,0,,4,54283.00,134,1368.00,2107,100.00,14519,10.00,34818,5.00
53,2008-05-02,36,38,40,51,53,71,8,58,,,0,,0,,24,22195.88,1105,482.08,39747,13.40,,,0,,3,48208.00,132,1340.00,2131,100.00,14193,10.00,34750,5.00
54,2008-05-03,8,38,39,52,64,70,73,39,,,0,,0,,6,102583.90,1431,430.12,50509,12.18,,,0,,3,43012.00,155,1218.00,2660,100.00,16991,10.00,38165,5.00
55,2008-05-06,7,71,72,75,80,90,85,55,,,0,,0,,14,38866.73,1613,337.34,54419,9.99,,,0,,3,33734.00,199,999.00,2574,100.00,16117,10.00,33289,5.00
56,2008-05-08,8,29,33,47,52,56,59,19,,,0,,0,,9,59774.49,1407,382.35,50292,10.69,,,0,,3,38235.00,187,1069.00,2544,100.00,15385,10.00,33490,5.00
57,2008-05-10,1,4,25,44,82,89,23,50,,,0,,0,,20,35226.37,2067,340.84,73009,9.64,,,0,,4,34084.00,234,964.00,3367,100.00,20516,10.00,42230,5.00
58,2008-05-13,28,33,39,40,80,89,82,12,,,0,,0,,10,55446.88,1005,551.71,38882,14.26,,,0,,5,55171.00,174,1426.00,2266,100.00,15159,10.00,35188,5.00
59,2008-05-15,7,31,38,57,84,87,86,71,,,0,,0,,11,50022.95,1110,495.72,44734,12.30,,,0,,3,49572.00,146,1230.00,2374,100.00,15217,10.00,34366,5.00
60,2008-05-17,8,53,65,66,80,87,3,20,,,0,,0,,13,55081.13,1235,579.80,54525,13.13,,,0,,1,57980.00,187,1313.00,3020,100.00,19992,10.00,44716,5.00
61,2008-05-20,40,42,57,62,67,88,3,49,,,0,,1,554949.46,10,55494.95,1066,520.59,41122,13.49,,,0,,2,52059.00,133,1349.00,2341,100.00,14962,10.00,35062,5.00
62,2008-05-22,22,63,66,73,81,90,47,43,,,0,,0,,13,42308.97,1336,411.68,51323,10.71,,,0,,4,41168.00,173,1071.00,2435,100.00,15920,10.00,34306,5.00
63,2008-05-24,6,16,28,32,43,90,73,27,,,0,,0,,10,71128.49,1830,388.68,66664,10.66,,,0,,6,38868.00,250,1066.00,3241,100.00,20520,10.00,42731,5.00
64,2008-05-27,7,10,50,51,80,85,60,46,,,0,,0,,9,60312.17,1329,408.43,50607,10.72,,,0,,4,40843.00,168,1072.00,2646,100.00,16000,10.00,34350,5.00
65,2008-05-29,7,30,40,58,75,79,84,78,,,0,,1,539100.08,6,89850.02,1025,525.95,40552,13.29,,,0,,6,52595.00,150,1329.00,2429,100.00,14953,10.00,33207,5.00
66,2008-05-31,8,16,39,63,84,86,34,48,,,0,,0,,18,38440.42,1365,506.90,56386,12.27,,,0,,5,50690.00,170,1227.00,2914,100.00,18806,10.00,42056,5.00
67,2008-06-03,2,26,30,32,63,89,56,82,,,0,,0,,7,73482.71,1055,487.56,38934,13.21,,,0,,1,48756.00,126,1321.00,2079,100.00,14047,10.00,31349,5.00
68,2008-06-05,13,22,40,41,51,86,6,26,,,0,,0,,12,45948.36,1067,516.75,41489,13.28,,,0,,3,51675.00,133,1328.00,2248,100.00,15409,10.00,35828,5.00
69,2008-06-07,10,26,53,66,70,78,75,64,,,0,,0,,15,47419.74,1518,468.57,58346,12.19,,,0,,6,46857.00,202,1219.00,2990,100.00,20051,10.00,43496,5.00
70,2008-06-10,4,62,67,69,70,84,23,31,,,0,,1,726883.72,0,,903,804.97,39985,18.17,,,0,,1,80497.00,160,1817.00,2388,100.00,15649,10.00,34128,5.00
71,2008-06-12,10,15,17,57,65,80,1,47,,,0,,0,,9,60930.16,1345,407.71,50417,10.87,,,0,,6,40771.00,191,1087.00,2662,100.00,16026,10.00,33859,5.00
72,2008-06-14,3,6,20,46,50,80,86,2,,,0,,0,,32,22182.94,2561,277.17,83367,8.51,,,0,,4,27717.00,256,851.00,3323,100.00,19803,10.00,42473,5.00
73,2008-06-17,8,11,14,39,46,51,57,2,,,0,,1,567165.31,7,60767.72,1458,291.75,54885,15.50,,,0,,2,29175.00,189,1550.00,2758,100.00,16550,10.00,35660,5.00
74,2008-06-19,18,31,47,59,75,80,79,73,,,0,,0,,15,27513.07,1099,375.51,39143,21.08,,,0,,3,37551.00,127,2108.00,2229,100.00,15590,10.00,35519,5.00
75,2008-06-21,8,16,42,64,72,74,53,74,,,0,,0,,17,30403.43,2026,255.11,68447,15.10,,,0,,6,25511.00,200,1510.00,3200,100.00,19616,10.00,42561,5.00
76,2008-06-24,13,25,54,56,57,58,31,15,,,0,,0,,9,44555.69,1493,268.58,43638,18.37,,,0,,4,26858.00,161,1837.00,2219,100.00,15740,10.00,34719,5.00
77,2008-06-26,4,12,35,61,66,84,79,75,,,0,,0,,7,56816.63,1228,323.87,45432,17.50,,,0,,15,32387.00,175,1750.00,2360,100.00,15745,10.00,33695,5.00
78,2008-06-28,6,19,25,42,48,52,56,57,,,0,,1,676988.03,20,25387.06,1891,268.50,73269,13.85,,,1,634676.50,5,26850.00,240,1385.00,3741,100.00,20349,10.00,40778,5.00
79,2008-07-01,1,38,54,63,66,74,13,22,,,0,,0,,8,51089.93,874,467.64,39516,20.68,,,0,,2,46764.00,170,2068.00,2296,100.00,16249,10.00,35496,5.00
80,2008-07-03,19,32,41,42,64,65,75,81,,,0,,1,543937.46,12,33996.10,1045,390.38,40048,20.37,,,0,,7,39038.00,128,2037.00,2648,100.00,16522,10.00,36022,5.00
81,2008-07-05,9,69,70,72,77,81,39,1,,,0,,1,689007.81,17,30397.41,1824,283.30,66430,15.55,,,0,,11,28330.00,200,1555.00,3346,100.00,20108,10.00,42265,5.00
82,2008-07-08,1,26,49,74,82,87,81,74,,,0,,0,,11,37768.18,979,424.36,43094,19.28,,,0,,12,42436.00,187,1928.00,2515,100.00,16677,20.00,36347,10.00
83,2008-07-10,11,22,39,52,55,63,24,6,,,0,,0,,11,37572.58,1388,297.76,52191,15.83,,,0,,4,29776.00,167,1583.00,2459,100.00,16008,20.00,34774,10.00
84,2008-07-12,16,26,31,67,74,82,18,74,,,0,,0,,7,74668.93,1202,434.84,50544,20.68,,,0,,3,43484.00,189,2068.00,2767,100.00,19419,20.00,47278,10.00
85,2008-07-15,21,40,57,60,61,68,9,68,,,0,,0,,15,28246.49,1088,389.42,41917,20.21,,,0,,3,38942.00,178,2021.00,2550,100.00,15939,20.00,37796,10.00
86,2008-07-17,8,28,34,63,86,90,15,89,,,0,,0,,19,22351.29,1516,280.12,54989,15.44,,,0,,1,28012.00,210,1544.00,3000,100.00,18073,20.00,37255,10.00
87,2008-07-19,4,33,34,44,52,63,27,53,,,0,,0,,3,179335.38,1523,353.25,55680,19.32,,,0,,8,35325.00,180,1932.00,3083,100.00,20679,20.00,47330,10.00
88,2008-07-22,35,49,56,78,87,90,10,59,,,0,,0,,17,25573.52,1262,344.49,45338,19.17,,,0,,1,34449.00,222,1917.00,2783,100.00,16967,20.00,38448,10.00
89,2008-07-24,15,17,25,39,57,58,24,18,,,0,,0,,13,33260.98,1173,368.62,50628,17.08,,,0,,8,36862.00,180,1708.00,2735,100.00,17811,20.00,40202,10.00
90,2008-07-26,6,44,66,68,77,86,20,17,,,0,,0,,11,49343.51,2075,261.58,66781,16.25,,,0,,12,26158.00,224,1625.00,3466,100.00,20964,20.00,45484,10.00
91,2008-07-29,14,28,37,47,53,57,88,23,,,0,,0,,11,40306.13,1341,330.62,51878,17.09,,,0,,7,33062.00,177,1709.00,2721,100.00,17632,20.00,39251,10.00
92,2008-07-31,20,67,71,81,84,88,7,27,,,0,,0,,4,110005.34,1333,330.09,50143,17.55,,,0,,6,33009.00,184,1755.00,2544,100.00,17771,20.00,38999,10.00
93,2008-08-02,35,49,68,71,82,85,31,48,,,0,,0,,13,42610.09,1595,347.29,51924,21.33,,,0,,6,34729.00,189,2133.00,3138,100.00,21424,20.00,49296,10.00
94,2008-08-05,1,30,36,37,60,88,27,28,,,0,,0,,6,75169.29,1143,394.58,46717,19.30,,,0,,11,39458.00,191,1930.00,2730,100.00,18562,10.00,40476,5.00
95,2008-08-07,19,30,52,66,70,82,84,33,,,0,,1,593628.31,2,222610.62,1219,365.23,48181,18.48,,,0,,5,36523.00,160,1848.00,2734,100.00,18008,10.00,39472,5.00
96,2008-08-09,2,11,21,23,39,47,72,31,,,0,,0,,14,38760.96,2498,217.23,82999,13.07,,,1,969024.00,7,21723.00,303,1307.00,3914,100.00,22835,10.00,45874,5.00
97,2008-08-12,12,24,26,50,65,69,51,51,,,0,,0,,15,29867.56,1517,295.32,54500,16.44,,,0,,7,29532.00,172,1644.00,2995,100.00,18152,10.00,38383,5.00
98,2008-08-14,8,19,30,32,52,75,85,79,,,0,,0,,25,18216.36,1887,241.34,63355,14.37,,,1,455409.00,9,24134.00,232,1437.00,3247,100.00,20215,10.00,41481,5.00
99,2008-08-16,7,10,35,64,77,89,21,83,,,0,,1,629002.67,20,23587.60,1708,276.20,63707,14.81,,,0,,5,27620.00,156,1481.00,3000,100.00,18870,10.00,40414,5.00
100,2008-08-19,5,7,13,33,66,79,84,27,,,0,,0,,19,24136.40,1851,247.75,68871,13.31,,,0,,2,24775.00,249,1331.00,3412,100.00,19267,10.00,39039,5.00
101,2008-08-21,2,4,11,37,62,75,19,25,,,0,,0,,8,57151.08,1563,292.51,62026,14.74,,,0,,9,29251.00,199,1474.00,2951,100.00,19343,10.00,39985,5.00
102,2008-08-23,21,31,37,64,75,88,41,27,,,0,,0,,12,45953.70,1297,425.16,52441,21.03,,,0,,3,42516.00,199,2103.00,3016,100.00,20366,10.00,46136,5.00
103,2008-08-26,7,23,28,50,80,87,27,63,,,0,,0,,22,22487.65,1756,281.73,62892,15.73,,,0,,4,28173.00,211,1573.00,3268,100.00,20400,10.00,42664,5.00
104,2008-08-28,18,19,36,39,58,88,53,16,,,0,,0,,16,31369.13,1638,306.41,59935,16.74,,,0,,7,30641.00,232,1674.00,3395,100.00,21066,10.00,43749,5.00
105,2008-08-30,24,26,33,36,38,73,74,29,,,0,,0,,15,41505.17,1606,387.65,62773,19.83,,,0,,1,38765.00,236,1983.00,3450,100.00,24599,10.00,54948,5.00
106,2008-09-02,6,29,30,78,81,88,26,27,,,0,,0,,14,38331.41,1746,307.35,64326,16.68,,,0,,3,30735.00,255,1668.00,3385,100.00,22508,10.00,47555,5.00
107,2008-09-04,1,6,11,27,65,80,21,39,,,0,,0,,47,11525.92,3003,180.39,90608,11.95,,,0,,8,18039.00,259,1195.00,3934,100.00,23748,10.00,48043,5.00
108,2008-09-06,2,22,33,42,52,71,72,86,,,0,,0,,45,16300.82,3221,227.73,88462,16.58,,,0,,3,22773.00,295,1658.00,4419,100.00,30434,10.00,65620,5.00
109,2008-09-09,1,3,20,43,51,78,12,83,,,0,,1,813782.25,20,30516.84,2020,302.14,80803,15.10,,,0,,21,30214.00,422,1510.00,4904,100.00,26756,10.00,55507,5.00
110,2008-09-11,27,31,35,53,54,78,45,27,,,0,,0,,34,17899.19,1992,305.50,62312,19.53,,,0,,7,30550.00,203,1953.00,3545,100.00,24160,10.00,57349,5.00
111,2008-09-13,28,38,41,58,67,80,85,79,,,0,,0,,25,31247.92,4383,178.23,85627,18.24,,,0,,16,17823.00,292,1824.00,4609,100.00,28977,10.00,67960,5.00
112,2008-09-16,21,30,32,41,47,67,49,24,,,0,,0,,6,106281.80,1667,382.53,63809,19.98,,,0,,4,38253.00,252,1998.00,4022,100.00,25052,10.00,58261,5.00
113,2008-09-18,15,18,21,57,59,61,19,56,,,0,,0,,24,26830.11,1845,349.00,69237,18.60,,,0,,7,34900.00,227,1860.00,3765,100.00,26007,10.00,58322,5.00
114,2008-09-20,7,12,36,73,77,85,1,80,,,0,,1,1091974.34,27,30332.63,2812,291.24,102276,16.01,,,0,,12,29124.00,336,1601.00,5678,100.00,33710,10.00,70483,5.00
115,2008-09-23,8,22,31,39,58,63,42,48,,,0,,0,,25,27956.88,2315,301.91,83408,16.75,,,0,,5,30191.00,293,1675.00,4355,100.00,29580,10.00,66530,5.00
116,2008-09-25,25,51,53,72,77,81,83,19,,,0,,0,,34,20172.62,2608,262.98,88368,15.52,,,0,,15,26298.00,271,1552.00,4118,100.00,27386,10.00,61499,5.00
117,2008-09-27,3,16,20,55,60,80,52,10,,,0,,1,1162913.42,30,29072.84,3197,272.81,117597,14.83,,,1,726821.00,12,27281.00,321,1483.00,6056,100.00,36512,10.00,78128,5.00
118,2008-09-30,5,34,43,53,71,78,73,28,,,0,,0,,15,50608.18,2236,339.50,78454,19.35,,,0,,15,33950.00,270,1935.00,4665,100.00,31263,10.00,70265,5.00
119,2008-10-02,2,41,59,68,74,86,31,56,,,0,,0,,18,44984.89,2255,359.08,82324,19.67,,,0,,5,35908.00,289,1967.00,5035,100.00,33572,10.00,74376,5.00
120,2008-10-04,31,58,80,81,88,89,65,79,,,0,,2,706017.90,26,40731.81,3503,302.31,111408,19.01,,,1,1018295.25,22,30231.00,369,1901.00,6063,100.00,39687,10.00,93609,5.00
121,2008-10-07,16,21,24,60,66,79,82,44,,,0,,0,,16,80294.07,2936,437.56,128130,20.05,,,0,,11,43756.00,465,2005.00,7833,100.00,54063,10.00,122267,5.00
122,2008-10-09,4,19,20,24,44,55,80,80,,,0,,1,2058827.37,64,24126.89,7052,218.96,242848,12.71,,,0,,23,21896.00,807,1271.00,11168,100.00,65158,10.00,133664,5.00
123,2008-10-11,7,9,35,61,67,68,53,26,,,0,,0,,51,40538.48,5837,354.19,234891,17.60,,,0,,16,35419.00,807,1760.00,13480,100.00,85761,10.00,181094,5.00
124,2008-10-14,11,14,43,46,61,70,82,73,,,0,,0,,49,42296.82,6158,336.56,228573,18.13,,,1,1057420.50,19,33656.00,771,1813.00,12541,100.00,86745,10.00,190295,5.00
125,2008-10-16,1,20,22,23,61,82,70,58,,,0,,2,1423140.39,49,43565.53,6134,348.01,246248,17.33,,,0,,22,34801.00,878,1733.00,14021,100.00,91038,10.00,193690,5.00
126,2008-10-18,8,25,33,48,58,90,53,63,,,0,,3,1172885.89,135,19548.10,12159,217.04,405979,13.00,,,0,,52,21704.00,1281,1300.00,19171,100.00,116278,10.00,234660,5.00
127,2008-10-21,4,47,76,78,81,86,6,49,,,0,,0,,59,44439.16,6488,404.11,252759,20.74,,,0,,14,40411.00,902,2074.00,15279,100.00,107223,10.00,250199,5.00
128,2008-10-23,7,20,21,74,75,81,33,10,,100756197.30,1,100756197.30,1,3757199.25,77,36596.10,8417,334.78,329577,17.10,,,0,,26,33478.00,1363,1710.00,19340,100.00,122285,10.00,258536,5.00
129,2008-10-25,13,16,28,32,71,85,78,67,,,0,,0,,21,55946.32,3301,355.91,125194,18.76,,,0,,19,35591.00,452,1876.00,7685,100.00,48936,10.00,108319,5.00
130,2008-10-28,5,9,50,80,82,88,89,18,,,0,,0,,19,49308.46,3687,254.09,135056,13.87,,,2,1232711.50,13,25409.00,537,1387.00,7425,100.00,45223,10.00,93879,5.00
131,2008-10-30,2,25,26,41,55,75,59,15,,,0,,1,1184579.74,16,55527.18,2160,411.31,95123,18.67,,,0,,9,41131.00,371,1867.00,6152,100.00,40259,10.00,86733,5.00
132,2008-11-03,16,21,33,42,52,66,19,75,,,0,,0,,19,49409.90,2901,323.60,106011,17.71,,,0,,11,32360.00,356,1771.00,6199,100.00,40778,10.00,93783,5.00
133,2008-11-04,6,28,32,39,57,85,47,51,,,0,,0,,21,32599.34,2136,320.49,75907,18.03,,,0,,12,32049.00,304,1803.00,4559,100.00,29223,10.00,65572,5.00
134,2008-11-06,24,26,31,39,49,81,89,29,,,0,,0,,18,44062.00,1782,445.07,73906,21.46,,,0,,5,44507.00,297,2146.00,4922,100.00,34476,10.00,78323,5.00
135,2008-11-08,3,31,33,37,52,54,17,42,,,0,,0,,20,47781.26,2734,349.53,112845,16.93,,,1,1194531.50,4,34953.00,401,1693.00,6617,100.00,43490,10.00,92751,5.00
136,2008-11-11,6,10,22,48,61,65,58,70,,,0,,0,,25,30801.19,2627,293.12,98151,15.69,,,0,,17,29312.00,372,1569.00,6023,100.00,35456,10.00,72989,5.00
137,2008-11-13,15,17,24,31,80,86,52,48,,,0,,1,986426.69,9,82202.23,1942,380.95,79311,18.65,,,0,,14,38095.00,332,1865.00,5172,100.00,34224,10.00,72859,5.00
138,2008-11-15,5,7,13,40,52,84,37,21,,,0,,0,,32,28237.99,3445,262.29,128615,14.05,,,0,,10,26229.00,499,1405.00,7348,100.00,42352,10.00,83228,5.00
139,2008-11-18,3,4,7,44,52,89,47,46,,,0,,0,,18,39998.40,3238,222.35,115721,12.44,,,1,999960.00,17,22235.00,419,1244.00,5935,100.00,35037,10.00,68200,5.00
140,2008-11-20,25,39,43,46,59,67,75,72,,,0,,0,,19,37121.80,1883,374.56,74930,18.82,,,0,,7,37456.00,310,1882.00,4526,100.00,30966,10.00,72778,5.00
141,2008-11-22,7,30,45,50,55,74,60,17,,,0,,0,,24,35914.13,2773,310.83,103013,16.73,,,0,,8,31083.00,343,1673.00,6371,100.00,39234,10.00,82740,5.00
142,2008-11-25,19,48,61,73,81,83,22,73,,,0,,0,,19,35628.13,1892,357.78,73388,18.44,,,0,,8,35778.00,348,1844.00,4903,100.00,31106,10.00,70197,5.00
143,2008-11-27,27,28,46,48,52,70,71,60,,,0,,0,,17,39351.85,1886,354.70,72694,18.40,,,0,,8,35470.00,295,1840.00,4592,100.00,30346,10.00,68162,5.00
144,2008-11-29,2,3,22,46,61,80,49,68,,,0,,0,,15,54900.36,2423,339.87,95529,17.24,,,1,1372509.00,14,33987.00,335,1724.00,5872,100.00,37327,10.00,81719,5.00
145,2008-12-02,8,9,17,33,80,86,22,6,,45084494.32,1,45084494.32,0,,22,30424.71,2878,232.57,106839,12.52,,,6,760617.75,13,23257.00,416,1252.00,5878,100.00,33023,10.00,65133,5.00
146,2008-12-04,17,44,49,60,66,81,74,34,,,0,,0,,15,40522.70,1639,370.86,63386,19.17,,,0,,13,37086.00,277,1917.00,4107,100.00,27460,10.00,63404,5.00
147,2008-12-06,30,46,54,56,72,86,22,85,,,0,,0,,27,28545.00,2417,318.87,82073,18.78,,,0,,10,31887.00,332,1878.00,5066,100.00,33446,10.00,79115,5.00
148,2008-12-09,1,38,47,50,58,65,22,45,,,0,,0,,10,57740.41,1343,429.93,57237,20.17,,,0,,9,42993.00,237,2017.00,3820,100.00,25717,10.00,58682,5.00
149,2008-12-11,40,60,68,72,84,89,90,65,,,0,,0,,17,34915.75,1655,358.65,58519,20.28,,,0,,15,35865.00,248,2028.00,3874,100.00,25984,10.00,63609,5.00
150,2008-12-13,28,32,45,61,63,76,43,11,,,0,,0,,14,53652.96,1852,405.58,69927,21.48,,,0,,5,40558.00,263,2148.00,4614,100.00,31517,10.00,78427,5.00
151,2008-12-16,17,20,48,62,85,90,69,39,,,0,,0,,24,25132.53,3964,152.16,83896,14.37,,,0,,12,15216.00,310,1437.00,4905,100.00,29033,10.00,61076,5.00
152,2008-12-18,9,26,29,31,58,70,21,43,,,0,,0,,11,54288.77,2004,297.99,73100,16.33,,,0,,7,29799.00,298,1633.00,4501,100.00,28170,10.00,60887,5.00
153,2008-12-20,12,14,29,48,49,85,79,14,,,0,,0,,13,56992.88,2090,354.50,80155,18.48,,,0,,13,35450.00,248,1848.00,5269,100.00,33806,10.00,74667,5.00
154,2008-12-23,30,45,66,69,75,80,63,52,,,0,,0,,13,48653.93,1804,350.61,71486,17.69,,,0,,5,35061.00,310,1769.00,4147,100.00,28597,10.00,66175,5.00
155,2008-12-24,17,32,33,50,61,82,67,56,,,0,,0,,12,38967.51,1116,419.00,44367,21.07,,,0,,6,41900.00,185,2107.00,3127,100.00,21797,10.00,49450,5.00
156,2008-12-27,8,25,31,65,87,90,28,1,,,0,,0,,42,15918.19,3439,194.40,100950,13.24,,,0,,20,19440.00,382,1324.00,5155,100.00,32151,10.00,64894,5.00
157,2008-12-30,23,32,38,40,51,71,48,52,,,0,,0,,22,29897.29,2126,309.37,71565,18.38,,,0,,7,30937.00,326,1838.00,4471,100.00,29184,10.00,68734,5.00
1,2009-01-02,16,19,29,34,48,64,53,34,,,0,,1,771505.66,19,30454.18,1568,369.02,64777,17.86,,,3,761354.50,16,36902.00,301,1786.00,4314,100.00,27819,10.00,61313,5.00
2,2009-01-03,17,24,25,40,58,64,27,51,,,0,,0,,16,39616.76,1631,388.63,68880,18.40,,,0,,11,38863.00,278,1840.00,4442,100.00,28884,10.00,62000,5.00
3,2009-01-07,14,31,35,40,50,66,68,16,,,0,,0,,14,41454.31,1454,399.14,58542,19.82,,,0,,9,39914.00,235,1982.00,3853,100.00,26355,10.00,60603,5.00
4,2009-01-08,14,23,24,41,71,73,63,33,,,0,,0,,14,35228.44,1483,332.56,54808,17.99,,,0,,5,33256.00,234,1799.00,3464,100.00,21842,10.00,49119,5.00
5,2009-01-10,2,15,35,54,60,78,27,64,,,0,,0,,10,71811.61,1721,417.26,69562,20.64,,,0,,7,41726.00,332,2064.00,4622,100.00,32108,10.00,74170,5.00
6,2009-01-13,9,14,21,55,66,90,4,28,,,0,,1,770203.00,32,18051.64,2388,241.89,86897,13.29,,,0,,6,24189.00,334,1329.00,4937,100.00,28318,10.00,57322,5.00
7,2009-01-15,8,15,24,25,44,55,86,76,,,0,,0,,13,44481.58,2370,243.99,86362,13.39,,,0,,6,24399.00,317,1339.00,4620,100.00,28186,10.00,57636,5.00
8,2009-01-17,13,17,25,55,64,85,11,36,,,0,,0,,34,21583.30,3302,222.23,112256,13.07,,,0,,13,22223.00,427,1307.00,5334,100.00,33523,10.00,72294,5.00
9,2009-01-20,19,35,49,52,75,79,41,7,,,0,,0,,11,54505.56,1634,366.92,61303,19.56,,,0,,2,36692.00,283,1956.00,4308,100.00,29099,10.00,67071,5.00
10,2009-01-22,1,2,40,52,67,82,23,78,,,0,,0,,8,73488.26,1498,392.46,67646,17.38,,,0,,6,39246.00,283,1738.00,4399,100.00,29211,10.00,61987,5.00
11,2009-01-24,2,4,13,23,28,68,49,13,,,0,,0,,61,11970.55,4481,162.95,124609,11.71,,,0,,10,16295.00,463,1171.00,6268,100.00,36330,10.00,74754,5.00
12,2009-01-27,20,31,44,51,65,74,71,66,,,0,,0,,17,34782.23,1400,422.35,57196,20.67,,,0,,11,42235.00,270,2067.00,4284,100.00,29495,10.00,65747,5.00
13,2009-01-29,27,32,55,65,76,86,60,51,,,0,,0,,33,17824.26,1643,358.00,57373,20.50,,,0,,7,35800.00,300,2050.00,4313,100.00,28442,10.00,66453,5.00
14,2009-01-31,1,3,8,38,83,88,16,85,,39735918.45,5,7947183.69,2,499459.58,243,3083.09,5303,141.27,143076,10.47,,,2,77077.25,17,14127.00,484,1047.00,6719,100.00,39521,10.00,78391,5.00
15,2009-02-03,11,13,17,49,51,61,8,13,,,0,,0,,26,21862.44,77222,14.72,0,,,,0,,9,25296.00,380,1472.00,5222,100.00,31156,10.00,66580,5.00
16,2009-02-05,7,18,27,33,35,43,28,56,,,0,,0,,13,43844.09,2018,282.44,72847,15.64,,,0,,12,28244.00,315,1564.00,4883,100.00,30509,10.00,64313,5.00
17,2009-02-07,8,23,58,61,76,79,90,71,,,0,,0,,14,51065.54,1789,399.61,71993,19.86,,,0,,11,39961.00,359,1986.00,5680,100.00,36421,10.00,79917,5.00
18,2009-02-10,11,18,47,80,89,90,70,9,,,0,,0,,20,28249.08,2569,219.92,87577,12.90,,,0,,19,21992.00,401,1290.00,4943,100.00,29794,10.00,61614,5.00
19,2009-02-12,3,24,31,32,61,85,17,4,,,0,,0,,18,30772.15,1449,382.26,58327,18.99,,,1,769303.75,7,38226.00,289,1899.00,4239,100.00,27877,10.00,62519,5.00
20,2009-02-14,7,32,43,50,68,73,31,13,,,0,,0,,28,25185.17,2172,324.67,74569,18.91,,,0,,6,32467.00,347,1891.00,5590,100.00,36685,10.00,82045,5.00
21,2009-02-17,17,20,63,78,82,85,42,78,,,0,,1,736175.72,10,55213.18,1370,403.01,56834,19.42,,,0,,8,40301.00,304,1942.00,4136,100.00,28003,10.00,61460,5.00
22,2009-02-19,28,30,32,33,34,52,14,17,,,0,,0,,24,22508.86,2022,267.16,54732,19.74,,,0,,11,26716.00,282,1974.00,3910,100.00,27407,10.00,63411,5.00
23,2009-02-21,6,39,40,41,50,54,2,34,,,0,,0,,18,38272.20,1837,375.01,67235,20.49,,,0,,11,37501.00,305,2049.00,5028,100.00,34404,10.00,75270,5.00
24,2009-02-24,33,38,47,67,68,81,51,90,,,0,,1,724467.99,8,67918.88,1292,420.55,54505,19.93,,,0,,8,42055.00,264,1993.00,3908,100.00,26775,10.00,61408,5.00
25,2009-02-26,10,19,25,35,51,73,66,56,,,0,,1,712823.84,22,24300.82,2159,247.62,74001,14.44,,,0,,10,24762.00,294,1444.00,4472,100.00,28086,10.00,58545,5.00
26,2009-02-28,6,26,56,65,69,82,19,14,,,0,,0,,15,45664.13,2241,305.65,82254,16.65,,,0,,11,30565.00,364,1665.00,5512,100.00,33892,10.00,73380,5.00
27,2009-03-03,20,39,42,45,74,77,81,12,,,0,,0,,17,32338.30,1460,376.54,56973,19.29,,,0,,12,37654.00,237,1929.00,4176,100.00,27569,10.00,62029,5.00
28,2009-03-05,29,36,37,40,70,75,7,40,,,0,,0,,18,29871.29,1596,336.89,57112,18.82,,,0,,4,33689.00,266,1882.00,4019,100.00,26217,10.00,60685,5.00
29,2009-03-07,4,14,45,53,77,84,69,57,,,0,,0,,23,29889.30,2332,294.79,82376,16.69,,,0,,6,29479.00,366,1669.00,5192,100.00,33987,10.00,74855,5.00
30,2009-03-10,33,57,63,65,78,88,55,79,,,0,,0,,4,134341.09,1366,393.38,55732,19.28,,,0,,7,39338.00,243,1928.00,3855,100.00,26050,10.00,59959,5.00
31,2009-03-12,2,10,19,36,78,90,83,6,,,0,,0,,33,15882.63,2942,178.15,90745,11.55,,,0,,11,17815.00,361,1155.00,4555,100.00,26796,10.00,53004,5.00
32,2009-03-14,10,15,46,51,65,75,29,17,,,0,,0,,10,67746.70,1794,377.62,71752,18.88,,,0,,11,37762.00,306,1888.00,4896,100.00,32359,10.00,73994,5.00
33,2009-03-17,3,38,44,50,53,70,22,64,,,0,,0,,17,31392.18,1554,343.41,62028,17.20,,,0,,3,34341.00,304,1720.00,4441,100.00,28694,10.00,61232,5.00
34,2009-03-19,1,39,40,52,54,64,37,38,,,0,,0,,5,105846.14,1059,499.74,51182,20.68,,,0,,4,49974.00,230,2068.00,3886,100.00,26511,10.00,58525,5.00
35,2009-03-21,4,39,43,59,74,90,30,26,,,0,,1,893797.72,21,31921.35,1855,361.37,73700,18.19,,,0,,4,36137.00,286,1819.00,4931,100.00,32473,10.00,70959,5.00
36,2009-03-24,1,9,11,21,36,47,29,20,,,0,,0,,35,15280.74,3427,156.06,102479,10.43,,,0,,9,15606.00,441,1043.00,4876,100.00,27862,10.00,55226,5.00
37,2009-03-26,13,21,70,71,72,85,82,12,,,0,,1,718548.21,11,48991.93,1560,345.45,61523,17.51,,,0,,11,34545.00,276,1751.00,4301,100.00,27139,10.00,58672,5.00
38,2009-03-28,1,10,55,61,72,77,30,75,,,0,,0,,11,63058.20,2160,321.12,86381,16.06,,,0,,10,32112.00,405,1606.00,5827,100.00,34637,10.00,72664,5.00
39,2009-03-31,2,4,16,20,29,53,65,16,,,0,,1,727686.03,20,27288.23,3117,175.09,93959,11.61,,,0,,17,17509.00,343,1161.00,4909,100.00,28391,10.00,60767,5.00
40,2009-04-02,3,12,16,30,84,89,18,3,,,0,,0,,34,16012.23,2256,241.31,79892,13.62,,,1,400305.75,6,24131.00,290,1362.00,4640,100.00,27374,10.00,57554,5.00
41,2009-04-04,2,3,4,27,34,42,59,55,,,0,,0,,52,13153.79,3297,207.46,118946,11.50,,,0,,14,20746.00,404,1150.00,5855,100.00,34700,10.00,70696,5.00
42,2009-04-07,3,37,54,65,87,89,58,16,,,0,,0,,15,35568.41,1564,341.12,57849,18.44,,,0,,4,34112.00,261,1844.00,3993,100.00,26494,10.00,59168,5.00
43,2009-04-09,2,23,36,62,75,79,48,21,,,0,,0,,10,53418.71,1234,432.89,50464,21.17,,,0,,8,43289.00,221,2117.00,3710,100.00,26336,10.00,58329,5.00
44,2009-04-11,6,34,59,61,83,90,53,60,,,0,,0,,16,42264.33,1859,363.75,75316,17.95,,,0,,4,36375.00,328,1795.00,5154,100.00,32824,10.00,70828,5.00
45,2009-04-14,2,5,20,43,64,83,66,4,,,0,,0,,13,37417.26,1528,318.34,64340,15.12,,,0,,8,31834.00,252,1512.00,3856,100.00,24229,10.00,50444,5.00
46,2009-04-16,3,9,17,38,54,62,64,28,,,0,,0,,15,35416.58,2133,249.06,79299,13.39,,,1,885414.50,5,24906.00,362,1339.00,4967,100.00,28728,10.00,58255,5.00
47,2009-04-18,20,46,48,62,71,86,44,80,,,0,,0,,9,75319.84,1581,428.76,69320,19.55,,,0,,1,42876.00,268,1955.00,4568,100.00,31476,10.00,73425,5.00
48,2009-04-21,19,22,26,59,61,71,57,88,,,0,,0,,13,41437.44,1528,352.54,59685,18.05,,,0,,3,35254.00,281,1805.00,4211,100.00,26727,10.00,57745,5.00
49,2009-04-23,24,29,40,71,74,78,21,57,,,0,,0,,16,33340.75,1289,413.84,52111,20.47,,,0,,6,41384.00,242,2047.00,3761,100.00,25396,10.00,58245,5.00
50,2009-04-27,7,40,54,64,69,71,67,70,,,0,,0,,11,54737.26,1642,366.69,66561,18.09,,,0,,3,36669.00,244,1809.00,4449,100.00,29807,10.00,65363,5.00
51,2009-04-28,11,12,32,55,72,87,88,36,,,0,,1,625049.16,11,42616.99,1474,318.03,58938,15.90,,,0,,5,31803.00,259,1590.00,3766,100.00,23039,10.00,47943,5.00
52,2009-04-30,28,64,65,77,85,89,47,22,,,0,,0,,10,54969.89,1299,423.17,52237,21.04,,,0,,7,42317.00,239,2104.00,4139,100.00,26644,10.00,62333,5.00
53,2009-05-02,2,25,31,38,45,84,24,62,,,0,,0,,10,61051.54,1595,382.76,63901,19.10,,,0,,4,38276.00,258,1910.00,4440,100.00,28294,10.00,62308,5.00
54,2009-05-05,7,12,19,43,71,77,44,36,,,0,,1,740026.88,39,14231.29,3049,182.03,95711,11.59,,,0,,9,18203.00,368,1159.00,4932,100.00,28355,10.00,57759,5.00
55,2009-05-07,31,43,67,69,76,80,1,67,,,0,,0,,10,54376.36,1268,428.83,50818,21.40,,,1,1359409.00,2,42883.00,202,2140.00,3692,100.00,25919,10.00,62101,5.00
56,2009-05-09,9,11,40,48,68,84,6,47,,,0,,0,,22,30757.35,2445,276.75,86753,15.59,,,0,,10,27675.00,309,1559.00,5243,100.00,33818,10.00,69938,5.00
57,2009-05-12,4,9,22,23,47,73,45,2,,,0,,1,715271.27,29,18498.40,2857,187.76,90181,11.89,,,0,,8,18776.00,352,1189.00,4785,100.00,27768,10.00,57206,5.00
58,2009-05-14,1,22,41,69,73,89,39,54,,,0,,0,,14,38856.56,1599,340.20,61659,17.64,,,0,,4,34020.00,235,1764.00,4342,100.00,26936,10.00,57866,5.00
59,2009-05-16,39,50,55,57,78,82,81,52,,,0,,0,,21,33306.27,1876,372.83,69403,20.15,,,1,832656.75,7,37283.00,309,2015.00,4635,100.00,30705,10.00,73228,5.00
60,2009-05-19,36,55,62,66,81,85,9,33,,,0,,0,,22,25301.62,1714,324.75,62840,17.71,,,0,,4,32475.00,293,1771.00,3963,100.00,25128,10.00,60305,5.00
61,2009-05-21,11,14,17,24,39,48,64,15,,,0,,0,,19,29099.75,2037,271.42,77364,14.29,,,0,,13,27142.00,300,1429.00,4359,100.00,26491,10.00,56388,5.00
62,2009-05-23,9,25,29,43,48,54,65,12,,,0,,1,904095.73,19,35687.99,2390,283.71,83156,16.30,,,0,,7,28371.00,319,1630.00,4998,100.00,32056,10.00,70965,5.00
63,2009-05-26,6,33,35,64,66,77,85,50,,,0,,0,,20,27580.32,1546,356.79,62440,17.66,,,0,,3,35679.00,258,1766.00,4201,100.00,26926,10.00,58284,5.00
64,2009-05-28,5,27,37,63,67,77,75,49,,,0,,0,,18,30824.23,2223,249.58,72068,15.39,,,1,770605.75,11,24958.00,356,1539.00,4575,100.00,27024,10.00,57673,5.00
65,2009-05-30,1,13,17,31,58,62,74,2,,,0,,1,941950.58,33,21407.97,3241,217.97,103382,13.66,,,0,,8,21797.00,396,1366.00,5457,100.00,33158,10.00,71585,5.00
66,2009-06-03,32,33,37,43,44,79,74,71,,,0,,1,778220.00,11,53060.46,1293,451.40,52178,22.37,,,0,,3,45140.00,270,2237.00,3923,100.00,25212,10.00,61556,5.00
67,2009-06-04,7,57,60,67,69,90,14,22,,,0,,1,687133.45,12,42945.85,1635,315.19,66491,15.50,,,0,,7,31519.00,257,1550.00,3990,100.00,24604,10.00,52886,5.00
68,2009-06-06,8,14,16,18,56,60,69,20,,,0,,0,,47,15912.32,4590,162.93,114426,13.07,,,0,,17,16293.00,462,1307.00,6417,100.00,36073,10.00,75323,5.00
69,2009-06-09,14,17,39,47,58,85,61,45,,,0,,0,,33,18158.31,2005,298.86,70608,16.97,,,0,,7,29886.00,328,1697.00,4645,100.00,28990,10.00,65592,5.00
70,2009-06-11,4,10,24,59,72,83,47,15,,,0,,0,,13,45840.67,2065,288.58,77276,15.42,,,0,,4,28858.00,303,1542.00,4658,100.00,28292,10.00,59875,5.00
71,2009-06-13,8,19,25,73,76,84,33,78,,,0,,0,,35,20868.81,2798,261.04,99363,14.70,,,0,,16,26104.00,362,1470.00,5912,100.00,35175,10.00,71964,5.00
72,2009-06-16,6,14,39,47,63,82,74,61,,,0,,0,,13,48170.73,1747,358.45,68338,18.32,,,0,,12,35845.00,305,1832.00,4814,100.00,31994,10.00,68663,5.00
73,2009-06-18,15,27,31,52,74,77,54,46,,,0,,0,,29,21855.42,2203,287.70,73111,17.33,,,0,,8,28770.00,362,1733.00,5007,100.00,32485,10.00,70693,5.00
74,2009-06-20,1,7,38,58,62,78,79,74,,,0,,0,,12,65822.46,2096,376.84,85489,18.47,,,0,,23,37684.00,488,1847.00,6254,100.00,39052,10.00,80799,5.00
75,2009-06-23,2,3,37,38,58,59,24,53,,,0,,0,,20,33733.01,1546,436.39,68606,19.66,,,0,,6,43639.00,306,1966.00,5386,100.00,34736,10.00,74471,5.00
76,2009-06-25,23,36,38,52,62,63,43,81,,,0,,0,,10,68636.75,1641,418.26,63987,21.45,,,0,,6,41826.00,268,2145.00,4520,100.00,32359,10.00,75066,5.00
77,2009-06-27,29,56,66,77,88,89,45,39,,,0,,0,,41,21336.17,3029,288.80,104920,16.67,,,0,,11,28880.00,330,1667.00,6165,100.00,39010,10.00,87685,5.00
78,2009-06-30,12,19,24,51,56,78,3,87,,,0,,0,,30,25693.48,3032,254.22,100365,15.36,,,0,,5,25422.00,410,1536.00,5933,100.00,37544,10.00,82528,5.00
79,2009-07-02,12,13,38,46,47,72,5,17,,,0,,0,,16,51596.24,2420,341.13,95646,17.26,,,0,,10,34113.00,488,1726.00,7179,100.00,47144,10.00,103865,5.00
80,2009-07-04,6,35,53,67,75,89,2,66,,,0,,0,,20,51493.93,2595,396.87,100762,20.44,,,0,,9,39687.00,440,2044.00,7189,100.00,49556,10.00,108194,5.00
81,2009-07-07,41,44,55,56,68,79,40,17,,,0,,0,,7,121635.72,2049,415.54,82749,20.57,,,0,,15,41554.00,432,2057.00,6621,100.00,44890,10.00,106969,5.00
82,2009-07-09,7,29,57,60,79,87,84,11,,,0,,0,,13,64741.42,2412,348.93,98416,17.10,,,0,,23,34893.00,570,1710.00,7366,100.00,45240,10.00,94667,5.00
83,2009-07-11,8,21,32,33,60,69,48,64,,,0,,0,,31,35204.99,3463,315.14,126650,17.23,,,0,,4,31514.00,561,1723.00,8201,100.00,54841,10.00,114751,5.00
84,2009-07-14,33,35,47,51,62,89,5,74,,,0,,0,,20,50953.96,2394,425.68,95638,21.31,,,0,,8,42568.00,435,2131.00,7032,100.00,46983,10.00,108120,5.00
85,2009-07-16,6,35,38,48,58,76,26,79,,,0,,0,,23,45723.12,2791,376.79,112422,18.70,,,0,,7,37679.00,415,1870.00,7045,100.00,49533,10.00,110607,5.00
86,2009-07-18,4,32,34,56,61,82,81,6,,,0,,0,,38,35105.20,3219,414.41,128634,20.74,,,0,,16,41441.00,495,2074.00,9192,100.00,63240,10.00,145936,5.00
87,2009-07-21,27,32,40,49,75,82,5,84,,,0,,2,963164.32,48,30098.89,3719,388.47,138965,20.79,,,0,,13,38847.00,627,2079.00,9541,100.00,65762,10.00,154876,5.00
88,2009-07-23,9,12,60,69,72,89,2,80,,,0,,1,2079823.26,29,53788.54,5209,299.45,205799,15.15,,,0,,28,29945.00,871,1515.00,12675,100.00,79420,10.00,162882,5.00
89,2009-07-25,7,35,36,41,45,88,52,46,,,0,,1,2432540.28,35,52125.87,4619,394.97,195609,18.65,,,0,,27,39497.00,810,1865.00,14078,100.00,94258,10.00,205296,5.00
90,2009-07-28,1,21,29,40,63,70,39,26,,,0,,3,811204.16,53,34437.92,5845,312.26,220819,16.53,,,0,,40,31226.00,969,1653.00,14575,100.00,92498,10.00,199387,5.00
91,2009-07-30,2,68,77,81,83,84,19,7,,,0,,0,,35,51062.51,3854,463.72,170475,20.96,,,1,1276562.75,19,46372.00,814,2096.00,13707,100.00,95858,10.00,212757,5.00
92,2009-08-01,17,21,23,31,33,37,79,51,,,0,,1,2756718.40,125,16540.32,9308,222.12,277284,14.91,,,1,413508.00,41,22212.00,1244,1491.00,17086,100.00,100817,10.00,206244,5.00
93,2009-08-04,4,8,51,72,74,88,85,41,,,0,,1,2710352.76,68,29893.60,7330,277.32,282098,14.41,,,0,,40,27732.00,1163,1441.00,17085,100.00,103521,10.00,214290,5.00
94,2009-08-06,40,41,49,56,61,63,2,67,,,0,,0,,53,38478.90,4405,462.96,175465,23.24,,,1,961972.50,16,46296.00,739,2324.00,13500,100.00,92283,10.00,226565,5.00
95,2009-08-08,24,51,58,61,74,77,43,20,,,0,,0,,36,62003.24,5094,438.18,206453,21.62,,,0,,27,43818.00,858,2162.00,15387,100.00,105279,10.00,252334,5.00
96,2009-08-11,26,29,40,50,54,72,78,85,,,0,,0,,51,40344.67,6716,306.36,251927,16.33,,,1,1008616.75,39,30636.00,1354,1633.00,15737,100.00,96616,10.00,214572,5.00
97,2009-08-13,11,29,56,63,88,90,22,8,,,0,,0,,53,40874.77,8023,270.01,286457,15.12,,,1,1021869.25,30,27001.00,1287,1512.00,19664,100.00,121367,10.00,252894,5.00
98,2009-08-17,4,10,27,28,34,57,71,58,,,0,,0,,73,31791.26,9294,249.70,330037,14.06,,,0,,27,24970.00,1372,1406.00,20303,100.00,120783,10.00,248922,5.00
99,2009-08-18,2,19,43,49,77,82,50,7,,,0,,0,,45,40794.98,4976,368.92,202411,18.13,,,0,,19,36892.00,970,1813.00,15181,100.00,100030,10.00,216643,5.00
100,2009-08-20,2,16,38,67,70,84,4,44,,,0,,2,1444200.35,49,44210.22,5625,385.12,222477,19.47,,,0,,25,38512.00,1062,1947.00,17211,100.00,114005,10.00,247740,5.00
101,2009-08-22,10,11,27,45,79,88,42,63,,147807299.08,1,147807299.08,0,,78,28598.19,7709,289.35,290421,15.36,,,0,,29,28935.00,1298,1536.00,18716,100.00,115846,10.00,241964,5.00
102,2009-08-25,4,5,22,48,53,86,41,10,,,0,,0,,42,24728.42,3955,262.60,140889,14.74,,,1,618210.50,13,26260.00,639,1474.00,9879,100.00,60561,10.00,121963,5.00
103,2009-08-27,15,20,36,69,74,87,86,53,,,0,,0,,16,60951.19,2458,396.75,97613,19.98,,,0,,11,39675.00,476,1998.00,7370,100.00,50043,10.00,110535,5.00
104,2009-08-29,15,19,26,34,67,69,50,77,,,0,,0,,26,42258.01,3045,360.82,124670,17.62,,,0,,20,36082.00,622,1762.00,9151,100.00,59106,10.00,126695,5.00
105,2009-09-01,12,14,19,38,41,45,31,28,,,0,,0,,44,20939.06,3796,242.70,124976,14.74,,,0,,12,24270.00,591,1474.00,8482,100.00,51650,10.00,108838,5.00
106,2009-09-03,18,54,56,58,62,66,32,45,,,0,,1,1192581.39,59,15159.94,2925,305.79,91974,19.44,,,0,,8,30579.00,436,1944.00,7735,100.00,48922,10.00,113396,5.00
107,2009-09-05,15,31,39,49,64,85,56,44,,,0,,0,,23,45231.18,2458,423.23,97759,21.28,,,0,,9,42323.00,434,2128.00,7460,100.00,51269,10.00,122989,5.00
108,2009-09-08,6,13,41,71,75,86,58,36,,,0,,1,1154302.14,32,27053.96,2566,337.38,100992,17.14,,,0,,17,33738.00,516,1714.00,7737,100.00,46706,10.00,102473,5.00
109,2009-09-10,17,39,41,47,77,83,63,34,,,0,,0,,26,32166.82,2653,315.24,101521,16.47,,,0,,13,31524.00,417,1647.00,6391,100.00,41578,10.00,94490,5.00
110,2009-09-12,5,21,26,45,47,49,11,29,,,0,,0,,28,35152.20,3153,312.16,117985,16.68,,,0,,14,31216.00,583,1668.00,8272,100.00,52068,10.00,110919,5.00
111,2009-09-15,26,60,61,72,85,88,73,54,,,0,,0,,12,67189.35,1801,447.68,74082,21.76,,,0,,6,44768.00,392,2176.00,5895,100.00,39245,10.00,94263,5.00
112,2009-09-17,19,32,34,63,74,89,55,85,,,0,,0,,15,52121.57,1845,423.75,73726,21.20,,,0,,8,42375.00,342,2120.00,5685,100.00,37739,10.00,85654,5.00
113,2009-09-19,4,8,20,21,44,80,77,18,,,0,,0,,61,15384.57,6005,156.27,169235,11.09,,,0,,24,15627.00,719,1109.00,9470,100.00,53364,10.00,106941,5.00
114,2009-09-22,17,40,50,73,74,82,19,28,,,0,,0,,18,42129.19,2148,353.03,78424,19.33,,,0,,11,35303.00,321,1933.00,5666,100.00,37804,10.00,88494,5.00
115,2009-09-24,5,9,25,30,76,81,6,68,,,0,,1,982207.64,65,11333.17,5192,141.88,135413,10.88,,,0,,23,14188.00,569,1088.00,6653,100.00,38521,10.00,78649,5.00
116,2009-09-26,34,69,70,73,82,90,80,77,,,0,,0,,17,52013.58,2171,407.29,90287,19.58,,,0,,11,40729.00,426,1958.00,6860,100.00,45835,10.00,100755,5.00
117,2009-09-29,10,22,24,45,67,76,71,48,,,0,,0,,16,44634.34,2001,356.89,79914,17.87,,,0,,13,35689.00,344,1787.00,5771,100.00,36452,10.00,79601,5.00
118,2009-10-01,4,19,34,52,68,77,63,47,,,0,,0,,27,25086.23,1969,343.99,83728,16.17,,,0,,7,34399.00,447,1617.00,5798,100.00,37263,10.00,78105,5.00
119,2009-10-03,28,38,59,60,71,83,54,33,,,0,,0,,25,32251.85,2140,376.77,79625,20.25,,,0,,13,37677.00,359,2025.00,5634,100.00,38023,10.00,90696,5.00
120,2009-10-06,23,24,49,69,70,72,88,4,,,0,,1,852300.82,13,49171.21,1793,356.51,70674,18.08,,,0,,9,35651.00,303,1808.00,4986,100.00,31856,10.00,70635,5.00
121,2009-10-08,1,12,17,65,70,90,24,9,,,0,,0,,61,10108.44,4331,142.37,124860,9.87,,,1,252711.00,15,14237.00,559,987.00,6696,100.00,35540,10.00,69315,5.00
122,2009-10-10,9,33,34,52,82,83,51,16,,,0,,2,508580.55,25,30514.84,1895,402.57,77037,19.80,,,0,,4,40257.00,348,1980.00,5840,100.00,38576,10.00,84558,5.00
123,2009-10-13,5,11,40,43,56,82,7,23,,,0,,0,,11,55120.67,1895,319.96,75796,15.99,,,0,,6,31996.00,339,1599.00,5417,100.00,35205,10.00,71920,5.00
124,2009-10-15,3,29,51,55,73,81,83,23,,,0,,0,,73,8076.57,2901,203.23,84820,13.90,,,0,,14,20323.00,362,1390.00,4872,100.00,31585,10.00,67183,5.00
125,2009-10-17,8,24,45,47,72,84,78,27,,,0,,0,,28,26214.08,2514,291.96,92231,15.91,,,0,,18,29196.00,420,1591.00,6026,100.00,40375,10.00,86217,5.00
126,2009-10-20,41,47,49,55,77,90,22,75,,,0,,1,777381.17,14,41645.42,2104,277.10,72972,15.97,,,0,,2,27710.00,300,1597.00,4514,100.00,28030,10.00,62116,5.00
127,2009-10-22,29,33,34,64,65,87,37,42,,,0,,0,,3,189030.83,1292,438.92,51062,22.21,,,0,,5,43892.00,217,2221.00,3867,100.00,24861,10.00,59681,5.00
128,2009-10-24,6,26,37,38,55,73,22,63,,,0,,1,950981.72,19,37538.76,2175,327.92,81688,17.46,,,0,,12,32792.00,385,1746.00,5207,100.00,34576,10.00,74982,5.00
129,2009-10-27,38,43,44,45,63,77,42,49,,,0,,0,,11,52053.72,1412,405.51,57730,19.83,,,0,,8,40551.00,216,1983.00,3746,100.00,26327,10.00,62249,5.00
130,2009-10-29,29,37,42,52,54,59,79,18,,,0,,0,,20,28107.03,1709,328.92,60065,18.71,,,0,,10,32892.00,266,1871.00,4308,100.00,26945,10.00,63286,5.00
131,2009-10-31,13,16,41,49,58,76,47,23,,,0,,0,,18,39051.13,1735,405.14,66752,21.06,,,0,,9,40514.00,250,2106.00,5059,100.00,34346,10.00,81261,5.00
132,2009-11-03,22,35,44,66,71,88,76,44,,,0,,0,,25,22582.55,3227,174.94,73852,15.28,,,0,,19,17494.00,327,1528.00,4732,100.00,28937,10.00,63401,5.00
133,2009-11-05,12,20,28,57,74,85,41,6,,,0,,0,,20,28062.23,1623,345.80,65329,17.18,,,0,,10,34580.00,307,1718.00,4302,100.00,28230,10.00,61029,5.00
134,2009-11-07,9,11,70,74,75,84,80,7,,,0,,0,,16,43907.68,2228,315.31,88003,15.96,,,0,,8,31531.00,397,1596.00,6717,100.00,41186,10.00,83642,5.00
135,2009-11-10,24,32,56,59,76,81,55,85,,,0,,0,,17,33054.21,1444,389.14,51893,21.65,,,0,,4,38914.00,255,2165.00,3619,100.00,25358,10.00,60327,5.00
136,2009-11-12,37,43,49,66,73,88,10,82,,,0,,0,,13,42951.53,2014,277.24,64783,17.23,,,0,,11,27724.00,265,1723.00,3625,100.00,22933,10.00,56216,5.00
137,2009-11-14,15,27,31,40,63,82,53,88,,,0,,0,,26,27102.04,1805,390.38,73897,19.07,,,0,,12,39038.00,302,1907.00,5321,100.00,34675,10.00,77262,5.00
138,2009-11-17,16,25,28,30,39,51,9,51,,,0,,0,,15,37556.98,1565,359.97,60506,18.62,,,0,,6,35997.00,242,1862.00,4343,100.00,27256,10.00,58340,5.00
139,2009-11-19,1,35,42,55,57,62,87,14,,,0,,0,,4,142552.22,1344,424.26,54033,21.10,,,0,,6,42426.00,240,2110.00,4174,100.00,28370,10.00,63188,5.00
140,2009-11-21,36,37,50,57,73,83,69,19,,,0,,0,,7,102326.72,1665,430.20,67623,21.18,,,0,,8,43020.00,374,2118.00,5568,100.00,36433,10.00,89778,5.00
141,2009-11-24,19,47,69,71,86,87,17,49,,,0,,0,,25,22865.62,1830,312.37,66911,17.08,,,0,,9,31237.00,237,1708.00,4231,100.00,27791,10.00,60581,5.00
142,2009-11-26,26,31,32,50,61,77,55,51,,,0,,0,,11,51423.59,1278,442.61,51491,21.97,,,0,,9,44261.00,198,2197.00,3528,100.00,24633,10.00,58092,5.00
143,2009-11-28,3,42,52,67,78,86,57,44,,,0,,0,,18,39932.85,2025,354.95,74398,19.32,,,0,,11,35495.00,306,1932.00,5730,100.00,34718,10.00,76933,5.00
144,2009-12-01,21,25,36,51,82,90,61,66,,,0,,0,,10,57561.41,1696,339.39,63653,18.08,,,0,,5,33939.00,264,1808.00,4157,100.00,27296,10.00,60029,5.00
145,2009-12-03,19,30,34,49,54,74,2,16,,,0,,0,,15,38801.64,1664,349.77,66222,17.57,,,0,,13,34977.00,356,1757.00,4673,100.00,30371,10.00,67064,5.00
146,2009-12-05,20,63,66,74,75,77,88,58,,,0,,0,,8,91269.37,1543,473.20,69502,21.01,,,0,,8,47320.00,317,2101.00,4892,100.00,33063,10.00,76794,5.00
147,2009-12-09,9,30,50,57,62,70,31,41,,,0,,0,,19,31288.75,1638,362.93,66462,17.88,,,0,,11,36293.00,337,1788.00,4642,100.00,28658,10.00,61897,5.00
148,2009-12-10,33,36,39,50,65,70,55,5,,,0,,1,706660.75,17,31176.21,1710,309.93,56606,18.72,,,0,,9,30993.00,257,1872.00,3957,100.00,25093,10.00,62172,5.00
149,2009-12-12,10,16,40,55,66,77,36,47,,,0,,0,,30,26091.48,2762,283.39,105021,14.90,,,0,,6,28339.00,463,1490.00,6527,100.00,41379,10.00,89916,5.00
150,2009-12-15,1,4,48,53,61,85,82,84,,,0,,0,,16,38891.58,2054,302.95,72139,17.25,,,0,,9,30295.00,291,1725.00,4488,100.00,28591,10.00,64821,5.00
151,2009-12-17,1,23,32,53,66,83,56,21,,,0,,0,,18,34592.43,1894,328.75,72541,17.16,,,1,864810.75,5,32875.00,325,1716.00,4926,100.00,31793,10.00,69693,5.00
152,2009-12-19,9,15,17,34,73,83,67,15,,,0,,0,,13,57586.32,2260,331.24,93010,16.09,,,0,,5,33124.00,485,1609.00,6975,100.00,42724,10.00,83977,5.00
153,2009-12-22,6,13,17,52,64,82,24,35,,,0,,0,,26,23876.57,2200,282.17,84177,14.74,,,0,,6,28217.00,358,1474.00,5256,100.00,31645,10.00,70543,5.00
154,2009-12-24,5,25,37,52,62,79,11,77,,,0,,0,,14,48029.72,1738,386.89,71203,18.88,,,0,,12,38689.00,356,1888.00,5499,100.00,36172,10.00,79068,5.00
155,2009-12-28,34,36,61,62,78,88,55,20,,,0,,0,,6,99121.47,1198,496.43,49722,23.92,,,0,,8,49643.00,226,2392.00,3864,100.00,27154,10.00,67944,5.00
156,2009-12-29,11,16,21,62,70,84,24,4,,,0,,0,,16,38133.63,1531,398.52,65900,18.51,,,0,,16,39852.00,428,1851.00,5005,100.00,31724,10.00,68243,5.00
157,2009-12-31,40,41,45,51,52,79,31,76,,,0,,0,,23,34286.82,1944,405.65,75885,20.78,,,0,,16,40565.00,378,2078.00,5642,100.00,37380,10.00,88350,5.00
1,2010-01-02,10,23,47,63,70,81,19,51,,,0,,0,,26,29364.92,2378,321.06,90355,16.89,,,0,,11,32106.00,355,1689.00,5646,100.00,37184,10.00,78329,5.00
2,2010-01-05,44,48,49,68,86,87,62,84,,,0,,0,,26,30407.65,2028,389.84,77878,20.30,,,0,,6,38984.00,328,2030.00,5228,100.00,35530,10.00,85221,5.00
3,2010-01-07,13,24,26,34,76,77,80,75,,,0,,0,,15,44090.33,1574,420.17,67010,19.73,,,0,,9,42017.00,289,1973.00,4693,100.00,31871,10.00,71640,5.00
4,2010-01-09,1,30,32,45,69,83,49,89,,,0,,0,,19,45640.05,2281,380.16,88924,19.50,,,0,,11,38016.00,392,1950.00,6138,100.00,41258,10.00,94391,5.00
5,2010-01-12,26,27,39,55,59,63,71,57,,,0,,0,,13,62026.88,2345,343.85,88809,18.15,,,0,,5,34385.00,405,1815.00,6205,100.00,41059,10.00,91643,5.00
6,2010-01-14,4,24,47,66,74,77,81,50,,,0,,1,1033403.21,20,38752.63,3150,246.04,98936,15.66,,,0,,12,24604.00,362,1566.00,6163,100.00,38404,10.00,84296,5.00
7,2010-01-16,14,18,32,33,46,88,35,62,,,0,,1,1265854.18,31,30625.51,4720,200.08,118632,15.93,,,0,,14,20008.00,488,1593.00,7020,100.00,45715,10.00,99676,5.00
8,2010-01-19,5,18,55,59,65,74,53,20,,,0,,0,,20,39691.31,2415,328.70,90052,17.63,,,0,,6,32870.00,410,1763.00,6644,100.00,43191,10.00,93392,5.00
9,2010-01-21,11,21,53,62,63,68,10,85,,,0,,0,,20,39303.91,2081,377.74,83744,18.77,,,0,,11,37774.00,434,1877.00,6283,100.00,38961,10.00,87712,5.00
10,2010-01-23,2,23,24,70,81,90,35,27,,,0,,0,,38,25698.33,3672,265.94,137752,14.17,,,1,642458.25,26,26594.00,695,1417.00,8868,100.00,54929,10.00,112641,5.00
11,2010-01-26,6,15,18,23,53,62,80,74,,,0,,0,,19,41066.99,2705,288.45,97487,16.00,,,0,,19,28845.00,387,1600.00,6233,100.00,38706,10.00,81490,5.00
12,2010-01-28,21,23,25,27,36,84,80,80,,,0,,0,,23,34098.52,2780,282.10,88136,17.79,,,0,,14,28210.00,367,1779.00,5860,100.00,39348,10.00,84699,5.00
13,2010-01-30,4,17,52,55,56,67,26,13,,,0,,1,1285561.44,16,60260.70,2691,358.29,117346,16.43,,,0,,7,35829.00,511,1643.00,9066,100.00,57851,10.00,123869,5.00
14,2010-02-02,8,26,32,40,62,88,87,18,,,0,,0,,21,38647.84,2499,324.77,91749,17.69,,,0,,6,32477.00,449,1769.00,6902,100.00,44011,10.00,95312,5.00
15,2010-02-04,11,25,36,49,53,85,55,49,,,0,,0,,26,30578.07,2380,334.04,91522,17.37,,,0,,15,33404.00,440,1737.00,6669,100.00,40768,10.00,87163,5.00
16,2010-02-06,24,40,43,51,53,88,31,68,,,0,,0,,33,29327.75,2651,365.07,102909,18.80,,,0,,12,36507.00,460,1880.00,6859,100.00,46305,10.00,104866,5.00
17,2010-02-09,20,22,24,40,51,80,60,82,,139022314.60,2,69511157.30,0,,37,21316.72,2896,272.34,99035,15.92,,,0,,11,27234.00,342,1592.00,5615,100.00,36924,10.00,79557,5.00
18,2010-02-11,4,19,32,58,73,87,29,35,,,0,,0,,15,38658.51,1690,343.12,67403,17.20,,,0,,6,34312.00,257,1720.00,4898,100.00,30505,10.00,65900,5.00
19,2010-02-13,1,14,26,49,71,89,40,4,,,0,,0,,21,34719.40,2166,336.61,81570,17.87,,,0,,8,33661.00,325,1787.00,5431,100.00,35843,10.00,76545,5.00
20,2010-02-16,46,48,63,68,83,85,13,29,,,0,,0,,9,64740.03,1324,440.07,52268,22.29,,,0,,3,44007.00,268,2229.00,4099,100.00,28058,10.00,69824,5.00
21,2010-02-18,7,34,49,51,58,86,69,83,,,0,,0,,13,44045.11,1488,384.80,57407,19.94,,,0,,8,38480.00,229,1994.00,3961,100.00,26583,10.00,60464,5.00
22,2010-02-20,19,26,63,67,68,83,6,5,,,0,,2,470896.36,9,78482.73,1848,382.22,78752,17.93,,,0,,10,38222.00,352,1793.00,5381,100.00,34641,10.00,78516,5.00
23,2010-02-23,12,30,35,44,49,62,22,30,,,0,,1,756352.29,5,113452.85,1367,414.97,53665,21.14,,,0,,6,41497.00,284,2114.00,4903,100.00,32531,10.00,68281,5.00
24,2010-02-25,1,64,67,68,79,90,59,25,,,0,,0,,12,46211.37,1506,368.21,60614,18.29,,,1,1155284.25,2,36821.00,276,1829.00,4814,100.00,31289,10.00,70899,5.00
25,2010-02-27,13,43,47,55,67,70,82,71,,,0,,1,922914.51,25,27687.44,2522,274.45,83077,16.66,,,0,,10,27445.00,329,1666.00,4899,100.00,32957,10.00,73771,5.00
26,2010-03-02,4,5,18,35,40,90,38,18,,,0,,1,743458.45,27,20651.63,2521,221.17,84669,13.17,,,0,,20,22117.00,386,1317.00,5712,100.00,31328,10.00,59825,5.00
27,2010-03-04,17,24,34,48,61,87,39,75,,,0,,0,,18,30629.09,1510,365.11,56095,19.65,,,0,,4,36511.00,243,1965.00,4064,100.00,26131,10.00,59824,5.00
28,2010-03-06,16,21,30,35,57,78,36,38,,,0,,0,,18,37970.25,1639,417.00,65294,20.93,,,0,,9,41700.00,322,2093.00,4972,100.00,33525,10.00,77918,5.00
29,2010-03-09,26,28,48,52,55,90,64,49,,,0,,0,,18,29521.92,1648,322.44,65129,16.31,,,0,,8,32244.00,245,1631.00,4020,100.00,26431,10.00,56696,5.00
30,2010-03-11,7,8,25,46,65,78,74,45,,,0,,0,,11,48176.56,1612,328.74,65592,16.15,,,0,,3,32874.00,292,1615.00,4560,100.00,29438,10.00,61958,5.00
31,2010-03-13,8,9,11,14,79,90,82,90,,,0,,0,,69,9671.48,5095,130.97,140056,9.52,,,0,,30,13097.00,804,952.00,9296,100.00,46037,10.00,83048,5.00
32,2010-03-16,6,15,21,27,49,85,66,81,,,0,,0,,24,22180.90,1880,283.16,69443,15.33,,,0,,3,28316.00,290,1533.00,4430,100.00,27492,10.00,59440,5.00
33,2010-03-18,4,5,29,58,71,84,49,35,,,0,,0,,10,52316.64,1792,291.94,65656,15.93,,,0,,6,29194.00,306,1593.00,4521,100.00,28091,10.00,57391,5.00
34,2010-03-20,4,18,26,47,61,80,35,15,,,0,,1,878796.25,10,65909.72,1943,339.21,73576,17.91,,,0,,10,33921.00,315,1791.00,5305,100.00,34114,10.00,72963,5.00
35,2010-03-23,20,29,44,54,64,69,23,59,,,0,,1,700230.43,15,35011.53,1395,376.46,55147,19.04,,,0,,10,37646.00,242,1904.00,4001,100.00,25207,10.00,55948,5.00
36,2010-03-25,6,50,67,69,77,88,32,75,,,0,,0,,13,39775.36,1491,346.80,60535,17.08,,,0,,5,34680.00,264,1708.00,3800,100.00,25260,10.00,54480,5.00
37,2010-03-27,44,45,58,65,66,85,16,35,,,0,,0,,14,45780.00,1664,385.16,60671,21.12,,,0,,10,38516.00,243,2112.00,4136,100.00,28954,10.00,70456,5.00
38,2010-03-30,8,30,64,69,80,88,35,5,,,0,,0,,13,38810.45,1710,295.05,63408,15.91,,,0,,6,29505.00,308,1591.00,4062,100.00,25478,10.00,55643,5.00
39,2010-04-01,23,25,37,38,50,86,43,31,,,0,,0,,16,31927.28,1278,399.71,50216,20.34,,,0,,3,39971.00,257,2034.00,4021,100.00,25942,10.00,57251,5.00
40,2010-04-03,2,16,19,47,49,57,27,23,,,0,,1,850627.63,38,16788.71,2438,261.67,86224,14.79,,,0,,17,26167.00,450,1479.00,6282,100.00,37253,10.00,78359,5.00
41,2010-04-06,1,30,67,68,71,80,56,84,,,0,,0,,10,46456.92,1171,396.72,48188,19.28,,,0,,8,39672.00,187,1928.00,3124,100.00,20850,10.00,46628,5.00
42,2010-04-08,7,29,36,50,56,75,25,51,,,0,,0,,13,38743.70,1343,375.03,52703,19.11,,,0,,5,37503.00,262,1911.00,3922,100.00,25279,10.00,53491,5.00
43,2010-04-10,6,31,58,64,74,82,33,36,,,0,,1,829262.01,11,56540.60,1440,431.90,58839,21.14,,,0,,5,43190.00,249,2114.00,4167,100.00,30681,10.00,70973,5.00
44,2010-04-13,33,42,46,55,69,90,83,45,,,0,,0,,15,33891.09,1757,289.33,62305,16.31,,,0,,12,28933.00,287,1631.00,4411,100.00,26669,10.00,58042,5.00
45,2010-04-15,34,37,38,39,59,90,42,86,,,0,,0,,15,33670.89,1522,331.84,51002,19.80,,,0,,6,33184.00,188,1980.00,3445,100.00,24150,10.00,54493,5.00
46,2010-04-17,30,54,66,67,76,90,14,5,,,0,,0,,14,44940.90,1433,439.05,60343,20.85,,,0,,4,43905.00,260,2085.00,4688,100.00,31006,10.00,70248,5.00
47,2010-04-20,4,14,40,41,54,79,50,55,,,0,,2,335109.46,19,26456.01,1648,305.01,56680,17.73,,,0,,8,30501.00,227,1773.00,4119,100.00,27136,10.00,60246,5.00
48,2010-04-22,6,25,29,44,68,74,76,88,,,0,,0,,26,19090.22,1643,302.09,60830,16.31,,,0,,14,30209.00,269,1631.00,4034,100.00,25683,10.00,55757,5.00
49,2010-04-24,6,7,45,46,67,85,31,21,,,0,,1,830922.51,24,25966.33,1686,369.62,68925,18.08,,,0,,13,36962.00,393,1808.00,5720,100.00,32492,10.00,68015,5.00
50,2010-04-27,4,26,28,59,61,68,60,42,,,0,,0,,15,32956.61,1469,336.52,57275,17.26,,,0,,7,33652.00,206,1726.00,3842,100.00,24138,10.00,52522,5.00
51,2010-04-29,31,38,49,54,62,76,60,87,,,0,,0,,8,60578.96,967,501.17,41016,23.63,,,0,,4,50117.00,205,2363.00,3030,100.00,22174,10.00,54157,5.00
52,2010-05-03,19,33,45,55,82,84,86,2,,,0,,0,,22,24119.34,1558,340.58,60575,17.51,,,0,,4,34058.00,259,1751.00,4148,100.00,26620,10.00,57742,5.00
53,2010-05-04,5,15,23,39,43,49,29,87,,,0,,1,573650.86,21,20487.54,1546,278.29,54952,15.65,,,0,,12,27829.00,217,1565.00,3262,100.00,20286,10.00,41978,5.00
54,2010-05-06,2,4,25,34,61,66,47,87,,,0,,1,648456.27,14,34738.73,1516,320.80,60624,16.04,,,0,,6,32080.00,263,1604.00,4007,100.00,24364,10.00,51523,5.00
55,2010-05-08,18,26,45,67,70,90,32,55,,,0,,0,,19,31890.56,2062,293.85,75227,16.10,,,0,,8,29385.00,308,1610.00,4799,100.00,30833,10.00,65982,5.00
56,2010-05-11,13,28,39,45,68,81,8,40,,,0,,0,,8,61633.31,1391,354.46,53862,18.30,,,0,,2,35446.00,228,1830.00,3830,100.00,24147,10.00,54200,5.00
57,2010-05-13,19,29,37,46,64,75,70,4,,,0,,0,,14,34911.40,1629,300.03,54984,17.77,,,0,,13,30003.00,226,1777.00,3789,100.00,24281,10.00,54986,5.00
58,2010-05-15,22,32,34,70,78,90,61,73,,,0,,0,,22,27622.96,1617,375.82,61836,19.65,,,0,,6,37582.00,275,1965.00,4423,100.00,28707,10.00,65372,5.00
59,2010-05-18,50,55,57,62,78,83,23,29,,,0,,0,,12,40933.56,1389,353.63,45666,21.51,,,0,,4,35363.00,236,2151.00,3403,100.00,22448,10.00,56211,5.00
60,2010-05-20,19,38,48,54,71,84,28,31,,,0,,0,,13,37349.07,1560,311.24,56711,17.12,,,0,,5,31124.00,280,1712.00,3831,100.00,23945,10.00,55792,5.00
61,2010-05-22,31,32,57,59,78,79,10,73,,,0,,0,,17,35259.89,1315,455.83,50287,23.83,,,0,,8,45583.00,256,2383.00,3563,100.00,26031,10.00,65129,5.00
62,2010-05-25,6,34,43,60,71,73,81,71,,,0,,0,,18,26565.40,1224,390.66,48281,19.80,,,0,,2,39066.00,264,1980.00,3670,100.00,23705,10.00,50704,5.00
63,2010-05-27,9,39,49,64,65,72,52,7,,,0,,0,,8,59542.24,1270,375.06,52962,17.98,,,0,,7,37506.00,269,1798.00,3859,100.00,26619,10.00,57848,5.00
64,2010-05-29,22,68,75,83,85,89,10,72,,,0,,0,,11,53491.85,1373,428.55,55848,21.07,,,0,,5,42855.00,270,2107.00,4069,100.00,27319,10.00,63268,5.00
65,2010-06-01,3,15,46,67,75,78,5,51,,,0,,0,,9,54409.75,1242,394.27,49468,19.79,,,0,,3,39427.00,228,1979.00,3428,100.00,22493,10.00,53919,5.00
66,2010-06-03,30,38,46,47,62,67,68,63,,,0,,1,601074.93,6,75134.37,1042,432.63,40937,22.02,,,0,,4,43263.00,156,2202.00,3173,100.00,21645,10.00,50446,5.00
67,2010-06-05,1,6,13,24,46,89,8,86,,,0,,0,,24,25396.66,2635,231.31,92227,13.21,,,0,,7,23131.00,346,1321.00,4667,100.00,28812,10.00,59226,5.00
68,2010-06-08,24,33,54,69,79,86,52,41,,,0,,0,,14,34865.91,1274,383.14,52311,18.66,,,0,,6,38314.00,191,1866.00,3362,100.00,22405,10.00,50291,5.00
69,2010-06-10,16,19,48,51,65,85,40,58,,,0,,0,,12,40002.27,1214,395.40,48415,19.82,,,0,,7,39540.00,249,1982.00,3646,100.00,23741,10.00,51928,5.00
70,2010-06-12,16,27,43,46,62,85,52,62,,,0,,0,,16,36464.25,1366,427.10,54297,21.49,,,0,,2,42710.00,198,2149.00,3693,100.00,25513,10.00,59410,5.00
71,2010-06-15,48,54,64,75,79,87,27,35,,,0,,0,,4,120201.64,1140,421.76,43270,22.22,,,0,,4,42176.00,252,2222.00,3527,100.00,23555,10.00,56876,5.00
72,2010-06-17,20,46,50,52,69,86,64,20,,,0,,0,,18,26696.31,1277,376.29,48286,19.90,,,0,,6,37629.00,310,1990.00,3984,100.00,24862,10.00,52643,5.00
73,2010-06-19,3,8,10,22,32,50,58,63,,,0,,0,,35,16743.58,3654,160.37,112974,10.37,,,0,,13,16037.00,345,1037.00,5228,100.00,29047,10.00,57464,5.00
74,2010-06-22,9,19,54,73,83,90,47,42,,,0,,0,,23,21237.03,2185,223.54,76461,12.77,,,0,,5,22354.00,341,1277.00,4496,100.00,24290,10.00,47864,5.00
75,2010-06-24,12,18,49,51,66,69,50,77,,,0,,0,,13,35861.34,1440,323.74,54741,17.03,,,0,,11,32374.00,223,1703.00,3885,100.00,24747,10.00,53741,5.00
76,2010-06-26,9,28,33,38,50,55,47,49,,,0,,0,,30,19332.96,2018,287.40,69739,16.63,,,0,,14,28740.00,302,1663.00,4433,100.00,29237,10.00,62429,5.00
77,2010-06-29,1,13,18,41,68,84,64,22,,,0,,0,,16,29538.62,1474,320.63,55559,17.01,,,0,,10,32063.00,225,1701.00,4395,100.00,27527,10.00,57351,5.00
78,2010-07-01,1,14,38,77,80,89,57,39,,,0,,0,,6,79400.24,1271,374.82,51007,18.67,,,0,,7,37482.00,244,1867.00,3518,100.00,23044,10.00,50093,5.00
79,2010-07-03,14,18,48,52,64,75,26,76,,,0,,0,,12,48399.49,1440,403.32,58255,19.93,,,0,,7,40332.00,255,1993.00,3803,100.00,25226,10.00,59283,5.00
80,2010-07-06,9,34,57,72,84,88,43,72,,,0,,0,,8,60484.13,1271,380.70,50567,19.13,,,0,,4,38070.00,226,1913.00,3598,100.00,23446,10.00,48101,5.00
81,2010-07-08,23,25,43,50,51,61,30,77,,,0,,0,,5,96403.69,1220,395.09,48475,19.88,,,0,,6,39509.00,201,1988.00,3673,100.00,24433,10.00,56809,5.00
82,2010-07-10,10,25,34,79,85,86,15,87,,,0,,0,,20,29463.58,1422,414.39,60422,19.50,,,0,,7,41439.00,262,1950.00,3903,100.00,26722,10.00,58229,5.00
83,2010-07-13,9,20,33,48,55,84,10,74,,,0,,1,660318.95,19,26065.23,1671,296.37,62290,15.90,,,0,,11,29637.00,207,1590.00,3843,100.00,24378,10.00,52348,5.00
84,2010-07-15,4,5,11,15,20,46,82,75,,,0,,1,662418.20,70,7097.34,4289,115.83,108171,9.18,,,0,,19,11583.00,389,918.00,4753,100.00,26076,10.00,52729,5.00
85,2010-07-17,1,9,32,56,71,79,10,39,,,0,,0,,15,42202.28,1807,350.32,71154,17.79,,,0,,6,35032.00,298,1779.00,4706,100.00,30603,10.00,64801,5.00
86,2010-07-20,19,33,45,50,54,86,63,89,,,0,,0,,20,27448.01,1745,314.59,61973,17.71,,,0,,6,31459.00,237,1771.00,4256,100.00,27143,10.00,59294,5.00
87,2010-07-22,30,37,41,45,47,57,82,24,,,0,,0,,11,49131.01,1651,327.34,58497,18.47,,,0,,8,32734.00,290,1847.00,4320,100.00,28438,10.00,67059,5.00
88,2010-07-24,37,47,51,54,78,82,26,70,,,0,,0,,32,20981.30,2106,318.80,67943,19.76,,,0,,10,31880.00,302,1976.00,4808,100.00,32808,10.00,77190,5.00
89,2010-07-27,37,47,69,75,86,88,6,65,,,0,,1,757733.22,25,22732.00,1768,321.43,59467,19.11,,,0,,6,32143.00,247,1911.00,4448,100.00,27834,10.00,64328,5.00
90,2010-07-29,6,7,11,19,34,49,73,21,,,0,,0,,39,14440.78,3851,146.24,116904,9.63,,,0,,18,14624.00,510,963.00,6040,100.00,30871,10.00,60273,5.00
91,2010-07-31,14,15,16,27,56,57,21,76,,,0,,0,,20,34365.52,2002,343.31,76733,17.91,,,0,,9,34331.00,294,1791.00,5104,100.00,32283,10.00,71736,5.00
92,2010-08-03,8,38,48,66,70,86,75,58,,,0,,0,,19,31588.34,1879,319.41,69459,17.28,,,0,,16,31941.00,296,1728.00,4434,100.00,29639,10.00,65804,5.00
93,2010-08-05,11,17,47,57,79,86,70,82,,,0,,1,841682.69,22,28693.73,2062,306.14,78262,16.13,,,0,,9,30614.00,315,1613.00,4795,100.00,31762,10.00,68756,5.00
94,2010-08-07,1,7,19,65,67,74,87,78,,,0,,0,,44,17470.77,3363,228.57,119610,12.85,,,0,,17,22857.00,466,1285.00,7014,100.00,40706,10.00,81645,5.00
95,2010-08-10,1,10,17,31,58,80,40,63,,,0,,1,860130.43,21,30718.95,3039,212.27,101895,12.66,,,0,,17,21227.00,476,1266.00,5802,100.00,33782,10.00,68953,5.00
96,2010-08-12,2,40,47,54,66,83,25,20,,,0,,0,,18,35547.52,1534,417.11,62446,20.49,,,0,,8,41711.00,260,2049.00,5068,100.00,33601,10.00,74515,5.00
97,2010-08-14,6,10,69,78,83,86,26,52,,,0,,0,,10,77021.43,2224,346.31,89316,17.24,,,0,,6,34631.00,477,1724.00,6523,100.00,40211,10.00,85057,5.00
98,2010-08-17,4,19,52,67,82,90,45,7,,,0,,0,,35,19018.26,2743,242.66,101531,13.11,,,1,475456.50,11,24266.00,483,1311.00,6910,100.00,41000,10.00,80543,5.00
99,2010-08-19,9,17,37,51,70,78,56,88,,,0,,1,953047.01,25,28591.42,2195,325.64,90326,15.82,,,0,,13,32564.00,427,1582.00,6138,100.00,38952,10.00,82643,5.00
100,2010-08-21,14,59,64,75,80,83,42,15,,,0,,0,,21,44680.34,2015,465.65,78872,23.79,,,0,,13,46565.00,380,2379.00,6804,100.00,48654,10.00,117078,5.00
101,2010-08-24,50,53,66,69,70,90,51,36,,,0,,0,,16,51842.59,2528,328.11,96968,17.10,,,0,,14,32811.00,434,1710.00,6682,100.00,44134,10.00,96598,5.00
102,2010-08-26,13,28,36,45,59,65,41,9,,,0,,0,,13,63457.07,2205,374.12,84444,19.53,,,0,,6,37412.00,428,1953.00,6614,100.00,44677,10.00,104266,5.00
103,2010-08-28,6,11,13,48,72,77,85,78,,,0,,0,,36,26569.49,4017,238.11,138732,13.78,,,0,,22,23811.00,574,1378.00,8216,100.00,50659,10.00,106778,5.00
104,2010-08-31,10,21,35,40,63,79,80,76,,,0,,0,,23,37281.75,3007,285.16,111711,15.35,,,0,,14,28516.00,594,1535.00,7203,100.00,44672,10.00,97044,5.00
105,2010-09-02,18,30,40,64,88,89,69,79,,,0,,0,,30,28523.80,2296,372.69,88746,19.28,,,0,,12,37269.00,375,1928.00,6859,100.00,44729,10.00,100744,5.00
106,2010-09-04,13,54,56,67,82,90,25,29,,,0,,0,,27,38283.59,3068,336.91,125563,16.46,,,0,,21,33691.00,583,1646.00,8818,100.00,56412,10.00,124072,5.00
107,2010-09-07,3,7,48,67,87,90,31,60,,,0,,0,,44,20397.68,4221,212.62,143593,12.50,,,0,,11,21262.00,523,1250.00,7930,100.00,46733,10.00,98119,5.00
108,2010-09-09,8,26,32,44,82,86,37,4,,,0,,0,,18,48626.02,2860,306.03,99404,17.61,,,0,,5,30603.00,399,1761.00,7807,100.00,48471,10.00,106333,5.00
109,2010-09-11,10,16,36,70,71,73,66,85,,,0,,0,,24,45069.65,3479,310.91,128175,16.87,,,0,,12,31091.00,594,1687.00,8891,100.00,57391,10.00,120876,5.00
110,2010-09-14,6,29,54,62,72,80,5,29,,,0,,0,,28,32376.77,2668,339.78,97592,18.57,,,0,,22,33978.00,511,1857.00,7781,100.00,49245,10.00,105700,5.00
111,2010-09-16,5,49,71,83,85,88,74,28,,,0,,0,,24,37745.45,2271,398.89,96067,18.85,,,0,,8,39889.00,519,1885.00,7616,100.00,50557,10.00,110237,5.00
112,2010-09-18,4,23,24,35,77,79,17,11,,,0,,0,,34,33234.97,3083,366.52,124138,18.20,,,0,,19,36652.00,661,1820.00,10626,100.00,68181,10.00,144500,5.00
113,2010-09-21,46,49,61,69,74,82,66,41,,,0,,1,1289219.61,17,56877.34,2133,453.31,85783,22.54,,,0,,17,45331.00,391,2254.00,6633,100.00,45866,10.00,110040,5.00
114,2010-09-23,25,32,64,74,85,90,6,29,,,0,,0,,13,70689.33,2351,390.88,92877,19.78,,,1,1767233.25,8,39088.00,447,1978.00,7117,100.00,49511,10.00,110977,5.00
115,2010-09-25,13,16,45,58,63,72,74,69,,,0,,0,,16,69369.32,2789,397.95,118112,18.79,,,0,,23,39795.00,645,1879.00,10347,100.00,68182,10.00,150632,5.00
116,2010-09-28,18,20,46,54,57,65,58,20,,,0,,0,,20,46642.96,2504,372.54,95735,19.48,,,0,,22,37254.00,518,1948.00,7529,100.00,50766,10.00,108348,5.00
117,2010-09-30,6,24,55,67,70,75,19,74,,,0,,0,,17,57823.99,2646,371.50,110509,17.79,,,0,,8,37150.00,495,1779.00,8183,100.00,53609,10.00,114668,5.00
118,2010-10-02,9,16,31,43,49,83,61,10,,,0,,0,,28,43273.47,3187,380.18,127586,18.99,,,0,,9,38018.00,685,1899.00,10809,100.00,74441,10.00,161264,5.00
119,2010-10-05,17,38,42,50,68,86,62,1,,,0,,0,,49,20683.91,4413,229.66,127606,15.88,,,0,,27,22966.00,665,1588.00,9301,100.00,58788,10.00,133739,5.00
120,2010-10-07,19,22,49,65,70,87,60,61,,,0,,0,,14,72487.78,2850,356.08,115348,17.59,,,0,,14,35608.00,550,1759.00,8239,100.00,53051,10.00,113830,5.00
121,2010-10-09,24,30,42,54,84,85,75,9,,,0,,0,,42,28879.08,3821,317.43,135777,17.86,,,0,,10,31743.00,751,1786.00,9875,100.00,65446,10.00,156100,5.00
122,2010-10-12,18,23,31,38,47,51,35,88,,,0,,0,,35,29019.29,2913,348.66,111550,18.21,,,0,,6,34866.00,451,1821.00,8452,100.00,53833,10.00,120972,5.00
123,2010-10-14,9,15,19,38,48,77,75,53,,,0,,0,,38,27203.00,3757,275.14,145210,14.23,,,0,,12,27514.00,639,1423.00,9533,100.00,57696,10.00,118912,5.00
124,2010-10-16,16,31,41,61,65,77,25,34,,,0,,0,,23,54359.00,2965,421.66,121873,20.51,,,0,,5,42166.00,592,2051.00,9018,100.00,62410,10.00,150717,5.00
125,2010-10-19,31,49,54,57,80,88,22,25,,,0,,0,,21,49062.00,2683,384.01,102100,20.18,,,0,,16,38401.00,542,2018.00,8272,100.00,58618,10.00,140424,5.00
126,2010-10-21,3,13,33,42,56,85,68,71,,,0,,0,,47,21497.00,3477,290.58,127877,15.80,,,0,,11,29058.00,585,1580.00,8551,100.00,54175,10.00,117416,5.00
127,2010-10-23,12,26,46,69,72,87,18,71,,,0,,0,,42,29814.00,3909,320.33,151022,16.58,,,0,,13,32033.00,645,1658.00,9888,100.00,65503,10.00,143338,5.00
128,2010-10-26,30,32,49,53,72,84,86,44,,,0,,0,,15,68147.00,2483,411.68,96587,21.16,,,0,,12,41168.00,528,2116.00,7808,100.00,59380,10.00,137375,5.00
129,2010-10-28,16,29,32,53,61,72,88,23,,,0,,0,,37,27332.00,2810,359.89,109293,18.50,,,0,,13,35989.00,515,1850.00,8488,100.00,58813,10.00,142142,5.00
130,2010-10-30,4,26,40,54,55,67,41,78,,177729043.00,1,177729043.00,0,,54,22378.00,4079,296.25,148754,16.24,,,0,,18,29625.00,662,1624.00,9968,100.00,64561,10.00,138213,5.00
131,2010-11-02,31,39,53,56,68,90,66,18,,,0,,0,,13,47291.00,1580,389.10,64021,19.20,,,0,,6,38910.00,291,1920.00,5297,100.00,35794,10.00,79877,5.00
132,2010-11-04,1,10,47,50,52,74,23,18,,,0,,1,887338.00,35,19014.00,2687,247.67,93784,14.19,,,1,475359.75,13,24767.00,428,1419.00,6563,100.00,39160,10.00,80924,5.00
133,2010-11-06,13,35,41,44,59,79,74,84,,,0,,0,,21,39174.00,1965,418.65,79137,20.79,,,0,,11,41865.00,373,2079.00,6018,100.00,39572,10.00,93618,5.00
134,2010-11-09,23,37,41,51,62,74,33,43,,,0,,0,,10,64449.00,1532,420.48,65487,19.68,,,0,,9,42068.00,338,1968.00,4881,100.00,32794,10.00,78798,5.00
135,2010-11-11,28,49,50,54,66,68,77,63,,,0,,0,,20,31591.00,1581,399.62,61514,20.54,,,0,,3,39962.00,287,2054.00,4699,100.00,33562,10.00,75527,5.00
136,2010-11-13,2,34,45,47,54,74,48,20,,,0,,1,1041363.00,30,26034.00,2485,314.29,86356,18.08,,,0,,13,31429.00,430,1808.00,6463,100.00,42361,10.00,93933,5.00
137,2010-11-16,26,38,40,66,76,81,33,50,,,0,,0,,9,68419.00,1686,365.22,62846,19.59,,,0,,18,36522.00,338,1959.00,4924,100.00,31775,10.00,73331,5.00
138,2010-11-18,23,32,33,47,63,81,77,67,,,0,,0,,12,50126.39,1993,301.81,66954,17.96,,,0,,13,30181.00,301,1796.00,4889,100.00,31902,10.00,70790,5.00
139,2010-11-20,5,7,46,65,73,82,1,20,,,0,,0,,16,46438.44,2064,359.98,84936,17.49,,,0,,9,35998.00,352,1749.00,6594,100.00,42030,10.00,89162,5.00
140,2010-11-23,46,54,65,70,82,85,23,37,,,0,,0,,14,42117.67,1473,400.30,57988,20.33,,,0,,9,40030.00,319,2033.00,4968,100.00,33160,10.00,80318,5.00
141,2010-11-25,5,14,48,52,57,90,61,50,,,0,,0,,39,14721.50,2111,271.97,75130,15.28,,,0,,10,27197.00,271,1528.00,4741,100.00,29510,10.00,63973,5.00
142,2010-11-27,21,38,41,43,52,77,5,41,,,0,,1,945719.07,14,50663.53,1775,399.59,70261,20.19,,,0,,4,39959.00,310,2019.00,5444,100.00,35747,10.00,79535,5.00
143,2010-11-30,19,20,32,64,87,89,69,37,,,0,,0,,6,94084.72,1399,403.50,59513,18.97,,,0,,8,40350.00,303,1897.00,4606,100.00,29986,10.00,66128,5.00
144,2010-12-02,10,35,39,57,61,75,12,11,,,0,,0,,9,62825.00,1498,377.45,59448,19.02,,,0,,7,37745.00,314,1902.00,4875,100.00,32975,10.00,74911,5.00
145,2010-12-04,16,20,36,39,42,51,80,61,,,0,,0,,20,35056.00,1883,372.34,71536,19.60,,,0,,6,37234.00,387,1960.00,5128,100.00,34748,10.00,77708,5.00
146,2010-12-07,27,31,45,61,74,79,70,22,,,0,,0,,9,63428.71,1373,415.83,55206,20.68,,,0,,6,41583.00,349,2068.00,4928,100.00,33092,10.00,75971,5.00
147,2010-12-09,12,32,54,60,89,90,71,25,,,0,,0,,10,52192.21,1550,336.72,63295,16.49,,,0,,11,33672.00,289,1649.00,4831,100.00,30720,10.00,65629,5.00
148,2010-12-11,3,17,35,52,69,83,68,5,,,0,,0,,48,14229.95,2574,265.36,87332,15.64,,,0,,14,26536.00,485,1564.00,6634,100.00,40872,10.00,84038,5.00
149,2010-12-14,3,17,48,76,77,90,83,3,,,0,,0,,45,12204.55,3573,153.70,97157,11.30,,,0,,18,15370.00,577,1130.00,6584,100.00,35556,10.00,70509,5.00
150,2010-12-16,9,15,27,54,76,86,56,8,,,0,,0,,11,48642.80,1716,311.81,66886,15.99,,,0,,12,31181.00,381,1599.00,5712,100.00,35032,10.00,76242,5.00
151,2010-12-18,30,38,52,63,74,89,10,36,,,0,,2,436110.55,18,36342.55,1669,391.95,59339,22.04,,,0,,8,39195.00,328,2204.00,5169,100.00,33582,10.00,78127,5.00
152,2010-12-21,8,9,19,48,51,81,26,50,,,0,,0,,27,20537.65,3008,184.34,95044,11.66,,,0,,12,18434.00,387,1166.00,5402,100.00,31198,10.00,60746,5.00
153,2010-12-23,5,12,16,44,71,75,21,28,,,0,,0,,26,21932.66,2264,251.87,77317,14.75,,,1,548316.50,8,25187.00,380,1475.00,5265,100.00,31909,10.00,66639,5.00
154,2010-12-27,4,39,62,67,69,78,65,5,,71895694.00,2,35947847.00,0,,16,34352.00,1436,382.75,56669,19.39,,,0,,3,38275.00,291,1939.00,4615,100.00,30772,10.00,70108,5.00
155,2010-12-28,1,4,21,56,69,75,59,10,,,0,,0,,9,47481.00,1409,303.28,55843,15.30,,,0,,3,30328.00,261,1530.00,4460,100.00,27067,10.00,53938,5.00
156,2010-12-30,5,29,35,39,41,45,46,44,,,0,,0,,6,96272.00,1972,292.91,68070,16.97,,,0,,4,29291.00,411,1697.00,5535,100.00,36975,10.00,78962,5.00
1,2011-01-03,4,7,12,20,74,89,76,9,,,0,,0,,48,11061.98,3735,142.16,105616,10.05,,,0,,12,14216.00,443,1005.00,6036,100.00,32222,10.00,64717,5.00
2,2011-01-04,1,12,21,31,39,49,25,51,,,0,,0,,5,21269.69,1898,235.33,67081,13.31,,,1,531742.25,11,23533.00,303,1331.00,4064,100.00,24507,10.00,50820,5.00
3,2011-01-07,14,25,44,54,78,89,66,49,,13570628.62,1,13570628.62,1,664187.99,20,24907.05,1336,372.86,52092,19.12,,,0,,11,37286.00,253,1912.00,4005,100.00,27436,10.00,60730,5.00
4,2011-01-08,26,68,73,75,76,86,71,83,,,0,,0,,9,56602.45,1163,438.02,47639,21.38,,,1,1415061.25,5,43802.00,204,2138.00,3337,100.00,23658,10.00,56690,5.00
5,2011-01-11,12,13,31,69,71,77,49,18,,,0,,0,,23,21212.11,1878,259.78,64905,15.03,,,0,,6,25978.00,312,1503.00,4725,100.00,29385,10.00,61777,5.00
6,2011-01-13,15,17,34,59,83,86,23,49,,,0,,0,,9,53600.17,1251,385.61,47579,20.27,,,0,,9,38561.00,246,2027.00,3710,100.00,24644,10.00,56508,5.00
7,2011-01-15,5,8,37,77,79,90,9,63,,,0,,1,795860.78,16,37305.98,2292,260.42,87501,13.64,,,0,,9,26042.00,353,1364.00,5440,100.00,330008,10.00,67296,5.00
8,2011-01-18,10,50,55,61,87,90,26,42,,,0,,0,,16,30418.14,1769,275.03,63280,15.37,,,0,,1,27503.00,265,1537.00,4078,100.00,24859,10.00,54784,5.00
9,2011-01-20,4,23,35,54,72,88,74,43,,,0,,0,,13,36712.42,1646,289.95,59724,15.98,,,0,,9,28995.00,273,1598.00,4120,100.00,24876,10.00,51452,5.00
10,2011-01-22,6,8,15,52,67,86,42,45,,,0,,1,784414.16,25,23532.43,2890,203.56,76074,15.46,,,0,,7,20356.00,425,1546.00,5722,100.00,34473,10.00,71695,5.00
11,2011-01-25,3,12,13,15,43,46,11,37,,,0,,0,,21,22623.00,2011,236.24,71056,13.37,,,0,,10,23624.00,277,1337.00,4400,100.00,26162,10.00,53354,5.00
12,2011-01-27,1,11,27,45,49,61,80,49,,,0,,0,,34,13791.29,2495,187.93,75525,12.41,,,0,,21,18793.00,434,1241.00,4847,100.00,26926,10.00,53566,5.00
13,2011-01-29,11,35,58,64,68,72,26,31,,,0,,0,,11,53782.78,1545,382.91,62764,18.85,,,0,,4,38291.00,288,1885.00,4516,100.00,31189,10.00,67934,5.00
14,2011-02-01,22,30,43,62,70,71,50,88,,,0,,0,,10,47815.37,1065,448.97,46362,20.62,,,0,,2,44897.00,234,2062.00,3786,100.00,25579,10.00,60821,5.00
15,2011-02-03,20,25,37,45,49,63,73,37,,,0,,0,,10,47128.26,1237,380.98,47350,19.90,,,0,,4,38098.00,215,1990.00,3731,100.00,25878,10.00,55180,5.00
16,2011-02-05,25,32,43,52,65,78,88,39,,,0,,0,,24,24415.95,1700,344.69,60908,19.24,,,0,,10,34469.00,267,1924.00,4077,100.00,28670,10.00,68195,5.00
17,2011-02-08,10,11,20,41,55,83,1,67,,,0,,0,,11,42823.13,2094,224.95,76859,12.25,,,0,,7,22495.00,311,1225.00,4327,100.00,25437,10.00,52559,5.00
18,2011-02-10,1,47,54,81,84,89,22,57,,,0,,0,,14,33309.07,1496,311.71,53138,17.55,,,0,,5,31171.00,239,1755.00,3840,100.00,25485,10.00,55377,5.00
19,2011-02-12,1,3,19,23,61,78,36,16,,,0,,0,,43,13567.13,2984,195.50,97327,11.98,,,0,,13,19550.00,493,1198.00,6442,100.00,35157,10.00,70615,5.00
20,2011-02-15,25,40,63,78,82,85,88,80,,,0,,0,,11,44595.06,1158,423.61,47046,20.85,,,0,,6,42361.00,235,2085.00,3689,100.00,25006,10.00,62288,5.00
21,2011-02-17,10,17,18,25,45,84,21,73,,,0,,0,,17,27079.08,1644,280.01,64864,14.19,,,0,,7,28001.00,289,1419.00,4260,100.00,25768,10.00,53572,5.00
22,2011-02-19,27,44,48,57,77,83,47,78,,,0,,0,,10,57634.00,1754,328.58,66030,17.45,,,0,,29,32858.00,395,1745.00,4601,100.00,29916,10.00,67548,5.00
23,2011-02-22,2,3,38,42,56,74,23,88,,,0,,0,,11,42142.10,1517,305.57,55641,16.66,,,0,,5,30557.00,251,1666.00,4084,100.00,26577,10.00,55537,5.00
24,2011-02-24,2,25,50,63,76,85,77,74,,,0,,0,,7,65113.59,1204,378.56,47773,19.08,,,0,,4,37856.00,262,1908.00,3845,100.00,24048,10.00,53077,5.00
25,2011-02-26,16,18,20,26,32,35,8,11,,,0,,0,,20,28842.56,1823,316.42,62791,18.37,,,0,,8,31642.00,341,1837.00,5269,100.00,34357,10.00,76200,5.00
26,2011-03-01,9,32,42,55,71,90,86,31,,,0,,0,,16,28926.08,1542,300.14,58292,15.87,,,0,,2,30014.00,224,1587.00,3926,100.00,24056,10.00,52069,5.00
27,2011-03-03,12,41,64,75,82,84,34,29,,,0,,0,,12,38890.05,1130,412.99,43179,21.61,,,0,,8,41299.00,214,2161.00,3677,100.00,26422,10.00,62232,5.00
28,2011-03-05,3,12,38,50,54,55,19,74,,,0,,0,,12,48670.52,1805,323.57,76881,15.19,,,0,,9,32357.00,320,1519.00,5261,100.00,31351,10.00,65377,5.00
29,2011-03-08,22,28,32,57,58,85,50,8,,,0,,1,625237.33,5,93785.60,1352,346.84,48819,19.21,,,0,,5,34684.00,274,1921.00,4349,100.00,30366,10.00,72931,5.00
30,2011-03-10,7,14,21,47,58,71,43,61,,,0,,0,,15,30920.70,2136,217.13,64452,14.39,,,0,,4,21713.00,338,1439.00,4003,100.00,23873,10.00,51348,5.00
31,2011-03-12,22,26,42,44,58,83,59,24,,,0,,0,,20,30214.11,1569,385.13,61646,19.60,,,0,,8,38513.00,351,1960.00,5214,100.00,34036,10.00,78716,5.00
32,2011-03-15,6,25,62,80,85,86,57,44,,,0,,0,,9,52432.31,1187,397.54,48520,19.45,,,0,,3,39754.00,245,1945.00,3845,100.00,27220,10.00,61155,5.00
33,2011-03-18,6,16,35,52,53,69,49,66,,,0,,0,,9,52685.25,1278,371.02,52664,18.00,,,0,,7,37102.00,305,1800.00,4156,100.00,26512,10.00,58189,5.00
34,2011-03-19,10,21,43,47,58,85,2,49,,,0,,0,,13,39238.78,1421,358.97,55653,18.33,,,0,,4,35897.00,303,1833.00,4469,100.00,28352,10.00,63190,5.00
35,2011-03-22,2,32,49,52,54,80,90,60,,,0,,0,,5,92197.71,1090,422.92,47761,19.30,,,0,,6,42292.00,231,1930.00,3308,100.00,22807,10.00,51788,5.00
36,2011-03-24,7,13,19,65,86,88,46,68,,,0,,0,,7,65018.60,1875,242.73,65997,13.79,,,0,,8,24273.00,314,1379.00,4164,100.00,25741,10.00,52305,5.00
37,2011-03-26,37,38,56,62,70,83,88,15,,,0,,0,,6,95184.77,1338,426.83,53723,21.26,,,0,,5,42683.00,269,2126.00,4291,100.00,29763,10.00,73703,5.00
38,2011-03-29,2,11,37,45,48,66,22,15,,,0,,0,,13,34751.94,1518,297.61,58114,15.54,,,0,,8,29761.00,242,1554.00,4068,100.00,25984,10.00,52720,5.00
39,2011-03-31,3,25,43,55,72,80,85,88,,,0,,0,,13,34378.51,1464,305.27,54307,16.45,,,0,,14,30527.00,230,1645.00,4263,100.00,26961,10.00,56718,5.00
40,2011-04-02,8,14,20,36,45,85,26,70,,,0,,0,,16,35040.70,1681,333.52,66363,16.89,,,0,,5,33352.00,342,1689.00,4438,100.00,28442,10.00,62934,5.00
41,2011-04-05,5,30,31,55,57,70,84,62,,,0,,0,,7,63992.71,1903,235.39,52264,17.14,,,0,,3,23539.00,269,1714.00,3686,100.00,23943,10.00,52735,5.00
42,2011-04-07,21,22,46,56,63,66,34,85,,,0,,0,,6,73086.18,1079,406.41,42419,20.67,,,0,,5,40641.00,208,2067.00,3344,100.00,21898,10.00,50745,5.00
43,2011-04-09,12,13,17,38,74,87,18,21,,,0,,0,,11,49116.89,1780,303.53,71755,15.05,,,0,,9,30353.00,284,1505.00,5037,100.00,30249,10.00,63887,5.00
44,2011-04-12,29,37,50,62,70,86,27,62,,,0,,0,,10,44224.78,1037,426.46,40299,21.94,,,2,552809.75,11,42646.00,188,2194.00,3190,100.00,21710,10.00,49743,5.00
45,2011-04-14,24,26,43,71,79,80,7,23,,,0,,0,,8,54931.59,991,443.44,41782,21.03,,,0,,5,44344.00,202,2103.00,3719,100.00,26165,10.00,63026,5.00
46,2011-04-16,9,17,29,37,49,68,70,53,,,0,,0,,20,27626.19,2207,250.35,74812,14.77,,,0,,7,25035.00,329,1477.00,4513,100.00,29409,10.00,61970,5.00
47,2011-04-19,9,12,21,34,64,67,1,70,,,0,,1,588446.18,13,33948.82,1662,265.54,58837,15.00,,,0,,5,26554.00,307,1500.00,3962,100.00,21949,10.00,46672,5.00
48,2011-04-21,8,14,23,25,45,69,78,78,,,0,,1,584137.04,13,33700.22,1942,225.59,65510,13.37,,,0,,7,22559.00,272,1337.00,3935,100.00,23886,10.00,49570,5.00
49,2011-04-23,6,34,35,54,62,84,45,26,,,0,,0,,10,54922.08,1375,399.43,57001,19.27,,,0,,6,39943.00,240,1927.00,4449,100.00,29838,10.00,71008,5.00
50,2011-04-26,14,32,56,72,78,79,27,55,,,0,,0,,11,38830.11,997,428.41,39186,21.80,,,0,,4,42841.00,201,2180.00,3289,100.00,22836,10.00,54304,5.00
51,2011-04-28,38,42,45,69,86,90,63,47,,47432499.23,1,47432499.23,0,,18,25225.87,1601,283.61,54725,16.59,,,0,,10,28361.00,267,1659.00,4100,100.00,26268,10.00,58056,5.00
52,2011-04-30,15,29,36,48,74,83,45,60,,,0,,0,,10,52592.87,1464,359.24,52430,20.06,,,0,,5,35924.00,212,2006.00,3782,100.00,24849,10.00,56864,5.00
53,2011-05-03,30,40,51,52,54,74,72,12,,,0,,0,,8,54953.80,1176,373.83,43347,20.28,,,0,,12,37383.00,256,2028.00,4206,100.00,27977,10.00,62591,5.00
54,2011-05-05,21,31,33,40,50,52,62,89,,,0,,0,,11,39672.86,1160,376.20,44077,19.80,,,1,991821.50,6,37620.00,255,1980.00,3491,100.00,22698,10.00,51182,5.00
55,2011-05-07,3,4,22,43,65,67,10,33,,,0,,1,717505.02,20,26906.44,2055,261.86,72514,14.84,,,1,672661.00,10,26186.00,352,1484.00,5159,100.00,32983,10.00,66603,5.00
56,2011-05-10,12,35,75,76,82,84,17,18,,,0,,0,,9,48281.53,1270,342.15,40637,21.38,,,0,,4,34215.00,184,2138.00,3582,100.00,25408,10.00,60633,5.00
57,2011-05-12,1,3,6,21,85,90,58,46,,,0,,0,,63,6789.93,4554,93.93,114382,7.47,,,0,,21,9393.00,485,747.00,5332,100.00,27563,10.00,54170,5.00
58,2011-05-14,2,21,22,56,70,81,44,51,,,0,,0,,14,38081.58,1453,366.92,60545,17.61,,,0,,2,36692.00,316,1761.00,4458,100.00,28057,10.00,60290,5.00
59,2011-05-17,28,41,55,69,79,82,35,61,,,0,,0,,14,30692.41,1289,333.35,46420,18.51,,,0,,9,33335.00,218,1851.00,3168,100.00,20440,10.00,48762,5.00
60,2011-05-19,5,24,32,78,80,83,40,16,,,0,,0,,10,42032.24,1166,360.48,42673,19.69,,,0,,4,36048.00,214,1969.00,3471,100.00,23759,10.00,52747,5.00
61,2011-05-21,8,12,18,31,32,85,73,69,,,0,,0,,12,43350.38,1984,262.19,71200,14.61,,,0,,13,26219.00,292,1461.00,4955,100.00,30139,10.00,61601,5.00
62,2011-05-24,65,72,74,79,87,90,30,23,,,0,,0,,5,82932.10,1007,411.77,40128,20.66,,,0,,7,41177.00,228,2066.00,3629,100.00,25108,10.00,58198,5.00
63,2011-05-26,20,24,31,38,54,72,27,52,,,0,,0,,10,40851.43,1148,355.84,44925,18.18,,,0,,7,35584.00,219,1818.00,3297,100.00,20957,10.00,48446,5.00
64,2011-05-28,15,16,79,80,84,88,83,38,,,0,,0,,8,63449.28,1300,390.45,49003,20.71,,,0,,2,39045.00,229,2071.00,3743,100.00,25518,10.00,59217,5.00
65,2011-05-31,1,10,62,69,78,85,30,27,,,0,,1,545777.83,15,27288.90,1385,295.54,49111,16.66,,,0,,10,29554.00,303,1666.00,4300,100.00,26164,10.00,55645,5.00
66,2011-06-03,14,16,24,30,34,72,17,86,,,0,,0,,6,67379.96,1061,381.03,43338,18.65,,,0,,0,,170,1865.00,3070,100.00,19908,10.00,45857,5.00
67,2011-06-04,21,44,46,49,58,67,88,59,,,0,,0,,5,88575.34,1135,390.19,43584,20.32,,,0,,8,39019.00,180,2032.00,3168,100.00,21546,10.00,50463,5.00
68,2011-06-07,5,20,44,51,54,90,63,43,,,0,,0,,14,29148.41,1490,273.87,56250,14.50,,,0,,4,27387.00,214,1450.00,3628,100.00,21873,10.00,44092,5.00
69,2011-06-09,10,17,21,35,36,76,83,73,,,0,,1,532561.97,8,49927.69,1146,348.53,44828,17.82,,,0,,4,34853.00,180,1782.00,3270,100.00,20216,10.00,44044,5.00
70,2011-06-11,11,29,39,41,43,55,83,22,,,0,,0,,20,25130.43,1660,302.77,61853,16.25,,,0,,6,30277.00,286,1625.00,4571,100.00,28779,10.00,61978,5.00
71,2011-06-14,40,44,49,57,58,87,1,28,,,0,,0,,2,203758.50,850,479.43,36540,22.30,,,0,,13,47943.00,289,2230.00,3477,100.00,21823,10.00,52956,5.00
72,2011-06-16,18,48,57,59,84,87,6,43,,,0,,0,,12,33680.60,1032,391.63,40307,20.05,,,0,,10,39163.00,194,2005.00,2788,100.00,19676,10.00,46895,5.00
73,2011-06-18,19,22,25,67,74,89,1,18,,,0,,1,671029.03,14,35947.99,1537,327.43,62038,16.22,,,1,898699.75,5,32743.00,350,1622.00,5134,100.00,31817,10.00,68203,5.00
74,2011-06-21,2,41,62,75,79,87,3,61,,,0,,0,,10,40788.30,791,515.65,33121,24.62,,,0,,1,51565.00,157,2462.00,2610,100.00,19331,10.00,47239,5.00
75,2011-06-23,11,27,47,50,58,82,22,8,,,0,,0,,14,28617.58,1288,311.06,48151,16.64,,,0,,6,31106.00,256,1664.00,3712,100.00,23547,10.00,51125,5.00
76,2011-06-25,11,17,35,42,71,76,82,30,,,0,,0,,8,61346.48,1685,291.25,60079,16.33,,,0,,8,29125.00,307,1633.00,4607,100.00,27730,10.00,59664,5.00
77,2011-06-28,5,6,29,43,66,74,47,48,,,0,,0,,13,30651.98,1352,294.73,52698,15.12,,,0,,3,29473.00,258,1512.00,3719,100.00,23854,10.00,50319,5.00
78,2011-06-30,7,20,35,37,57,70,42,31,,,0,,0,,12,32523.78,1220,319.90,49050,15.91,,,0,,6,31990.00,213,1591.00,3108,100.00,20185,10.00,43026,5.00
79,2011-07-02,6,9,11,19,45,51,69,20,,,0,,3,218016.43,52,9433.41,4486,109.34,118188,8.30,,,0,,24,10934.00,527,830.00,6011,100.00,30510,10.00,56468,5.00
80,2011-07-05,2,6,7,51,57,71,10,49,,,0,,0,,10,40291.13,1569,256.79,61073,13.19,,,0,,6,25679.00,273,1319.00,4094,100.00,24585,10.00,49635,5.00
81,2011-07-07,1,2,34,54,79,88,45,53,,,0,,0,,15,26343.86,1075,367.58,44671,17.69,,,0,,6,36758.00,198,1769.00,3247,100.00,20857,10.00,44438,5.00
82,2011-07-09,11,22,42,49,58,89,78,22,,,0,,1,635714.44,9,52976.21,1528,312.03,55775,17.09,,,0,,7,31203.00,312,1709.00,4607,100.00,26988,10.00,56321,5.00
83,2011-07-12,7,27,28,45,57,75,24,18,,,0,,1,526475.25,9,43872.94,1317,299.81,51310,15.39,,,0,,6,29981.00,294,1539.00,4020,100.00,23724,10.00,51602,5.00
84,2011-07-14,21,35,51,68,81,90,13,6,,,0,,0,,8,48908.62,1205,324.70,44282,17.67,,,0,,4,32470.00,286,1767.00,3576,100.00,23467,10.00,50122,5.00
85,2011-07-16,17,20,38,51,53,74,5,79,,,0,,0,,11,43844.48,1220,395.31,50670,19.03,,,0,,2,39531.00,237,1903.00,3886,100.00,24287,10.00,52934,5.00
86,2011-07-19,35,43,56,58,71,90,40,34,,,0,,1,529760.23,5,79464.04,963,412.58,39609,20.06,,,0,,3,41258.00,204,2006.00,2985,100.00,20300,10.00,46537,5.00
87,2011-07-21,9,13,31,35,45,79,62,88,,,0,,0,,8,49039.89,1075,364.94,44917,17.46,,,0,,3,36494.00,184,1746.00,3437,100.00,23208,10.00,51159,5.00
88,2011-07-23,36,42,63,77,81,86,78,65,,,0,,0,,12,40213.13,1316,366.68,49593,19.46,,,0,,5,36668.00,196,1946.00,3191,100.00,24224,10.00,57177,5.00
89,2011-07-26,6,38,50,63,65,74,11,76,,,0,,0,,7,57617.21,840,480.14,37964,21.24,,,0,,5,48014.00,167,2124.00,2874,100.00,20313,10.00,45240,5.00
90,2011-07-28,21,23,25,65,67,78,40,63,,,0,,0,,15,26188.91,985,398.81,39826,19.72,,,0,,3,39881.00,155,1972.00,2976,100.00,19958,10.00,45493,5.00
91,2011-07-30,9,33,36,54,60,86,28,65,,,0,,0,,13,37165.14,1454,332.28,53839,17.94,,,0,,6,33228.00,271,1794.00,3850,100.00,24427,10.00,53705,5.00
92,2011-08-02,1,5,32,49,69,72,89,28,,,0,,0,,4,99641.66,1283,310.65,50217,15.87,,,0,,6,31065.00,217,1587.00,3780,100.00,23215,10.00,46989,5.00
93,2011-08-04,3,10,18,42,67,90,80,1,,,0,,1,522147.89,23,17026.57,2247,174.28,69745,11.22,,,0,,4,17428.00,320,1122.00,4146,100.00,23457,10.00,44606,5.00
94,2011-08-06,18,21,58,65,89,90,62,67,,,0,,0,,13,36085.68,1483,31632.00,54757,17.13,,,0,,4,31632.00,273,1713.00,3916,100.00,24503,10.00,54268,5.00
95,2011-08-09,30,41,55,68,76,82,70,58,,,0,,0,,8,48363.55,876,441.67,33933,22.80,,,0,,6,44167.00,168,2280.00,2754,100.00,19605,10.00,46073,5.00
96,2011-08-11,8,17,51,60,63,79,22,49,,,0,,1,510737.51,13,29465.63,1066,359.33,43927,17.44,,,0,,3,35933.00,196,1744.00,3436,100.00,21969,10.00,46919,5.00
97,2011-08-13,14,31,37,49,74,78,76,2,,,0,,0,,10,45023.71,1112,404.88,41673,21.60,,,0,,3,40488.00,204,2160.00,3170,100.00,23026,10.00,54705,5.00
98,2011-08-16,2,6,27,29,38,55,26,58,,,0,,0,,11,31175.39,1387,247.24,50801,13.50,,,1,779384.75,8,24724.00,206,1350.00,2969,100.00,16908,10.00,35280,5.00
99,2011-08-18,18,23,34,37,67,68,87,44,,,0,,0,,3,122360.65,989,371.16,41337,17.76,,,0,,2,37116.00,209,1776.00,3178,100.00,19985,10.00,46607,5.00
100,2011-08-20,18,26,29,78,79,80,49,56,,,0,,0,,8,53510.03,953,449.19,40117,21.34,,,0,,6,44919.00,219,2134.00,3261,100.00,23318,10.00,53277,5.00
101,2011-08-23,2,34,42,43,58,76,52,47,,,0,,0,,5,75273.79,816,461.23,31191,24.13,,,0,,1,46123.00,163,2413.00,2706,100.00,20399,10.00,48863,5.00
102,2011-08-25,18,38,39,45,57,90,69,13,,,0,,0,,10,37025.90,1137,325.64,44151,16.77,,,0,,4,32564.00,230,1677.00,3560,100.00,23392,10.00,51230,5.00
103,2011-08-27,9,43,50,51,57,83,27,50,,,0,,0,,6,74380.48,1211,368.52,44967,1984.00,,,0,,10,36852.00,245,1984.00,3639,100.00,23647,10.00,47566,5.00
104,2011-08-30,12,23,32,35,52,55,75,51,,,0,,0,,10,38751.09,1427,271.55,48145,16.09,,,0,,7,27155.00,187,1609.00,2964,100.00,20216,10.00,43205,5.00
105,2011-09-01,8,12,26,44,48,50,68,46,,,0,,0,,18,21169.34,1552,245.52,56103,13.58,,,0,,3,24552.00,235,1358.00,3530,100.00,20677,10.00,43962,5.00
106,2011-09-03,3,5,9,41,58,62,82,11,,,0,,0,,17,27977.06,1940,245.15,74829,12.71,,,0,,12,24515.00,364,1271.00,5298,100.00,30318,10.00,59270,5.00
107,2011-09-06,14,15,21,41,60,63,37,8,,,0,,0,,8,49800.95,945,421.59,39778,20.03,,,0,,1,42159.00,256,2003.00,3397,100.00,22830,10.00,52609,5.00
108,2011-09-08,20,45,61,67,80,88,16,15,,,0,,0,,10,39454.29,946,417.06,36630,21.54,,,0,,5,41706.00,169,2154.00,3023,100.00,21164,10.00,48170,5.00
109,2011-09-10,2,8,9,29,53,75,83,63,,,0,,0,,30,16091.53,2841,169.92,88906,10.85,,,0,,7,16992.00,378,1085.00,4662,100.00,26972,10.00,51460,5.00
110,2011-09-13,61,64,74,75,80,87,38,28,,,0,,0,,10,40182.63,829,484.71,31920,25.17,,,0,,5,48471.00,146,2517.00,2780,100.00,20979,10.00,51040,5.00
111,2011-09-15,6,19,30,45,52,89,7,80,,,0,,0,,17,23918.16,1438,274.24,54193,14.55,,,0,,7,27424.00,198,1455.00,3273,100.00,19768,10.00,41423,5.00
112,2011-09-17,13,45,70,72,81,84,71,50,,,0,,0,,9,54420.96,1263,387.79,51745,18.93,,,0,,4,38779.00,238,1893.00,3625,100.00,23784,10.00,54044,5.00
113,2011-09-20,7,23,39,48,69,75,83,68,,,0,,0,,13,30671.15,1342,297.11,50277,15.86,,,0,,8,29711.00,178,1586.00,3223,100.00,20254,10.00,43233,5.00
114,2011-09-22,4,6,27,37,45,58,84,1,,65038202.47,1,65038202.47,0,,7,56259.24,1179,334.02,51561,15.27,,,0,,3,33402.00,202,1527.00,3354,100.00,21375,10.00,44060,5.00
115,2011-09-24,4,23,56,71,76,78,73,1,,,0,,0,,6,75864.40,1180,385.75,46891,19.41,,,0,,4,38575.00,245,1941.00,3638,100.00,22649,10.00,49194,5.00
116,2011-09-27,18,28,35,52,57,75,83,68,,,0,,0,,16,23563.35,1183,318.69,41352,18.23,,,0,,13,31869.00,202,1823.00,2558,100.00,17766,10.00,40891,5.00
117,2011-09-29,11,26,41,45,75,77,46,60,,,0,,0,,10,37435.25,1215,308.10,44527,16.81,,,0,,5,30810.00,181,1681.00,2968,100.00,18536,10.00,40318,5.00
118,2011-10-01,3,5,13,54,58,85,90,24,,,0,,0,,28,16719.04,2265,206.68,73359,12.76,,,0,,11,20668.00,298,1276.00,4594,100.00,25705,10.00,51916,5.00
119,2011-10-04,1,8,41,68,69,73,50,27,,,0,,0,,13,29880.68,1501,258.79,52871,14.69,,,0,,8,25879.00,285,1469.00,3952,100.00,23648,10.00,48895,5.00
120,2011-10-06,5,8,11,47,56,63,87,12,,,0,,0,,30,12859.01,2074,186.00,68168,11.31,,,0,,11,18600.00,277,1131.00,3994,100.00,22976,10.00,45234,5.00
121,2011-10-08,1,26,45,58,66,88,34,2,,,0,,0,,13,37221.08,1434,337.42,56460,17.14,,,0,,14,33742.00,318,1714.00,3845,100.00,24793,10.00,55934,5.00
122,2011-10-11,23,36,41,43,83,90,17,89,,,0,,0,,5,77634.42,987,393.28,40906,18.97,,,1,1940860.50,4,39328.00,178,1897.00,3115,100.00,19336,10.00,42778,5.00
123,2011-10-13,9,19,27,53,78,81,39,88,,,0,,0,,24,16093.86,1817,212.57,60051,12.86,,,0,,5,21257.00,248,1286.00,3813,100.00,23196,10.00,49888,5.00
124,2011-10-15,33,40,44,54,64,85,12,41,,,0,,0,,18,26768.88,1429,337.18,51497,18.71,,,0,,11,33718.00,243,1871.00,3583,100.00,23333,10.00,53567,5.00
125,2011-10-18,1,19,29,60,76,77,2,67,,,0,,0,,11,35037.42,1228,313.85,47626,16.18,,,0,,9,31385.00,200,1618.00,3378,100.00,20043,10.00,42848,5.00
126,2011-10-20,7,11,21,34,69,88,76,72,,,0,,0,,20,18840.34,1853,203.34,62472,12.06,,,0,,7,20334.00,277,1206.00,3541,100.00,20803,10.00,42034,5.00
127,2011-10-22,9,15,22,56,61,86,24,8,,,0,,0,,9,53203.62,1564,306.15,56004,17.09,,,0,,8,30615.00,297,1709.00,4365,100.00,27777,10.00,59779,5.00
128,2011-10-25,13,21,24,39,44,60,66,73,,,0,,0,,10,37712.93,1129,334.03,38943,19.36,,,0,,3,33403.00,159,1936.00,2961,100.00,20050,10.00,42770,5.00
129,2011-10-27,2,41,63,64,67,73,76,70,,,0,,0,,5,74952.44,897,417.79,36293,20.65,,,0,,3,41779.00,171,2065.00,2450,100.00,17899,10.00,41633,5.00
130,2011-10-29,8,16,23,24,71,77,40,60,,,0,,1,623475.45,18,25978.15,2015,232.06,72475,12.90,,,0,,19,23206.00,343,1290.00,4135,100.00,22999,10.00,47741,5.00
131,2011-11-02,5,14,41,48,59,90,6,31,,,0,,0,,20,18806.67,1563,240.64,49188,15.29,,,0,,6,24064.00,243,1529.00,3347,100.00,20901,10.00,43176,5.00
132,2011-11-03,52,55,65,75,79,81,88,29,,,0,,0,,5,67155.88,876,383.30,33019,20.33,,,0,,4,38330.00,142,2033.00,2757,100.00,18716,10.00,46272,5.00
133,2011-11-05,23,44,46,59,74,80,67,40,,,0,,1,631789.75,8,59230.29,1088,435.51,45244,20.94,,,0,,5,43551.00,239,2094.00,3365,100.00,23251,10.00,54125,5.00
134,2011-11-08,23,52,71,74,78,86,54,4,,,0,,0,,9,42306.68,1024,371.83,38795,19.62,,,0,,4,37183.00,225,1962.00,3137,100.00,20266,10.00,48244,5.00
135,2011-11-10,8,13,24,39,57,77,21,56,,,0,,0,,14,27201.97,1253,303.93,49764,15.30,,,0,,1,30393.00,187,1530.00,3263,100.00,19697,10.00,42163,5.00
136,2011-11-12,25,32,46,58,74,79,73,40,,,0,,0,,11,44878.79,1243,397.15,48815,20.22,,,0,,2,39715.00,217,2022.00,3133,100.00,22031,10.00,52684,5.00
137,2011-11-15,18,21,36,38,45,62,85,83,,,0,,1,506513.43,6,63314.18,1052,361.10,40396,18.80,,,0,,4,36110.00,143,1880.00,2853,100.00,18826,10.00,42731,5.00
138,2011-11-17,12,25,30,33,38,84,47,39,,,0,,0,,5,75418.18,1184,318.48,44361,17.00,,,0,,2,31848.00,177,1700.00,2991,100.00,19747,10.00,42130,5.00
139,2011-11-19,13,24,52,53,88,90,1,79,,,0,,1,632070.78,16,29628.32,1676,282.84,60245,15.73,,,0,,2,28284.00,251,1573.00,3593,100.00,23690,10.00,49745,5.00
140,2011-11-22,11,16,17,25,61,72,18,48,,,0,,1,500154.45,11,34101.44,1494,251.08,55250,13.57,,,0,,3,25108.00,248,1357.00,3383,100.00,21387,10.00,43177,5.00
141,2011-11-24,3,33,62,69,75,79,2,73,,,0,,0,,5,74539.75,1036,359.74,38803,19.20,,,0,,1,35974.00,169,1920.00,2672,100.00,17968,10.00,40756,5.00
142,2011-11-26,26,29,35,81,82,87,56,37,,,0,,0,,12,39167.36,1110,423.43,44734,21.01,,,0,,15,42343.00,260,2101.00,3602,100.00,24227,10.00,56258,5.00
143,2011-11-29,13,24,29,37,55,67,47,62,,,0,,0,,24,15507.71,1335,278.79,45709,16.28,,,0,,5,27879.00,188,1628.00,2995,100.00,18756,10.00,39460,5.00
144,2011-12-01,4,10,29,41,54,74,14,25,,,0,,0,,14,26651.94,1538,242.60,54522,13.68,,,0,,4,24260.00,241,1368.00,3779,100.00,22243,10.00,46328,5.00
145,2011-12-03,7,13,16,42,67,68,83,11,,,0,,0,,17,28333.90,1721,279.88,61592,15.64,,,0,,7,27988.00,363,1564.00,4975,100.00,30590,10.00,64602,5.00
146,2011-12-06,1,4,10,24,55,90,60,2,,,0,,1,513864.18,68,5667.62,4519,85.28,105512,7.30,,,0,,17,8528.00,439,730.00,4442,100.00,21724,10.00,41826,5.00
147,2011-12-09,1,49,51,60,83,84,72,56,,,0,,0,,5,76443.54,833,458.84,38052,20.08,,,0,,4,45884.00,141,2008.00,2632,100.00,18839,10.00,43765,5.00
148,2011-12-10,28,31,48,56,72,78,65,34,,,0,,0,,7,60333.00,1137,371.44,42794,19.73,,,0,,10,37144.00,192,1973.00,2956,100.00,19688,10.00,47337,5.00
149,2011-12-13,10,26,31,36,72,85,61,3,,,0,,0,,13,29355.32,1127,338.61,41608,18.34,,,0,,4,33861.00,214,1834.00,3422,100.00,22074,10.00,46745,5.00
150,2011-12-15,7,37,40,53,55,62,58,23,,,0,,0,,3,124706.36,924,404.88,37809,19.78,,,0,,2,40488.00,253,1978.00,3581,100.00,23111,10.00,51707,5.00
151,2011-12-17,2,28,37,56,77,79,85,12,,,0,,1,629642.86,12,39352.68,1202,392.87,48940,19.29,,,0,,8,39287.00,252,1929.00,3956,100.00,26268,10.00,58246,5.00
152,2011-12-20,21,28,56,63,68,88,86,50,,,0,,0,,11,34849.53,1203,318.65,43406,17.66,,,0,,6,31865.00,215,1766.00,2991,100.00,18758,10.00,44363,5.00
153,2011-12-22,36,37,44,62,75,90,61,40,,,0,,0,,8,47863.70,876,437.11,37173,20.60,,,0,,2,43711.00,173,2060.00,2791,100.00,18433,10.00,42598,5.00
154,2011-12-24,16,41,46,53,86,87,24,89,,,0,,0,,5,92892.72,1078,430.85,42478,21.86,,,0,,5,43085.00,201,2186.00,3223,100.00,22625,10.00,52188,5.00
155,2011-12-27,6,9,21,24,30,47,87,74,,,0,,0,,14,25716.81,2084,172.76,64016,11.24,,,0,,6,17276.00,241,1124.00,3417,100.00,19892,10.00,39682,5.00
156,2011-12-29,15,20,42,43,47,83,26,80,,,0,,0,,11,35682.38,1012,387.85,40430,19.41,,,0,,1,38785.00,157,1941.00,2859,100.00,18941,10.00,42939,5.00
157,2011-12-31,2,3,9,30,33,56,11,32,,,0,,1,638154.28,27,17726.51,3008,159.11,89860,10.65,,,0,,16,15911.00,502,1065.00,5965,100.00,34715,10.00,74045,5.00
1,2012-01-03,35,47,54,68,71,78,33,79,,,0,,0,,8,48113.15,941,409.03,36187,21.27,,,0,,3,40903.00,173,2127.00,2863,100.00,18379,10.00,42993,5.00
2,2012-01-05,10,11,12,24,56,71,38,28,,,0,,0,,25,15771.12,2363,166.85,77842,10.13,,,0,,8,16685.00,292,1013.00,4322,100.00,24016,10.00,45771,5.00
3,2012-01-07,7,15,60,72,77,90,13,48,,,0,,0,,22,19635.84,1959,220.51,70015,12.33,,,0,,12,22051.00,272,1233.00,3918,100.00,23345,10.00,47284,5.00
4,2012-01-10,14,22,27,28,34,66,69,23,,,0,,0,,14,27184.30,1679,226.67,47866,15.90,,,0,,6,22667.00,198,1590.00,3459,100.00,22763,10.00,52424,5.00
5,2012-01-12,20,49,53,63,73,84,88,49,,,0,,0,,12,31237.80,1085,345.48,37105,20.20,,,0,,7,34548.00,297,2020.00,3542,100.00,22898,10.00,48155,5.00
6,2012-01-14,4,12,15,37,53,83,41,65,,,0,,0,,15,31324.84,1565,300.23,59857,15.69,,,0,,11,30023.00,270,1569.00,4078,100.00,24813,10.00,51082,5.00
7,2012-01-17,9,27,32,51,53,71,62,82,,,0,,0,,25,15072.11,1401,268.95,46091,16.35,,,0,,6,26895.00,166,1635.00,2936,100.00,19168,10.00,41765,5.00
8,2012-01-19,24,41,44,56,73,90,60,66,,,0,,0,,16,23193.53,1221,303.92,42950,17.28,,,0,,6,30392.00,191,1728.00,3053,100.00,20262,10.00,42905,5.00
9,2012-01-21,12,19,33,38,62,80,84,12,,,0,,0,,11,42620.17,1298,361.18,54930,17.06,,,0,,7,36118.00,324,1706.00,4502,100.00,27795,10.00,55954,5.00
10,2012-01-24,27,32,55,68,72,75,84,61,,,0,,0,,13,28778.21,1210,309.18,41645,17.96,,,0,,2,30918.00,166,1796.00,2741,100.00,17895,10.00,41761,5.00
11,2012-01-26,13,16,22,30,52,87,42,37,,,0,,0,,10,36788.78,1103,333.53,41361,17.78,,,0,,6,33353.00,187,1778.00,3149,100.00,19432,10.00,43654,5.00
12,2012-01-28,2,17,25,50,52,84,28,35,,,0,,0,,24,19693.93,2101,224.96,62889,15.03,,,0,,8,22496.00,309,1503.00,4327,100.00,26568,10.00,56373,5.00
13,2012-01-31,16,23,28,33,43,86,30,51,,,0,,0,,10,37210.33,1029,361.61,39678,18.75,,,0,,8,36161.00,204,1875.00,2862,100.00,19698,10.00,42844,5.00
14,2012-02-02,25,37,43,50,58,60,89,6,,,0,,0,,8,45084.47,822,442.51,33855,21.39,,,0,,3,44251.00,144,2139.00,2637,100.00,18282,10.00,44255,5.00
15,2012-02-04,1,17,30,43,67,82,2,40,,,0,,0,,7,62947.15,1959,226.49,51431,17.19,,,0,,4,22649.00,178,1719.00,3236,100.00,21853,10.00,46739,5.00
16,2012-02-07,27,30,69,75,81,83,68,36,,,0,,0,,6,63378.85,823,465.78,39178,19.49,,,1,1584471.25,0,,202,1949.00,3003,100.00,20817,10.00,47150,5.00
17,2012-02-09,43,51,54,71,73,85,25,56,,,0,,0,,7,53866.50,1157,328.55,41726,18.14,,,0,,2,32855.00,177,1814.00,2821,100.00,18325,10.00,44268,5.00
18,2012-02-11,23,30,46,64,70,86,31,26,,,0,,0,,9,50693.05,1282,358.27,45940,19.92,,,0,,23,35827.00,344,1992.00,3520,100.00,24275,10.00,57094,5.00
19,2012-02-14,12,25,41,79,86,88,37,66,,,0,,0,,9,43189.42,945,414.57,40906,19.07,,,0,,5,41457.00,160,1907.00,3054,100.00,20786,10.00,45260,5.00
20,2012-02-16,5,21,23,41,74,84,81,48,,,0,,0,,20,18807.10,1221,310.57,44586,16.94,,,0,,7,31057.00,237,1694.00,3442,100.00,20604,10.00,44349,5.00
21,2012-02-18,8,21,39,56,74,81,19,30,,,0,,0,,11,43293.36,1612,297.33,56826,16.81,,,0,,11,29733.00,203,1681.00,3626,100.00,24300,10.00,52728,5.00
22,2012-02-21,28,29,30,39,75,87,65,16,,,0,,1,497630.89,2,186611.59,740,508.50,33030,22.69,,,0,,4,50850.00,172,2269.00,2892,100.00,20302,10.00,47265,5.00
23,2012-02-23,20,28,56,62,63,76,35,31,,,0,,0,,10,37049.14,829,450.61,35826,20.76,,,0,,5,45061.00,165,2076.00,2518,100.00,17811,10.00,42003,5.00
24,2012-02-25,14,30,64,75,79,89,31,11,,,0,,0,,5,93410.06,1014,463.63,40466,23.15,,,0,,8,46363.00,205,2315.00,3707,100.00,26496,10.00,63195,5.00
25,2012-02-28,25,34,43,57,67,77,3,73,,,0,,0,,14,26681.25,1175,320.51,40330,18.60,,,0,,3,32051.00,185,1860.00,3619,100.00,17342,10.00,41299,5.00
26,2012-03-01,6,14,19,26,51,53,83,31,,,0,,0,,17,21776.81,1589,234.99,54409,13.66,,,0,,5,23499.00,218,1366.00,3066,100.00,18373,10.00,38843,5.00
27,2012-03-03,16,19,31,46,69,74,62,82,,,0,,0,,15,31684.20,1458,328.16,56083,17.00,,,0,,2,32816.00,236,1700.00,3702,100.00,22187,10.00,48802,5.00
28,2012-03-06,31,42,49,51,68,79,70,69,,,0,,0,,12,31551.39,886,430.95,33975,22.38,,,1,788784.75,3,43095.00,178,2238.00,2906,100.00,20339,10.00,48803,5.00
29,2012-03-08,23,37,47,79,80,83,53,46,,,0,,0,,4,93527.73,962,392.22,37597,19.98,,,0,,8,39222.00,192,1998.00,2953,100.00,20039,10.00,45345,5.00
30,2012-03-10,1,8,40,54,69,81,61,53,,,0,,0,,14,34115.26,1534,313.44,61853,15.49,,,0,,7,31344.00,258,1549.00,4172,100.00,25856,10.00,53189,5.00
31,2012-03-13,15,17,53,67,75,81,37,18,,,0,,0,,11,34046.92,972,388.60,40492,18.57,,,0,,13,38860.00,233,1857.00,3570,100.00,24102,10.00,54234,5.00
32,2012-03-15,1,13,14,34,67,83,61,17,,,0,,0,,2,183850.11,836,443.66,39271,18.80,,,0,,19,44366.00,352,1880.00,5709,100.00,35697,10.00,78665,5.00
33,2012-03-17,12,23,54,68,84,89,86,76,,,0,,0,,19,24864.13,1519,313.11,59355,15.97,,,0,,10,31311.00,248,1597.00,3920,100.00,23397,10.00,52450,5.00
34,2012-03-20,21,39,44,49,65,87,54,57,,,0,,0,,13,28599.01,1022,366.92,38451,19.42,,,0,,9,36692.00,180,1942.00,2837,100.00,19619,10.00,44348,5.00
35,2012-03-22,6,21,37,55,84,88,89,53,,,0,,0,,14,25940.85,1118,327.70,44240,16.49,,,0,,4,32770.00,193,1649.00,2862,100.00,18346,10.00,38848,5.00
36,2012-03-24,39,45,49,66,75,80,77,74,,,0,,1,626249.61,6,78281.21,1183,399.74,45786,20.58,,,0,,7,39974.00,238,2058.00,3746,100.00,24154,10.00,57777,5.00
37,2012-03-27,9,26,27,40,51,69,11,8,,,0,,0,,9,39765.03,1274,283.43,46700,15.39,,,0,,6,28343.00,228,1539.00,3785,100.00,22616,10.00,46730,5.00
38,2012-03-29,11,45,50,54,57,62,18,62,,,0,,0,,6,58432.12,976,362.49,37540,18.76,,,0,,5,36249.00,155,1876.00,2730,100.00,17332,10.00,36902,5.00
39,2012-03-31,11,23,38,47,57,83,61,38,,,0,,0,,21,21518.83,1594,285.50,60593,14.96,,,0,,3,28550.00,286,1496.00,3774,100.00,23425,10.00,49856,5.00
40,2012-04-03,11,34,55,63,87,89,6,83,,,0,,0,,9,41286.06,988,380.18,38581,19.36,,,0,,3,38018.00,193,1936.00,2759,100.00,17873,10.00,40346,5.00
41,2012-04-05,10,37,44,56,60,89,7,25,,,0,,0,,11,33135.21,1015,363.09,37402,19.59,,,0,,3,36309.00,175,1959.00,3026,100.00,20943,10.00,45343,5.00
42,2012-04-07,37,46,54,55,65,87,1,59,,,0,,0,,17,26944.96,1403,329.37,46819,19.65,,,0,,6,32937.00,176,1965.00,3256,100.00,22585,10.00,52069,5.00
43,2012-04-10,9,22,41,49,52,53,77,36,,,0,,0,,9,36992.28,954,353.22,37688,17.77,,,0,,3,35322.00,168,1777.00,2727,100.00,17268,10.00,35854,5.00
44,2012-04-12,15,25,34,54,70,88,33,45,,,0,,0,,10,35971.45,1054,345.12,37940,19.06,,,0,,11,34512.00,167,1906.00,2975,100.00,19561,10.00,45233,5.00
45,2012-04-14,5,22,24,36,85,86,29,2,,,0,,0,,17,26819.72,1268,362.76,50282,18.21,,,0,,9,36276.00,207,1821.00,3572,100.00,23796,10.00,52009,5.00
46,2012-04-17,6,28,39,46,60,78,57,56,,,0,,0,,12,30509.68,905,409.02,33847,21.75,,,0,,6,40902.00,148,2175.00,2498,100.00,18326,10.00,41816,5.00
47,2012-04-19,12,26,27,47,63,77,3,45,,,0,,0,,11,33060.99,1245,295.35,45770,15.97,,,0,,6,29535.00,193,1597.00,3196,100.00,20115,10.00,42100,5.00
48,2012-04-21,9,11,33,69,73,82,44,48,,,0,,1,616106.41,16,28879.99,1834,254.15,65645,14.13,,,0,,3,25415.00,320,1413.00,4179,100.00,25249,10.00,51310,5.00
49,2012-04-24,24,28,54,68,78,81,74,26,,,0,,0,,3,124501.15,1054,358.20,38593,19.46,,,0,,4,35820.00,199,1946.00,2912,100.00,19091,10.00,45674,5.00
50,2012-04-26,19,61,62,65,85,89,67,39,,,0,,0,,3,111283.09,883,382.67,33108,20.28,,,0,,3,38267.00,143,2028.00,2247,100.00,15833,10.00,36044,5.00
51,2012-04-28,6,11,34,51,59,82,75,6,,,0,,0,,10,43733.77,1215,363.28,49326,17.81,,,0,,7,36328.00,226,1781.00,3880,100.00,23952,10.00,48317,5.00
52,2012-05-02,9,22,61,67,84,85,6,36,,,0,,0,,6,57249.41,799,433.51,33638,20.50,,,0,,4,43351.00,139,2050.00,2544,100.00,16954,10.00,37798,5.00
53,2012-05-03,8,16,25,28,57,68,55,10,,,0,,0,,7,44495.46,1181,266.17,42219,14.82,,,0,,3,26617.00,234,1482.00,3104,100.00,19044,10.00,40638,5.00
54,2012-05-05,13,14,19,57,77,79,65,52,,,0,,0,,14,31954.99,1390,323.92,53374,16.81,,,0,,3,32392.00,215,1681.00,3541,100.00,22461,10.00,49143,5.00
55,2012-05-08,13,19,35,38,52,64,57,66,,,0,,0,,8,44957.86,1099,329.88,39539,18.26,,,0,,5,32988.00,186,1826.00,2855,100.00,18886,10.00,40947,5.00
56,2012-05-10,6,16,30,53,60,71,86,11,,,0,,0,,13,27210.80,1263,282.36,42024,16.90,,,0,,2,28236.00,208,1690.00,3421,100.00,21423,10.00,47837,5.00
57,2012-05-12,10,45,58,66,83,85,51,20,,,0,,0,,14,31324.18,1302,339.03,47822,18.40,,,0,,8,33903.00,254,1840.00,3710,100.00,24370,10.00,52599,5.00
58,2012-05-15,5,38,56,76,77,89,71,64,,,0,,0,,11,32830.21,917,396.96,35397,20.48,,,0,,4,39696.00,180,2048.00,3383,100.00,23801,10.00,52735,5.00
59,2012-05-17,14,38,41,58,65,75,86,70,,,0,,0,,17,21053.12,1069,337.49,34873,20.60,,,0,,2,33749.00,134,2060.00,2320,100.00,16376,10.00,38610,5.00
60,2012-05-19,1,23,27,33,37,85,56,16,,94836378.29,1,94836378.29,0,,15,29759.14,1374,326.97,53710,16.67,,,1,743978.50,4,32697.00,233,1667.00,3975,100.00,24928,10.00,52429,5.00
61,2012-05-22,1,6,31,45,58,85,55,81,,,0,,0,,6,54841.93,992,334.61,42000,15.73,,,0,,2,33461.00,203,1573.00,2820,100.00,18719,10.00,41086,5.00
62,2012-05-24,10,29,32,43,56,90,71,84,,25800137.57,1,25800137.57,0,,10,32505.03,1142,287.15,43692,14.94,,,0,,7,28715.00,163,1494.00,2569,100.00,16089,10.00,33090,5.00
63,2012-05-26,3,33,51,55,73,84,47,88,,,0,,0,,15,26536.55,1403,285.76,49631,16.09,,,0,,4,28576.00,224,1609.00,3575,100.00,22825,10.00,50361,5.00
64,2012-05-29,38,39,42,49,55,81,2,10,,,0,,1,414978.06,13,23941.05,745,421.63,30900,20.23,,,0,,2,42163.00,162,2023.00,2427,100.00,15707,10.00,38584,5.00
65,2012-05-31,12,25,66,72,75,89,6,57,,,0,,0,,9,34137.70,890,348.45,35969,17.16,,,0,,6,34845.00,174,1716.00,2402,100.00,14914,10.00,33231,5.00
66,2012-06-04,8,16,20,23,47,56,50,79,,,0,,0,,13,27223.28,15,234.45,56045,12.68,,,0,,2,23445.00,193,1268.00,3185,100.00,17989,10.00,36518,5.00
67,2012-06-05,15,29,38,44,67,74,63,2,,,0,,0,,11,24958.74,997,278.55,31749,17.39,,,0,,11,27855.00,156,1739.00,1944,100.00,12888,10.00,31341,5.00
68,2012-06-07,32,58,63,70,75,81,4,59,,,0,,0,,3,101553.62,685,449.38,26962,22.71,,,0,,3,44938.00,92,2271.00,1874,100.00,14059,10.00,33083,5.00
69,2012-06-09,31,34,52,54,78,82,74,81,,,0,,0,,15,25137.90,1013,375.35,35264,21.47,,,0,,2,37535.00,141,2147.00,2748,100.00,17188,10.00,43198,5.00
70,2012-06-12,20,30,47,69,77,83,86,17,,,0,,0,,6,51175.83,845,367.13,34056,18.12,,,0,,4,36713.00,193,1812.00,3514,100.00,22354,10.00,49924,5.00
71,2012-06-14,3,13,39,40,49,75,24,26,,,0,,0,,6,49839.67,880,343.41,35206,17.07,,,0,,2,34341.00,161,1707.00,2476,100.00,16366,10.00,34789,5.00
72,2012-06-16,1,9,37,69,71,83,48,40,,,0,,0,,16,23167.87,1282,291.62,49623,15.00,,,0,,5,29162.00,247,1500.00,3222,100.00,18429,10.00,37464,5.00
73,2012-06-19,52,62,65,77,87,90,13,31,,,0,,0,,3,99111.29,798,376.57,31328,19.08,,,0,,2,37657.00,165,1908.00,2300,100.00,15055,10.00,33935,5.00
74,2012-06-21,9,24,39,48,69,75,36,80,,,0,,0,,21,13964.75,2452,120.89,37902,15.55,,,0,,9,12089.00,145,1555.00,2330,100.00,14068,10.00,30306,5.00
75,2012-06-23,2,6,26,42,55,86,3,15,,,0,,0,,10,35931.75,1356,267.32,50175,14.38,,,0,,17,26732.00,284,1438.00,3300,100.00,20576,10.00,40640,5.00
76,2012-06-26,13,30,46,48,70,88,10,9,,,0,,0,,9,32258.05,773,379.68,30201,19.33,,,0,,4,37968.00,152,1933.00,2462,100.00,16553,10.00,38023,5.00
77,2012-06-28,6,20,25,42,57,80,49,63,,,0,,0,,1,288498.26,922,316.34,33899,17.11,,,0,,3,31634.00,148,1711.00,2506,100.00,15524,10.00,33661,5.00
78,2012-06-30,17,20,21,39,44,89,75,83,,,0,,1,469396.83,5,70409.53,1052,337.66,40844,17.31,,,0,,4,33766.00,153,1731.00,2849,100.00,16806,10.00,35467,5.00
79,2012-07-03,2,12,17,60,63,78,61,56,,,0,,0,,5,59402.04,1013,302.25,37982,15.88,,,0,,7,30225.00,151,1588.00,2628,100.00,16198,10.00,34136,5.00
80,2012-07-05,15,59,64,65,76,79,17,26,,,0,,0,,2,147037.33,590,513.98,24508,24.37,,,0,,2,51398.00,174,2437.00,2124,100.00,14844,10.00,36901,5.00
81,2012-07-07,15,25,26,53,74,76,28,25,,,0,,0,,11,32872.84,1006,368.56,36709,19.95,,,0,,5,36856.00,190,1995.00,3069,100.00,20151,10.00,43476,5.00
82,2012-07-10,19,32,33,66,75,78,21,36,,,0,,0,,4,74106.75,638,479.00,29581,20.35,,,0,,1,47900.00,129,2035.00,2167,100.00,15257,10.00,34691,5.00
83,2012-07-12,40,42,54,66,77,86,39,47,,,0,,0,,2,146402.59,728,414.81,27955,21.27,,,0,,5,41481.00,134,2127.00,2455,100.00,16230,10.00,39646,5.00
84,2012-07-14,27,38,70,75,78,82,69,28,,,0,,0,,12,30048.85,876,422.10,33917,21.53,,,0,,4,42210.00,170,2153.00,2655,100.00,19029,10.00,44046,5.00
85,2012-07-17,8,28,35,53,57,61,36,14,,,0,,0,,8,37360.79,920,334.85,34603,17.54,,,0,,2,33485.00,225,1754.00,3090,100.00,19513,10.00,43036,5.00
86,2012-07-19,5,36,51,55,69,79,48,86,,,0,,1,389876.55,9,32489.72,780,386.64,31404,18.91,,,0,,0,,141,1891.00,2071,100.00,14230,10.00,30710,5.00
87,2012-07-21,22,24,49,58,72,85,25,52,,,0,,0,,7,51176.77,1205,304.90,39377,18.42,,,0,,7,30490.00,156,1842.00,2678,100.00,16578,10.00,39036,5.00
88,2012-07-24,2,45,55,77,84,88,65,7,,,0,,1,398646.20,11,27180.43,1044,295.17,37768,16.07,,,0,,4,29517.00,206,1607.00,3322,100.00,21778,10.00,45683,5.00
89,2012-07-26,11,18,30,59,76,77,5,54,,,0,,0,,11,26461.79,802,374.38,32258,18.33,,,0,,2,37438.00,183,1833.00,3417,100.00,19420,10.00,39641,5.00
90,2012-07-28,9,17,67,68,80,81,1,87,,,0,,0,,4,88585.97,1045,347.86,41978,17.10,,,0,,5,34786.00,164,1710.00,3096,100.00,18637,10.00,38251,5.00
91,2012-07-31,29,82,83,84,87,89,13,49,,,0,,0,,29,10164.91,1164,261.13,28685,20.87,,,0,,3,26113.00,164,2087.00,2312,100.00,16022,10.00,39036,5.00
92,2012-08-02,2,8,55,66,73,83,32,83,,18840052.58,1,18840052.58,0,,10,29390.72,979,302.68,38232,15.43,,,0,,5,30268.00,190,1543.00,2418,100.00,14859,10.00,28908,5.00
93,2012-08-04,12,35,47,56,74,87,67,13,,,0,,1,452161.35,14,24222.93,1084,315.07,37747,18.03,,,0,,7,31507.00,196,1803.00,2954,100.00,19912,10.00,45276,5.00
94,2012-08-07,24,50,57,62,72,77,38,75,,,0,,0,,5,55953.75,732,385.50,26822,20.95,,,0,,4,38550.00,148,2095.00,2136,100.00,14497,10.00,33399,5.00
95,2012-08-09,19,30,32,39,47,71,35,42,,,0,,0,,9,30655.62,775,359.12,32790,16.90,,,0,,3,35912.00,151,1690.00,2244,100.00,13563,10.00,29825,5.00
96,2012-08-11,4,11,13,42,54,75,82,50,,,0,,0,,9,36337.29,1181,278.96,46868,14.00,,,0,,2,27896.00,211,1400.00,2744,100.00,17633,10.00,35101,5.00
97,2012-08-14,19,22,23,28,41,74,61,84,,,0,,0,,5,55851.83,856,329.06,35448,15.82,,,0,,2,32906.00,165,1582.00,2250,100.00,13305,10.00,27546,5.00
98,2012-08-16,38,39,46,74,85,89,82,21,,,0,,0,,3,81379.16,486,507.32,21148,23.20,,,0,,2,50732.00,96,2320.00,1624,100.00,12094,10.00,30940,5.00
99,2012-08-18,3,5,11,34,43,49,2,24,,,0,,0,,12,26042.48,1476,213.36,52746,11.89,,,0,,10,21336.00,231,1189.00,3060,100.00,17307,10.00,33579,5.00
100,2012-08-21,35,42,62,67,76,78,49,85,,,0,,0,,4,68705.53,620,447.17,22429,24.61,,,0,,5,44717.00,91,2461.00,1610,100.00,12241,10.00,31723,5.00
101,2012-08-23,5,27,36,40,46,64,4,52,,,0,,0,,7,38552.72,672,405.19,27747,19.53,,,0,,4,40519.00,115,1953.00,1772,100.00,12332,10.00,28685,5.00
102,2012-08-25,7,38,66,67,71,88,43,40,,,0,,0,,10,32303.00,990,328.74,38924,16.66,,,0,,1,32874.00,169,1666.00,2441,100.00,15082,10.00,32220,5.00
103,2012-08-28,15,27,30,34,75,80,70,71,,,0,,0,,7,40424.08,662,431.10,29185,19.47,,,0,,4,43110.00,163,1947.00,2279,100.00,14993,10.00,34922,5.00
104,2012-08-30,17,20,22,40,52,62,14,43,,12321539.91,1,12321539.91,0,,10,27819.93,831,337.69,31007,18.02,,,0,,3,33769.00,128,1802.00,2301,100.00,13838,10.00,30617,5.00
105,2012-09-01,6,20,31,33,63,74,75,57,,,0,,0,,7,49319.48,926,404.07,38217,18.82,,,0,,3,40407.00,147,1882.00,2764,100.00,16952,10.00,37522,5.00
106,2012-09-04,34,42,58,60,82,83,72,28,,,0,,0,,1,291677.44,557,575.61,23129,26.47,,,0,,1,57561.00,158,2647.00,1976,100.00,14527,10.00,36978,5.00
107,2012-09-06,16,29,39,49,59,64,18,41,,,0,,0,,7,41186.82,1116,284.27,29615,20.44,,,0,,4,28427.00,177,2044.00,2199,100.00,13729,10.00,31711,5.00
108,2012-09-08,5,13,31,42,43,73,60,21,,,0,,0,,6,58828.67,1120,340.99,43718,16.80,,,0,,3,34099.00,220,1680.00,2896,100.00,18196,10.00,40137,5.00
109,2012-09-11,8,33,42,44,48,89,43,9,,,0,,0,,4,72983.21,743,431.85,33091,18.51,,,0,,5,43185.00,164,1851.00,2765,100.00,16296,10.00,35917,5.00
110,2012-09-13,12,26,27,46,65,77,15,50,,,0,,0,,7,41598.76,983,325.66,34224,17.86,,,0,,1,32566.00,160,1786.00,2441,100.00,15284,10.00,31660,5.00
111,2012-09-15,21,23,32,35,36,72,4,68,,,0,,0,,9,40297.47,919,426.13,37226,20.26,,,0,,2,42613.00,154,2026.00,2694,100.00,17830,10.00,40218,5.00
112,2012-09-18,3,10,18,25,50,68,66,45,,,0,,1,393234.39,29,10169.86,1928,167.97,55754,11.09,,,0,,12,16797.00,276,1109.00,3397,100.00,17143,10.00,35485,5.00
113,2012-09-20,10,17,50,65,75,86,57,8,,,0,,0,,3,97043.39,741,431.94,31594,19.34,,,0,,8,43194.00,202,1934.00,2857,100.00,18017,10.00,38496,5.00
114,2012-09-22,1,28,29,68,84,85,27,81,,,0,,0,,8,45429.27,879,446.38,37620,20.09,,,0,,4,44638.00,141,2009.00,2867,100.00,17771,10.00,37604,5.00
115,2012-09-25,21,23,33,46,61,76,10,32,,,0,,0,,5,58297.64,597,536.72,26820,22.81,,,0,,6,53672.00,167,2281.00,2174,100.00,14666,10.00,33807,5.00
116,2012-09-27,3,8,10,31,77,79,61,58,,,0,,0,,25,11440.24,2010,156.68,55381,10.85,,,0,,8,15668.00,201,1085.00,2909,100.00,16321,10.00,33116,5.00
117,2012-09-29,6,7,33,53,64,90,38,17,,,0,,0,,9,40237.69,1420,275.40,52823,14.25,,,0,,12,27540.00,326,1425.00,4858,100.00,27999,10.00,52661,5.00
118,2012-10-02,36,52,69,71,78,84,1,16,,,0,,0,,5,59591.82,663,457.05,27496,21.85,,,0,,4,45705.00,128,2185.00,2136,100.00,15761,10.00,36590,5.00
119,2012-10-04,21,25,47,62,79,87,37,51,,,0,,0,,2,146714.61,705,423.40,28017,21.12,,,0,,3,42340.00,143,2112.00,2144,100.00,14749,10.00,34331,5.00
120,2012-10-06,13,40,41,56,82,87,74,47,,,0,,0,,7,52580.41,860,433.87,35883,20.65,,,0,,6,43387.00,165,2065.00,2801,100.00,19647,10.00,45647,5.00
121,2012-10-09,6,9,37,67,83,88,26,19,,,0,,1,394616.02,12,24663.51,1199,251.06,40636,14.69,,,0,,7,25106.00,368,1469.00,5239,100.00,28531,10.00,55965,5.00
122,2012-10-11,16,34,50,58,80,90,33,71,,,0,,0,,3,98330.07,733,409.35,31050,19.16,,,0,,5,40935.00,125,1916.00,2252,100.00,15324,10.00,33733,5.00
123,2012-10-13,14,17,38,58,60,81,79,57,,,0,,0,,13,28541.08,1088,345.68,39174,19.07,,,1,713527.00,5,34568.00,140,1907.00,2713,100.00,18501,10.00,40749,5.00
124,2012-10-16,1,20,24,27,46,60,18,1,,,0,,0,,6,49499.70,867,348.40,35944,16.66,,,0,,4,34840.00,194,1666.00,2992,100.00,17615,10.00,34244,5.00
125,2012-10-18,7,41,56,61,68,84,89,6,,,0,,0,,18,16183.46,661,448.37,26975,21.78,,,0,,2,44837.00,152,2178.00,2091,100.00,15171,10.00,35313,5.00
126,2012-10-20,2,5,28,36,69,81,29,61,,,0,,0,,12,30458.13,1212,305.74,48244,15.25,,,0,,1,30574.00,212,1525.00,3074,100.00,18574,10.00,40277,5.00
127,2012-10-23,45,50,65,67,78,79,43,77,,,0,,0,,3,97537.28,606,491.22,24340,24.25,,,0,,1,49122.00,149,2425.00,2735,100.00,18834,10.00,44699,5.00
128,2012-10-25,15,23,51,52,77,90,19,19,,,0,,0,,13,22291.22,1093,269.76,39730,14.71,,,0,,4,26976.00,221,1471.00,3093,100.00,18438,10.00,38578,5.00
129,2012-10-27,15,33,34,43,49,75,9,13,,,0,,0,,8,45520.14,986,374.47,35080,20.90,,,0,,4,37447.00,186,2090.00,2896,100.00,19762,10.00,47944,5.00
130,2012-10-30,10,32,46,61,70,75,73,13,,,0,,1,386172.33,11,26329.94,636,463.36,26739,21.85,,,0,,4,46336.00,137,2185.00,2239,100.00,16414,10.00,37309,5.00
131,2012-11-03,1,4,8,47,74,87,26,69,,,0,,0,,24,17382.30,2401,174.85,74014,11.30,,,0,,10,17485.00,333,1130.00,4300,100.00,23970,10.00,47957,5.00
132,2012-11-05,7,14,15,17,57,66,8,38,,,0,,1,239714.65,10,17978.60,743,245.54,26647,13.59,,,0,,2,24554.00,115,1359.00,1420,100.00,8815,10.00,17798,5.00
133,2012-11-06,18,20,22,76,82,84,89,57,,,0,,0,,5,51160.98,643,401.95,25282,20.34,,,0,,1,40195.00,102,2034.00,1885,100.00,12488,10.00,27378,5.00
134,2012-11-08,9,31,39,44,72,81,67,16,,,0,,2,191523.25,11,26116.81,968,299.52,35014,16.48,,,0,,3,29952.00,151,1648.00,2379,100.00,15399,10.00,33670,5.00
135,2012-11-10,1,34,46,51,60,75,23,18,,,0,,0,,10,36383.50,675,542.94,30966,23.58,,,0,,3,54294.00,201,2358.00,3134,100.00,21808,10.00,51758,5.00
136,2012-11-13,3,20,57,62,79,84,61,72,,,0,,0,,7,41987.42,696,426.09,29576,19.96,,,0,,2,42609.00,143,1996.00,2273,100.00,14818,10.00,33865,5.00
137,2012-11-15,12,24,53,66,74,83,86,69,,,0,,0,,11,26236.47,955,304.97,33788,17.16,,,0,,6,30497.00,140,1716.00,2286,100.00,15699,10.00,34079,5.00
138,2012-11-17,8,10,39,60,77,84,23,90,,,0,,0,,8,45997.81,1102,336.32,44383,16.64,,,0,,5,33632.00,318,1664.00,5676,100.00,36305,10.00,77602,5.00
139,2012-11-20,9,11,29,41,67,70,69,1,,,0,,0,,16,18206.26,1359,216.29,45554,12.84,,,0,,4,21629.00,230,1284.00,2784,100.00,16706,10.00,33740,5.00
140,2012-11-22,20,25,51,59,77,88,37,13,,,0,,0,,3,95819.02,840,345.36,31565,18.29,,,0,,1,34536.00,177,1829.00,2516,100.00,17145,10.00,38107,5.00
141,2012-11-24,12,26,34,42,48,63,33,42,,,0,,0,,8,45585.39,1227,299.37,41682,17.56,,,0,,7,29937.00,195,1756.00,2714,100.00,17266,10.00,37326,5.00
142,2012-11-27,5,13,56,65,78,82,74,58,,,0,,0,,12,23902.76,923,313.63,34210,16.84,,,0,,11,31363.00,172,1684.00,2339,100.00,14857,10.00,32373,5.00
143,2012-11-29,1,13,17,29,54,63,60,28,,,0,,0,,10,28175.98,1376,206.69,45937,12.32,,,0,,3,20669.00,233,1232.00,2942,100.00,17433,10.00,35445,5.00
144,2012-12-01,6,20,25,45,56,60,48,66,,,0,,0,,3,122700.53,1114,332.98,45238,16.33,,,0,,3,33298.00,177,1633.00,3124,100.00,19447,10.00,41003,5.00
145,2012-12-04,19,33,35,42,49,83,9,24,,,0,,0,,13,22605.78,867,342.23,30797,19.17,,,0,,2,34223.00,181,1917.00,2367,100.00,16734,10.00,36033,5.00
146,2012-12-06,15,18,47,70,74,89,62,88,,,0,,0,,4,72679.60,868,338.19,32084,18.21,,,0,,2,33819.00,179,1821.00,2740,100.00,16994,10.00,38581,5.00
147,2012-12-10,11,28,38,49,66,77,2,79,,,0,,0,,8,41288.18,1115,298.78,39571,16.76,,,0,,8,29878.00,170,1676.00,2433,100.00,15750,10.00,34376,5.00
148,2012-12-11,6,8,10,11,16,61,26,87,,,0,,2,170668.65,40,6400.08,3529,73.34,70725,7.27,,,0,,19,7334.00,218,727.00,2473,100.00,12550,10.00,24967,5.00
149,2012-12-13,9,25,48,61,73,82,16,84,,,0,,1,390908.37,7,41883.04,793,373.29,29869,19.72,,,0,,3,37329.00,129,1972.00,2085,100.00,14592,10.00,31291,5.00
150,2012-12-15,15,26,35,39,53,59,11,66,,,0,,1,475898.80,14,25494.58,1065,337.80,36665,19.54,,,0,,6,33780.00,201,1954.00,2820,100.00,17066,10.00,40646,5.00
151,2012-12-18,22,56,60,62,79,87,61,2,,,0,,0,,4,74294.17,689,435.43,26304,22.70,,,0,,0,,131,2270.00,2046,100.00,14689,10.00,37014,5.00
152,2012-12-20,6,19,26,27,52,65,32,48,,,0,,0,,13,22645.16,1238,240.08,45714,12.94,,,0,,6,24008.00,244,1294.00,3160,100.00,17679,10.00,36257,5.00
153,2012-12-22,24,50,53,59,80,85,32,3,,,0,,0,,8,45840.99,1040,355.35,37302,19.73,,,0,,5,35535.00,198,1973.00,2946,100.00,19526,10.00,48643,5.00
154,2012-12-24,6,22,31,37,38,51,35,50,,,0,,0,,5,49559.78,622,402.95,24960,19.96,,,0,,2,40295.00,109,1996.00,1907,100.00,12683,10.00,28647,5.00
155,2012-12-27,28,52,57,71,81,87,7,28,,,0,,0,,17,16658.91,834,342.97,28227,20.16,,,0,,5,34297.00,134,2016.00,2371,100.00,16194,10.00,34463,5.00
156,2012-12-29,31,39,51,84,86,89,45,48,,,0,,0,,7,52918.96,799,467.17,31827,23.36,,,0,,1,46717.00,151,2336.00,2850,100.00,18752,10.00,44680,5.00
1,2013-01-02,10,11,43,54,61,83,87,39,,,0,,0,,7,42799.96,836,360.16,34407,17.45,,,0,,4,36016.00,150,1745.00,2415,100.00,15446,10.00,33213,5.00
2,2013-01-03,12,14,41,51,69,90,15,82,,,0,,0,,7,37395.12,1011,260.39,35981,14.59,,,0,,2,26039.00,115,1459.00,2018,100.00,12575,10.00,25960,5.00
3,2013-01-05,3,11,38,59,67,74,31,2,,,0,,0,,6,61352.38,1253,294.98,47472,15.54,,,0,,2,29498.00,232,1554.00,3192,100.00,19107,10.00,39776,5.00
4,2013-01-08,28,32,52,74,79,80,15,11,,,0,,0,,6,48659.39,699,419.81,27491,21.29,,,0,,7,41981.00,174,2129.00,2560,100.00,17721,10.00,44914,5.00
5,2013-01-10,1,16,22,54,73,76,62,83,,,0,,0,,6,48215.16,828,351.19,33464,17.33,,,0,,2,35119.00,142,1733.00,2058,100.00,14211,10.00,30851,5.00
6,2013-01-12,9,12,13,30,48,86,72,20,,,0,,0,,12,30532.24,1615,227.79,58430,12.56,,,0,,8,22779.00,251,1256.00,3978,100.00,23390,10.00,45894,5.00
7,2013-01-15,12,24,40,42,70,84,76,82,,,0,,0,,12,24186.74,1136,256.81,38367,15.16,,,1,604668.50,2,25681.00,122,1516.00,2082,100.00,13172,10.00,29139,5.00
8,2013-01-17,25,34,38,69,83,86,4,30,,,0,,0,,10,28680.41,679,424.59,27681,20.77,,,0,,2,42459.00,128,2077.00,2086,100.00,14786,10.00,35013,5.00
9,2013-01-19,1,6,23,52,58,65,84,51,,,0,,0,,17,21193.04,1328,272.42,49016,14.73,,,0,,4,27242.00,235,1473.00,3281,100.00,19414,10.00,39340,5.00
10,2013-01-22,8,51,52,60,83,88,78,13,,,0,,0,,10,28678.38,879,327.96,32153,17.88,,,0,,2,32796.00,183,1788.00,2762,100.00,18473,10.00,41273,5.00
11,2013-01-24,15,17,47,53,64,80,30,86,,,0,,0,,6,47178.90,711,400.23,30567,18.57,,,0,,3,40023.00,122,1857.00,2038,100.00,13361,10.00,29252,5.00
12,2013-01-26,10,12,27,39,78,84,71,35,,,0,,1,479123.39,12,29945.22,1269,284.34,48818,14.75,,,0,,5,28434.00,210,1475.00,3172,100.00,19816,10.00,41787,5.00
13,2013-01-29,6,12,18,22,25,82,42,25,,,0,,0,,21,13514.90,1781,160.19,53792,10.58,,,1,337872.50,9,16019.00,315,1058.00,3613,100.00,17877,10.00,33565,5.00
14,2013-01-31,37,42,47,49,53,63,16,75,,,0,,0,,10,28278.39,862,329.79,28384,19.97,,,0,,7,32979.00,133,1997.00,2016,100.00,13309,10.00,32732,5.00
15,2013-02-02,9,18,39,63,64,85,74,84,,,0,,0,,8,44991.10,1114,325.73,40688,17.76,,,0,,1,32573.00,162,1776.00,2602,100.00,16722,10.00,36903,5.00
16,2013-02-05,7,13,49,71,80,88,62,13,,,0,,0,,6,48035.35,1008,288.83,36832,15.72,,,0,,7,28883.00,223,1572.00,3538,100.00,20096,10.00,36845,5.00
17,2013-02-07,4,5,55,77,80,81,3,81,,,0,,0,,8,35357.17,1346,212.32,42683,13.32,,,0,,3,21232.00,171,1332.00,2521,100.00,14756,10.00,29361,5.00
18,2013-02-09,4,11,32,51,66,81,26,49,,,0,,0,,9,39696.39,1089,330.76,44028,16.29,,,0,,5,33076.00,201,1629.00,3314,100.00,20896,10.00,45105,5.00
19,2013-02-12,6,21,41,72,73,80,52,14,,,0,,0,,4,70079.72,738,383.81,30464,18.49,,,0,,9,38381.00,141,1849.00,2417,100.00,15523,10.00,34088,5.00
20,2013-02-14,24,32,44,60,64,76,25,76,,,0,,0,,7,40445.13,606,472.03,23825,23.88,,,0,,2,47203.00,115,2388.00,1908,100.00,13432,10.00,32168,5.00
21,2013-02-16,6,32,35,43,53,69,82,8,,,0,,0,,10,35828.33,1076,335.70,38722,18.58,,,0,,9,33570.00,230,1858.00,3168,100.00,21625,10.00,49875,5.00
22,2013-02-19,3,34,37,55,82,90,61,46,,,0,,0,,13,21790.64,1058,270.52,36098,15.77,,,0,,5,27052.00,156,1577.00,2821,100.00,17250,10.00,34987,5.00
23,2013-02-21,4,16,35,57,69,88,87,21,,,0,,0,,12,23585.97,859,332.90,31455,18.08,,,0,,3,33290.00,134,1808.00,2667,100.00,18344,10.00,40592,5.00
24,2013-02-23,1,11,21,50,67,75,52,34,,,0,,0,,16,22214.87,1460,245.46,53970,13.22,,,0,,5,24546.00,317,1322.00,3233,100.00,19677,10.00,40869,5.00
25,2013-02-26,20,25,51,59,84,90,10,42,,,0,,0,,15,18578.02,893,315.34,31743,17.65,,,0,,5,31534.00,123,1765.00,2135,100.00,13933,10.00,30451,5.00
26,2013-02-28,4,24,62,66,76,84,27,19,,,0,,0,,4,70333.79,634,448.37,27119,20.85,,,0,,1,44837.00,163,2085.00,2742,100.00,17792,10.00,43171,5.00
27,2013-03-02,16,49,59,67,71,82,78,88,,,0,,0,,8,45568.50,818,448.65,32566,22.46,,,0,,1,44865.00,209,2246.00,3051,100.00,21419,10.00,50756,5.00
28,2013-03-05,32,34,39,52,59,61,11,37,,,0,,0,,1,288805.96,825,353.04,25223,22.99,,,0,,5,35304.00,139,2299.00,2237,100.00,15497,10.00,38659,5.00
29,2013-03-07,26,32,42,46,78,82,7,21,,,0,,0,,2,142123.78,682,420.38,24262,23.53,,,0,,3,42038.00,130,2353.00,2397,100.00,15127,10.00,37166,5.00
30,2013-03-09,13,22,36,64,80,84,37,69,,,0,,0,,7,51405.83,877,413.10,36216,19.93,,,0,,7,41310.00,246,1993.00,3255,100.00,20670,10.00,46993,5.00
31,2013-03-12,7,10,22,23,41,77,49,80,,,0,,0,,10,28556.20,1336,215.57,47627,12.04,,,0,,7,21557.00,187,1204.00,2707,100.00,15608,10.00,31094,5.00
32,2013-03-14,27,35,47,57,85,89,68,35,,,0,,0,,8,35593.44,811,354.13,30195,18.94,,,0,,2,35413.00,150,1894.00,2407,100.00,14917,10.00,34424,5.00
33,2013-03-16,19,41,43,48,73,81,1,57,,53250221.77,1,53250221.77,0,,17,21130.05,1199,301.63,41399,17.41,,,0,,4,30163.00,203,1741.00,2806,100.00,19566,10.00,43981,5.00
34,2013-03-19,21,39,71,76,89,90,78,33,,,0,,0,,7,38854.38,764,359.20,29990,18.21,,,0,,0,,150,1821.00,2752,100.00,18104,10.00,39062,5.00
35,2013-03-21,9,27,47,58,62,71,72,23,,,0,,0,,4,67572.26,757,360.29,30682,17.69,,,0,,6,36029.00,166,1769.00,3160,100.00,20158,10.00,44250,5.00
36,2013-03-23,29,42,45,58,67,86,59,36,,,0,,0,,10,34429.60,911,380.62,34646,19.94,,,0,,5,38062.00,141,1994.00,2692,100.00,18800,10.00,44155,5.00
37,2013-03-26,15,37,46,52,64,89,7,73,,,0,,0,,6,45228.77,609,449.62,24751,22.02,,,0,,1,44962.00,150,2202.00,1996,100.00,13686,10.00,33314,5.00
38,2013-03-28,12,27,54,68,73,76,89,25,,,0,,0,,14,19213.37,814,333.46,33364,16.19,,,0,,2,33346.00,184,1619.00,2696,100.00,16912,10.00,36125,5.00
39,2013-03-30,17,42,52,71,74,90,87,48,,,0,,0,,12,28421.94,1490,230.54,47438,14.43,,,0,,14,23054.00,199,1443.00,3292,100.00,20434,10.00,42448,5.00
40,2013-04-02,4,12,33,52,85,87,35,70,,,0,,0,,7,35655.27,789,321.11,29961,16.78,,,0,,1,32111.00,133,1678.00,2031,100.00,13244,10.00,27370,5.00
41,2013-04-04,3,4,31,52,66,84,24,35,,,0,,0,,9,29972.88,726,376.76,33263,16.33,,,0,,4,37676.00,171,1633.00,2490,100.00,15668,10.00,31483,5.00
42,2013-04-06,5,8,73,84,87,88,82,39,,,0,,0,,12,28347.11,1057,325.39,42831,15.97,,,0,,6,32539.00,160,1597.00,2966,100.00,18023,10.00,37893,5.00
43,2013-04-09,25,44,45,52,68,81,10,49,,,0,,0,,7,38498.46,581,470.33,27780,19.53,,,0,,3,47033.00,110,1953.00,2150,100.00,15261,10.00,35109,5.00
44,2013-04-11,1,47,66,67,78,90,83,49,,,0,,0,,14,18954.75,1005,267.80,36587,14.60,,,0,,2,26780.00,210,1460.00,2624,100.00,15138,10.00,32080,5.00
45,2013-04-13,26,33,43,49,61,76,78,33,,,0,,0,,5,66688.75,699,482.43,27977,23.97,,,0,,6,48243.00,178,2397.00,2688,100.00,18482,10.00,40879,5.00
46,2013-04-16,21,30,35,36,83,89,73,69,,,0,,0,,3,87840.31,482,554.55,22727,23.35,,,0,,1,55455.00,97,2335.00,1912,100.00,14605,10.00,34742,5.00
47,2013-04-18,27,30,35,39,49,69,56,62,,,0,,0,,3,86059.34,707,370.51,28094,18.51,,,0,,3,37051.00,128,1851.00,1868,100.00,12366,10.00,29279,5.00
48,2013-04-20,29,33,67,75,83,86,40,19,,,0,,1,436815.93,9,36401.33,765,433.18,30484,21.61,,,0,,5,43318.00,161,2161.00,2795,100.00,18914,10.00,47156,5.00
49,2013-04-23,1,13,37,53,62,63,27,11,,,0,,0,,4,65322.93,620,427.52,28506,18.46,,,0,,4,42752.00,196,1846.00,2468,100.00,17037,10.00,37509,5.00
50,2013-04-27,1,2,11,56,57,75,46,37,,,0,,0,,17,21604.48,1621,228.90,59071,12.49,,,0,,3,22890.00,259,1249.00,3432,100.00,20662,10.00,42690,5.00
51,2013-04-29,2,6,53,54,68,89,21,61,,,0,,0,,5,32206.96,390,422.59,18072,18.03,,,0,,2,42259.00,63,1803.00,1207,100.00,7577,10.00,15354,5.00
52,2013-04-30,5,35,38,75,82,86,12,60,,,0,,0,,5,45203.30,513,447.93,22059,20.66,,,0,,5,44793.00,109,2066.00,1544,100.00,10648,10.00,23956,5.00
53,2013-05-02,19,32,33,57,65,75,29,80,,,0,,0,,9,26276.15,717,351.16,24955,19.56,,,0,,3,35116.00,101,1956.00,1556,100.00,10898,10.00,24050,5.00
54,2013-05-04,6,31,63,74,75,85,86,13,,,0,,0,,7,45951.53,876,384.65,31234,21.08,,,0,,2,38465.00,202,2108.00,2872,100.00,20795,10.00,49034,5.00
55,2013-05-07,19,37,54,65,67,70,75,46,,,0,,0,,8,32312.08,884,309.72,29883,17.81,,,0,,5,30972.00,130,1781.00,2408,100.00,14448,10.00,30647,5.00
56,2013-05-09,13,16,20,21,25,65,69,64,,,0,,0,,6,41949.89,950,281.05,33719,15.38,,,0,,3,28105.00,124,1538.00,2174,100.00,13762,10.00,28716,5.00
57,2013-05-11,10,42,48,67,83,84,4,4,,,0,,0,,5,64103.52,805,417.16,32249,20.35,,,0,,6,41716.00,159,2035.00,2759,100.00,18768,10.00,41901,5.00
58,2013-05-14,35,41,47,74,77,85,40,55,,,0,,0,,6,42555.93,715,378.51,26292,20.00,,,0,,3,37851.00,138,2000.00,2392,100.00,16361,10.00,38721,5.00
59,2013-05-16,3,16,22,39,49,71,33,20,,,0,,0,,12,21108.41,864,310.88,32488,16.06,,,0,,8,31088.00,168,1606.00,2189,100.00,14402,10.00,30998,5.00
60,2013-05-18,14,20,24,36,40,81,17,15,,,0,,0,,11,29214.08,929,362.38,34896,18.85,,,0,,4,36238.00,169,1885.00,2720,100.00,17908,10.00,40683,5.00
61,2013-05-21,6,32,48,53,54,87,63,73,,,0,,0,,5,51193.96,602,450.61,25749,20.47,,,0,,3,45061.00,88,2047.00,1802,100.00,11882,10.00,27279,5.00
62,2013-05-23,14,22,36,53,59,66,11,77,,,0,,0,,5,50357.04,641,416.67,25203,20.58,,,0,,2,41667.00,162,2058.00,2127,100.00,13851,10.00,33613,5.00
63,2013-05-25,6,27,34,55,62,87,51,32,,,0,,0,,18,17792.95,1069,313.91,37781,17.35,,,0,,5,31391.00,200,1735.00,2620,100.00,16860,10.00,36513,5.00
64,2013-05-28,26,35,47,66,67,80,11,24,,,0,,0,,7,36250.69,539,499.17,23748,22.01,,,0,,1,49917.00,139,2201.00,1929,100.00,12632,10.00,31827,5.00
65,2013-05-30,29,43,61,62,77,79,85,55,,,0,,0,,5,50079.07,478,555.84,20659,24.98,,,0,,2,55584.00,115,2498.00,1709,100.00,12528,10.00,30949,5.00
66,2013-06-01,8,21,25,54,84,85,51,73,,,0,,0,,9,35816.74,1041,312.10,41382,15.64,,,0,,3,31210.00,182,1564.00,2699,100.00,16340,10.00,34068,5.00
67,2013-06-04,3,27,34,62,81,88,35,81,,,0,,0,,6,43438.45,901,292.09,28948,18.09,,,0,,5,29209.00,141,1809.00,2158,100.00,13617,10.00,27584,5.00
68,2013-06-06,34,36,47,64,73,78,25,67,,,0,,0,,10,25746.23,596,436.25,24057,21.51,,,0,,2,43625.00,131,2151.00,2040,100.00,13250,10.00,32496,5.00
69,2013-06-08,5,10,31,53,56,61,21,19,,,0,,0,,13,24911.64,1270,257.00,42049,15.46,,,0,,4,25700.00,264,1546.00,3163,100.00,20272,10.00,42467,5.00
70,2013-06-11,2,21,37,39,41,64,63,79,,,0,,0,,6,43345.34,632,415.53,27348,19.11,,,0,,1,41553.00,89,1911.00,1750,100.00,12203,10.00,28112,5.00
71,2013-06-13,1,5,6,39,41,70,10,27,,,0,,0,,10,25461.53,1094,235.06,43689,11.71,,,0,,0,,236,1171.00,3185,100.00,18632,10.00,37640,5.00
72,2013-06-15,15,19,33,35,62,68,40,54,,,0,,0,,5,63469.71,874,366.01,33260,19.15,,,0,,8,36601.00,170,1915.00,2731,100.00,17019,10.00,37248,5.00
73,2013-06-18,8,24,32,34,65,86,23,40,,,0,,0,,3,83283.00,630,400.62,25800,19.46,,,0,,3,40062.00,136,1946.00,1804,100.00,11602,10.00,26676,5.00
74,2013-06-20,15,24,32,52,68,71,75,26,,,0,,0,,9,27281.61,680,364.82,24298,20.31,,,0,,7,36482.00,117,2031.00,1890,100.00,13229,10.00,31553,5.00
75,2013-06-22,2,19,25,59,84,88,61,24,,,0,,0,,5,61685.54,1318,235.94,42611,14.53,,,0,,7,23594.00,170,1453.00,2653,100.00,16184,10.00,33818,5.00
76,2013-06-25,6,16,40,61,64,82,19,42,,,0,,0,,8,31193.23,638,395.12,25802,19.44,,,0,,3,39512.00,149,1944.00,1834,100.00,11418,10.00,25797,5.00
77,2013-06-27,12,22,27,37,52,87,35,18,,,0,,0,,11,22526.96,902,277.54,35262,14.12,,,0,,4,27754.00,248,1412.00,2819,100.00,17140,10.00,35249,5.00
78,2013-06-29,17,22,54,69,82,88,9,1,,40706447.91,1,40706447.91,1,417121.00,18,17380.05,1182,266.82,39912,15.74,,,0,,14,26682.00,175,1574.00,2635,100.00,16575,10.00,36733,5.00
79,2013-07-02,3,4,18,29,64,90,52,15,,,0,,0,,13,19012.04,1409,176.69,45927,10.80,,,0,,6,17669.00,198,1080.00,2543,100.00,14552,10.00,27534,5.00
80,2013-07-04,9,41,46,47,53,77,3,54,,,0,,1,326329.17,2,122373.44,660,373.57,27279,18.01,,,0,,2,37357.00,127,1801.00,1829,100.00,12809,10.00,26918,5.00
81,2013-07-06,4,9,24,64,74,76,40,89,,,0,,0,,12,25192.30,1257,241.94,41081,14.76,,,0,,1,24194.00,173,1476.00,2683,100.00,16573,10.00,35464,5.00
82,2013-07-09,17,36,48,55,63,70,28,21,,,0,,0,,9,27233.82,713,346.30,26688,18.43,,,0,,2,34630.00,135,1843.00,2027,100.00,12999,10.00,29767,5.00
83,2013-07-11,14,15,34,55,59,81,46,10,,,0,,0,,6,40249.59,565,430.63,22207,21.83,,,0,,3,43063.00,155,2183.00,2058,100.00,15003,10.00,36162,5.00
84,2013-07-13,23,49,52,65,67,76,61,84,,,0,,0,,6,50259.00,738,411.06,29473,20.52,,,0,,2,41106.00,138,2052.00,2176,100.00,13782,10.00,32647,5.00
85,2013-07-16,22,29,57,72,85,89,49,36,,,0,,0,,4,61107.86,668,368.62,28213,17.39,,,0,,6,36862.00,119,1739.00,1978,100.00,12287,10.00,29061,5.00
86,2013-07-18,16,19,24,37,63,85,38,49,,,0,,0,,6,40158.49,694,349.80,26490,18.26,,,0,,1,34980.00,134,1826.00,2320,100.00,14778,10.00,32141,5.00
87,2013-07-20,2,16,20,26,31,33,64,46,,,0,,0,,5,59747.47,1096,274.22,38864,15.42,,,0,,2,27422.00,153,1542.00,2414,100.00,16288,10.00,35274,5.00
88,2013-07-23,11,14,39,63,73,75,29,86,,,0,,1,322180.60,8,30204.44,606,401.72,26006,18.65,,,0,,4,40172.00,113,1865.00,1903,100.00,11569,10.00,24873,5.00
89,2013-07-25,33,38,41,43,46,57,53,20,,,0,,0,,8,29581.98,613,389.01,21569,22.02,,,0,,3,38901.00,104,2202.00,1780,100.00,12497,10.00,31173,5.00
90,2013-07-27,17,19,40,43,72,84,48,35,,13912039.95,1,13912039.95,0,,7,41376.55,864,337.32,33730,17.22,,,0,,1,33732.00,160,1722.00,2285,100.00,15767,10.00,33339,5.00
91,2013-07-30,16,47,55,57,70,85,19,83,,,0,,0,,4,57956.37,537,435.07,23053,20.19,,,0,,0,,119,2019.00,1531,100.00,10596,10.00,24106,5.00
92,2013-08-01,8,21,24,25,27,75,34,51,,,0,,0,,8,29086.66,922,262.97,34495,13.77,,,0,,3,26297.00,142,1377.00,2185,100.00,13489,10.00,26368,5.00
93,2013-08-03,15,16,34,74,85,87,65,80,,,0,,0,,10,28699.52,642,462.25,24469,23.85,,,0,,5,46225.00,109,2385.00,1909,100.00,12708,10.00,31676,5.00
94,2013-08-06,14,16,32,35,41,50,1,12,,,0,,0,,2,115837.68,581,415.57,20213,23.40,,,0,,4,41557.00,103,2340.00,1904,100.00,13793,10.00,33095,5.00
95,2013-08-08,2,14,42,52,75,79,53,14,,,0,,0,,5,45954.11,549,436.32,22264,21.07,,,0,,3,43632.00,133,2107.00,2115,100.00,12834,10.00,27407,5.00
96,2013-08-10,5,33,47,61,64,70,29,32,,,0,,0,,6,46516.85,1094,264.05,27251,20.84,,,0,,4,26405.00,162,2084.00,1964,100.00,13853,10.00,30985,5.00
97,2013-08-13,1,33,41,78,83,84,72,57,,,0,,0,,4,57324.81,480,498.06,20232,23.14,,,0,,2,49806.00,104,2314.00,1665,100.00,11567,10.00,26019,5.00
98,2013-08-17,20,21,24,43,76,89,83,60,,,0,,0,,2,147311.73,628,484.70,27843,21.51,,,0,,4,48470.00,118,2151.00,1974,100.00,13783,10.00,30786,5.00
99,2013-08-19,3,5,11,14,38,79,29,26,,,0,,0,,7,20806.65,915,169.85,28723,10.48,,,0,,3,16985.00,101,1048.00,1387,100.00,7486,10.00,14363,5.00
100,2013-08-20,4,11,15,26,58,68,16,39,,,0,,0,,7,28238.92,931,222.81,30393,13.32,,,0,,4,22281.00,141,1332.00,1594,100.00,9441,10.00,20288,5.00
101,2013-08-22,19,21,30,59,61,89,25,7,,,0,,0,,10,22406.00,755,309.71,26047,17.57,,,0,,6,30971.00,139,1757.00,2161,100.00,14695,10.00,32181,5.00
102,2013-08-24,1,2,5,27,39,49,31,14,,,0,,0,,12,22585.10,1479,189.85,52992,10.41,,,0,,5,18985.00,216,1041.00,2754,100.00,15368,10.00,28766,5.00
103,2013-08-27,6,44,63,64,72,82,12,90,,,0,,0,,6,39230.20,516,475.10,22749,21.12,,,1,980755.00,1,47510.00,141,2112.00,2347,100.00,17563,10.00,40011,5.00
104,2013-08-29,19,54,55,71,80,84,81,73,,,0,,1,309215.83,2,115955.94,610,396.20,25674,18.44,,,0,,3,39620.00,119,1844.00,1709,100.00,11461,10.00,25329,5.00
105,2013-08-31,11,20,50,62,70,85,59,1,,,0,,0,,14,20546.82,988,301.03,33145,17.65,,,0,,3,30103.00,158,1765.00,2405,100.00,14934,10.00,33272,5.00
106,2013-09-03,1,7,56,70,88,90,83,87,,,0,,1,325187.80,12,20324.24,1678,148.91,52388,9.42,,,0,,7,14891.00,201,942.00,2345,100.00,12652,10.00,25195,5.00
107,2013-09-05,15,23,45,70,81,82,16,44,,,0,,0,,4,59737.78,577,424.49,23925,20.22,,,0,,3,42449.00,112,2022.00,2101,100.00,15539,10.00,34297,5.00
108,2013-09-07,41,55,72,78,83,87,77,61,,,0,,0,,5,59234.40,694,435.38,29990,19.95,,,0,,3,43538.00,146,1995.00,2023,100.00,13478,10.00,32957,5.00
109,2013-09-10,35,44,57,58,87,88,22,69,,,0,,0,,6,40501.84,515,483.48,20860,23.58,,,1,1012546.00,4,48348.00,105,2358.00,1783,100.00,12708,10.00,31690,5.00
110,2013-09-12,7,44,48,51,64,83,90,51,,,0,,0,,5,48460.04,606,409.71,24365,20.13,,,0,,4,40971.00,127,2013.00,1876,100.00,12903,10.00,26491,5.00
111,2013-09-14,20,35,45,47,72,78,59,31,,,0,,0,,5,60469.39,752,410.01,28814,21.19,,,0,,4,41001.00,122,2119.00,2231,100.00,15609,10.00,37028,5.00
112,2013-09-17,1,21,34,44,49,90,37,74,,,0,,0,,12,20605.49,1007,251.48,36842,13.58,,,0,,3,25148.00,173,1358.00,2329,100.00,14164,10.00,29708,5.00
113,2013-09-19,15,21,28,75,81,86,38,82,,,0,,0,,4,60597.13,613,405.17,24627,19.92,,,0,,0,,98,1992.00,1742,100.00,11650,10.00,25645,5.00
114,2013-09-21,36,61,75,81,82,89,14,75,,,0,,0,,4,76205.93,498,624.11,24782,24.84,,,0,,5,62411.00,160,2484.00,2168,100.00,15198,10.00,34145,5.00
115,2013-09-24,1,27,33,36,43,86,42,3,,,0,,0,,3,81103.27,613,406.67,24595,20.02,,,0,,2,40667.00,124,2002.00,2140,100.00,14256,10.00,31436,5.00
116,2013-09-26,4,38,42,57,64,75,84,9,,,0,,1,318630.80,6,39828.85,656,373.41,23489,20.60,,,0,,4,37341.00,156,2060.00,2122,100.00,14965,10.00,34951,5.00
117,2013-09-28,28,57,61,69,78,83,86,44,,,0,,0,,4,75935.56,673,460.21,27738,22.11,,,0,,4,46021.00,201,2211.00,2514,100.00,15792,10.00,37686,5.00
118,2013-10-01,16,21,26,64,66,78,50,78,,,0,,0,,4,61678.85,554,449.33,23577,21.02,,,0,,3,44933.00,167,2102.00,2554,100.00,17639,10.00,37209,5.00
119,2013-10-03,7,14,42,43,56,57,64,82,,,0,,0,,4,60994.38,669,367.99,27301,17.95,,,0,,1,36799.00,98,1795.00,1852,100.00,12108,10.00,25985,5.00
120,2013-10-05,2,5,8,65,74,77,86,16,,,0,,0,,18,17113.93,1536,201.99,52610,11.75,,,0,,6,20199.00,226,1175.00,3404,100.00,19339,10.00,38173,5.00
121,2013-10-08,1,31,39,60,62,84,26,55,,,0,,0,,4,61745.59,597,417.41,22999,21.57,,,0,,2,41741.00,99,2157.00,1915,100.00,13718,10.00,31831,5.00
122,2013-10-10,3,7,12,20,48,55,26,48,,,0,,0,,31,7916.36,2307,107.33,58893,8.37,,,0,,21,10733.00,328,837.00,3236,100.00,15510,10.00,28179,5.00
123,2013-10-12,10,19,20,39,85,87,46,23,,,0,,0,,8,39087.99,1259,250.13,47609,13.18,,,0,,10,25013.00,275,1318.00,3829,100.00,23360,10.00,45994,5.00
124,2013-10-15,22,36,60,64,71,80,47,27,,18339932.42,1,18339932.42,0,,8,30975.67,658,379.96,23494,21.18,,,0,,1,37996.00,146,2118.00,2017,100.00,15015,10.00,36183,5.00
125,2013-10-17,11,18,40,58,81,87,62,32,,,0,,0,,11,21845.76,901,269.16,29097,16.59,,,0,,7,26916.00,153,1659.00,1808,100.00,12467,10.00,26828,5.00
126,2013-10-19,12,30,36,44,54,60,40,16,,,0,,0,,22,14004.74,891,348.28,33336,18.55,,,0,,3,34828.00,171,1855.00,2618,100.00,16957,10.00,38504,5.00
127,2013-10-22,2,5,34,56,72,73,11,61,,,0,,0,,9,26962.30,681,359.58,27420,17.78,,,0,,2,35958.00,113,1778.00,1891,100.00,12317,10.00,26328,5.00
128,2013-10-24,1,3,5,41,62,76,21,23,,,0,,0,,12,19852.13,914,263.06,40213,11.90,,,0,,5,26306.00,176,1190.00,2997,100.00,17076,10.00,33583,5.00
129,2013-10-26,24,48,50,62,63,87,12,74,,,0,,0,,3,101750.44,715,430.02,27222,22.50,,,0,,1,43002.00,141,2250.00,2194,100.00,15579,10.00,37383,5.00
130,2013-10-29,12,23,49,53,67,83,13,59,,,0,,0,,8,30223.21,994,245.47,32729,14.84,,,0,,10,24547.00,139,1484.00,2106,100.00,12884,10.00,27740,5.00
131,2013-10-31,13,18,26,37,46,48,42,62,,,0,,0,,5,48294.26,794,306.90,30513,15.89,,,0,,4,30690.00,99,1589.00,1768,100.00,12017,10.00,25762,5.00
132,2013-11-02,1,12,67,75,81,90,76,66,,,0,,0,,5,58113.06,1479,198.73,48650,12.01,,,0,,5,19873.00,207,1201.00,2868,100.00,17565,10.00,34089,5.00
133,2013-11-05,4,9,10,76,78,87,66,16,,,0,,0,,15,16367.27,1099,226.45,39202,12.61,,,0,,4,22645.00,193,1261.00,2569,100.00,14723,10.00,29489,5.00
134,2013-11-07,9,19,21,50,61,82,71,68,,,0,,0,,11,21970.27,938,261.23,34135,14.25,,,0,,3,26123.00,148,1425.00,2203,100.00,13347,10.00,27470,5.00
135,2013-11-09,10,22,39,55,81,89,43,58,,,0,,0,,9,34430.84,1029,304.41,38497,16.18,,,0,,1,30441.00,211,1618.00,2825,100.00,17541,10.00,36686,5.00
136,2013-11-12,16,26,30,52,57,83,61,7,,,0,,0,,8,30485.38,709,348.72,25165,19.51,,,0,,7,34872.00,119,1951.00,2039,100.00,14393,10.00,35516,5.00
137,2013-11-14,23,45,54,61,69,75,52,29,,,0,,0,,9,26860.21,664,369.13,25150,19.35,,,0,,6,36913.00,175,1935.00,2711,100.00,18370,10.00,40935,5.00
138,2013-11-16,16,36,54,55,63,69,85,20,,,0,,0,,9,34493.43,752,417.29,30984,20.14,,,0,,6,41729.00,172,2014.00,2486,100.00,17357,10.00,40717,5.00
139,2013-11-19,14,15,39,47,53,76,67,45,,,0,,0,,9,26892.53,561,437.42,23662,20.59,,,0,,5,43742.00,117,2059.00,2166,100.00,14270,10.00,33600,5.00
140,2013-11-21,28,37,52,57,64,66,43,58,,,0,,1,319513.01,11,21784.98,665,365.40,23970,20.13,,,0,,4,36540.00,90,2013.00,1676,100.00,11452,10.00,27178,5.00
141,2013-11-23,6,10,19,71,72,89,52,77,,,0,,0,,22,13794.18,1586,193.46,54737,11.14,,,1,344854.50,5,19346.00,258,1114.00,3449,100.00,19618,10.00,37169,5.00
142,2013-11-26,20,25,30,45,75,79,15,84,,,0,,0,,4,59248.29,661,363.62,27286,17.49,,,0,,5,36362.00,111,1749.00,1707,100.00,11423,10.00,26487,5.00
143,2013-11-28,31,51,55,66,73,78,88,22,,,0,,0,,8,29194.26,549,431.54,21666,21.71,,,0,,4,43154.00,157,2171.00,2696,100.00,17928,10.00,42273,5.00
144,2013-11-30,10,11,35,42,52,89,84,58,,,0,,0,,4,75504.61,865,353.04,35420,17.14,,,0,,6,35304.00,168,1714.00,2501,100.00,15934,10.00,32009,5.00
145,2013-12-03,12,40,42,66,73,80,30,63,,,0,,0,,8,30839.95,708,359.36,26908,18.62,,,0,,2,35936.00,128,1862.00,2147,100.00,13733,10.00,32342,5.00
146,2013-12-05,28,34,42,68,71,88,7,21,,,0,,0,,4,60689.06,690,362.99,26253,18.78,,,0,,3,36299.00,124,1878.00,1992,100.00,13199,10.00,31555,5.00
147,2013-12-07,2,16,42,67,75,87,89,75,,,0,,1,410361.21,7,43967.28,825,382.39,33101,18.82,,,0,,1,38239.00,157,1882.00,2507,100.00,16366,10.00,33674,5.00
148,2013-12-10,10,16,20,57,65,89,5,22,,,0,,1,324358.40,8,30408.60,841,298.42,30372,16.27,,,0,,5,29842.00,146,1627.00,2333,100.00,14982,10.00,30991,5.00
149,2013-12-12,10,19,32,49,53,66,16,52,,,0,,0,,4,60181.07,672,369.69,29324,16.68,,,0,,3,36969.00,121,1668.00,2218,100.00,13496,10.00,27701,5.00
150,2013-12-14,5,33,44,46,66,76,81,76,,,0,,0,,8,38494.19,826,382.15,32528,19.17,,,0,,1,38215.00,158,1917.00,2446,100.00,15466,10.00,34334,5.00
151,2013-12-17,12,22,27,43,60,72,8,73,,,0,,0,,12,20693.63,909,281.66,32435,15.54,,,0,,4,28166.00,148,1554.00,2056,100.00,12971,10.00,27292,5.00
152,2013-12-19,10,23,27,39,70,82,65,35,,,0,,0,,8,30463.29,792,317.44,30395,16.28,,,0,,6,31744.00,134,1628.00,2103,100.00,13514,10.00,28320,5.00
153,2013-12-21,2,14,17,21,22,26,78,77,,,0,,1,412545.46,22,14064.05,1632,194.31,49858,12.56,,,0,,4,19431.00,189,1256.00,3350,100.00,20034,10.00,37921,5.00
154,2013-12-23,15,43,48,54,55,76,79,89,,,0,,0,,5,32567.73,370,460.93,15876,20.99,,,0,,2,46093.00,76,2099.00,1331,100.00,8562,10.00,19323,5.00
155,2013-12-24,10,39,45,65,74,86,60,17,,,0,,0,,7,31804.12,635,362.73,23922,18.93,,,0,,7,36273.00,210,1893.00,2977,100.00,19576,10.00,45988,5.00
156,2013-12-28,39,52,69,70,74,82,40,80,,,0,,1,440519.21,5,66077.89,917,368.70,35049,19.07,,,0,,4,36870.00,179,1907.00,2289,100.00,15535,10.00,38022,5.00
157,2013-12-31,25,60,62,76,82,87,8,47,,,0,,0,,5,58073.67,595,500.97,24137,24.37,,,0,,2,50097.00,162,2437.00,2503,100.00,17391,10.00,44183,5.00
1,2014-01-02,49,55,57,64,70,77,85,45,,,0,,0,,4,57205.44,599,385.83,22491,20.44,,,0,,3,38583.00,107,2044.00,1873,100.00,12034,10.00,28765,5.00
2,2014-01-04,19,26,30,47,69,81,90,30,,,0,,0,,9,34388.22,991,314.61,38827,16.00,,,0,,3,31461.00,199,1600.00,2839,100.00,17358,10.00,35147,5.00
3,2014-01-07,14,47,48,58,60,69,26,41,,,0,,0,,1,234271.61,576,410.70,21970,21.43,,,0,,3,41070.00,100,2143.00,1507,100.00,11515,10.00,26174,5.00
4,2014-01-09,15,17,24,41,70,87,71,7,,,0,,0,,5,48951.52,690,358.04,26274,18.71,,,0,,6,35804.00,158,1871.00,2463,100.00,15147,10.00,34096,5.00
5,2014-01-11,11,37,39,52,68,90,12,56,,,0,,0,,11,28380.66,946,332.43,38433,16.30,,,0,,3,33243.00,167,1630.00,3203,100.00,19745,10.00,39172,5.00
6,2014-01-14,4,7,25,74,82,87,3,33,,,0,,0,,3,81741.14,990,250.01,35025,14.06,,,0,,15,25001.00,200,1406.00,2483,100.00,14991,10.00,30717,5.00
7,2014-01-16,3,18,34,37,40,47,55,85,,,0,,1,326814.04,2,122555.27,719,344.09,27705,17.77,,,0,,3,34409.00,100,1777.00,1928,100.00,13112,10.00,28845,5.00
8,2014-01-18,14,18,38,41,74,78,58,70,,,0,,0,,10,30983.27,910,342.99,32240,19.29,,,0,,3,34299.00,138,1929.00,2097,100.00,14602,10.00,33822,5.00
9,2014-01-21,5,23,35,54,56,62,53,88,,,0,,0,,1,245223.65,686,360.81,27789,17.73,,,0,,3,36081.00,169,1773.00,2516,100.00,16090,10.00,35825,5.00
10,2014-01-23,3,6,12,13,19,67,39,24,,26722827.62,1,26722827.62,1,322590.24,69,3506.42,3889,62.80,74401,6.53,,,0,,14,6280.00,336,653.00,3039,100.00,14901,10.00,27706,5.00
11,2014-01-25,22,34,53,59,62,88,36,57,,,0,,0,,11,26955.18,886,337.24,29088,20.46,,,0,,1,33724.00,166,2046.00,2225,100.00,14903,10.00,35556,5.00
12,2014-01-28,9,17,27,29,59,67,34,70,,,0,,0,,15,15765.24,1135,210.37,38550,12.32,,,0,,4,21037.00,153,1232.00,1846,100.00,11702,10.00,23419,5.00
13,2014-01-30,7,21,28,45,59,90,74,65,,,0,,0,,12,19177.05,1035,224.55,34297,13.48,,,0,,4,22455.00,155,1348.00,2359,100.00,14625,10.00,29252,5.00
14,2014-02-01,3,6,41,44,48,73,84,46,,8327811.00,0,,0,,9,33288.29,1112,271.97,38121,15.79,,,1,832207.25,6,27197.00,165,1579.00,2735,100.00,17581,10.00,36912,5.00
15,2014-02-04,3,12,25,33,59,85,77,12,,8847274.00,0,,0,,9,26644.37,1053,230.43,36123,13.35,,,0,,5,23043.00,180,1335.00,2975,100.00,15964,10.00,29181,5.00
16,2014-02-06,9,12,14,61,79,90,26,63,,9323540.00,0,,0,,15,15820.04,1037,231.57,37271,12.81,,,0,,5,23157.00,152,1281.00,2411,100.00,13001,10.00,25785,5.00
17,2014-02-08,8,16,41,52,64,74,81,62,,9885045.00,0,,0,,13,23267.57,979,311.87,35545,17.09,,,0,,2,31187.00,139,1709.00,2288,100.00,14980,10.00,31259,5.00
18,2014-02-11,12,27,38,43,65,67,71,9,,10403926.00,0,,0,,9,26435.72,781,308.28,28079,17.04,,,0,,4,30828.00,124,1704.00,2002,100.00,13618,10.00,30851,5.00
19,2014-02-13,9,11,17,20,33,75,32,46,,10875846.00,0,,0,,4,58744.79,1657,143.52,47356,9.98,,,0,,7,14352.00,219,998.00,2436,100.00,13639,10.00,26381,5.00
20,2014-02-15,18,31,62,64,72,77,69,49,,11434515.00,0,,0,,6,50252.09,658,462.55,26577,22.79,,,0,,3,46255.00,169,2279.00,2605,100.00,19596,10.00,43187,5.00
21,2014-02-18,15,36,49,62,75,82,39,23,,11952610.83,1,11952610.83,0,,7,33973.59,608,395.82,21175,22.59,,,0,,7,39582.00,137,2259.00,2015,100.00,15151,10.00,38073,5.00
22,2014-02-20,14,26,47,63,78,80,37,68,,2206032.00,0,,0,,3,75756.33,490,469.62,20969,21.81,,,0,,3,46962.00,101,2181.00,1559,100.00,10850,10.00,24937,5.00
23,2014-02-22,17,19,28,34,38,82,40,62,,2747912.00,0,,0,,5,58555.05,941,314.15,34472,17.06,,,0,,8,31415.00,146,1706.00,2238,100.00,13736,10.00,29350,5.00
24,2014-02-25,26,51,52,54,70,88,65,45,,3248759.00,0,,0,,2,114624.11,649,357.61,23516,19.61,,,1,2865602.75,1,35761.00,138,1961.00,1757,100.00,12346,10.00,28332,5.00
25,2014-02-27,19,32,54,59,68,86,45,53,,3703932.00,0,,0,,6,37792.55,629,365.02,23606,19.33,,,0,,8,36502.00,137,1933.00,2076,100.00,13643,10.00,30961,5.00
26,2014-03-01,7,8,47,56,79,90,9,18,,4246509.00,0,,0,,8,36694.36,1268,237.92,45577,13.06,,,0,,7,23792.00,235,1306.00,4048,100.00,22001,10.00,41764,5.00
27,2014-03-04,40,46,51,61,65,76,71,65,,4753158.00,0,,0,,3,77736.63,459,525.81,19305,24.58,,,0,,7,52581.00,115,2458.00,1370,100.00,10786,10.00,25680,5.00
28,2014-03-06,15,61,66,67,76,79,68,40,,5216459.00,0,,0,,0,,427,830.07,18221,32.12,,,0,,1,83007.00,86,3212.00,1460,100.00,10075,10.00,25445,5.00
29,2014-03-08,35,45,50,51,82,87,30,38,,5762849.00,0,,0,,4,73589.39,548,551.99,24425,24.43,,,0,,1,55199.00,109,2443.00,2154,100.00,15630,10.00,36784,5.00
30,2014-03-11,49,51,53,56,58,81,12,37,,6268599.00,0,,0,,18,12896.29,770,312.03,23199,20.36,,,0,,2,31203.00,106,2036.00,1721,100.00,11726,10.00,29261,5.00
31,2014-03-13,10,28,40,57,58,78,60,33,,6728233.00,0,,0,,8,28582.39,598,395.98,22854,20.36,,,0,,3,39598.00,95,2036.00,1807,100.00,12211,10.00,27459,5.00
32,2014-03-15,1,5,22,24,41,43,38,71,,7271793.00,0,,0,,16,18333.79,1132,266.32,43209,13.76,,,0,,4,26632.00,227,1376.00,3096,100.00,18679,10.00,36412,5.00
33,2014-03-18,38,39,46,58,66,83,55,44,,7774317.00,0,,0,,6,38370.38,561,424.88,21202,22.10,,,0,,1,42488.00,104,2210.00,1707,100.00,12412,10.00,30108,5.00
34,2014-03-20,15,18,28,49,51,77,65,70,,8229573.00,0,,0,,10,22633.11,678,345.82,24926,18.48,,,0,,3,34582.00,97,1848.00,1651,100.00,11166,10.00,23526,5.00
35,2014-03-22,19,22,31,38,87,89,46,49,,8766770.00,0,,0,,7,41390.39,710,419.53,31460,18.67,,,0,,4,41953.00,137,1867.00,2596,100.00,16611,10.00,37014,5.00
36,2014-03-25,28,36,42,70,74,78,32,5,,9262880.00,0,,0,,6,37869.31,531,443.22,23339,19.81,,,0,,3,44322.00,279,1981.00,4353,100.00,31674,10.00,76371,5.00
37,2014-03-27,8,12,47,64,83,88,41,56,,9712564.00,0,,0,,6,37275.92,844,274.63,31925,14.26,,,0,,1,27463.00,112,1426.00,2120,100.00,12073,10.00,24860,5.00
38,2014-03-29,12,21,57,68,86,88,82,21,,10244995.00,0,,0,,12,23957.96,972,304.14,33338,17.49,,,0,,6,30414.00,198,1749.00,3001,100.00,17006,10.00,34651,5.00
39,2014-04-01,7,56,66,72,73,90,78,73,,10739714.00,0,,0,,3,75763.86,699,332.66,28006,16.41,,,0,,3,33266.00,104,1641.00,2069,100.00,12573,10.00,24308,5.00
40,2014-04-03,40,47,59,64,79,89,66,18,,11191600.00,0,,0,,6,37544.75,519,444.14,19530,23.33,,,0,,2,44414.00,117,2333.00,1631,100.00,12595,10.00,32447,5.00
41,2014-04-05,9,31,33,37,79,86,12,50,,11725985.00,0,,0,,6,48025.78,776,378.08,30057,19.34,,,0,,0,,156,1934.00,2526,100.00,16647,10.00,36209,5.00
42,2014-04-08,11,61,64,76,82,87,15,76,,12217478.00,0,,1,299389.31,4,56135.50,516,445.31,21136,21.49,,,0,,5,44531.00,108,2149.00,1652,100.00,11155,10.00,23600,5.00
43,2014-04-10,22,25,46,52,54,65,51,61,,12512363.00,0,,0,,12,18430.32,677,334.42,23703,18.88,,,0,,3,33442.00,104,1888.00,1762,100.00,10044,10.00,23869,5.00
44,2014-04-12,14,29,34,62,65,89,63,31,,13037536.00,0,,0,,8,35412.22,688,419.38,26698,21.41,,,0,,8,41938.00,117,2141.00,2179,100.00,14006,10.00,33604,5.00
45,2014-04-15,3,26,33,44,48,49,57,70,,13525093.00,0,,0,,4,56004.81,689,332.74,27526,16.46,,,0,,5,33274.00,94,1646.00,1609,100.00,10697,10.00,22973,5.00
46,2014-04-17,11,20,51,63,68,88,28,40,,13973338.00,0,,0,,22,10189.72,684,335.40,26404,17.17,,,0,,8,33540.00,105,1717.00,1636,100.00,10435,10.00,21335,5.00
47,2014-04-19,42,45,56,75,79,90,88,17,,14511676.00,0,,0,,5,58333.33,749,396.40,31531,18.66,,,0,,1,39640.00,172,1866.00,3317,100.00,22400,10.00,53478,5.00
48,2014-04-22,14,16,21,24,62,78,1,75,,14982006.00,0,,1,275886.09,4,51728.64,513,413.56,21458,19.52,,,0,,0,,102,1952.00,1485,100.00,10197,10.00,22526,5.00
49,2014-04-24,5,7,11,67,70,85,20,17,,15280210.00,0,,0,,17,13156.05,1271,180.09,39822,11.36,,,0,,12,18009.00,242,1136.00,3394,100.00,18772,10.00,33581,5.00
50,2014-04-26,3,9,13,25,42,81,24,5,,15780099.00,0,,0,,13,20237.73,1578,170.04,49793,10.67,,,0,,14,17004.00,269,1067.00,3523,100.00,18823,10.00,35365,5.00
51,2014-04-29,27,33,40,52,76,86,62,17,,16254143.00,0,,0,,6,37331.29,521,439.97,19678,23.03,,,0,,3,43997.00,129,2303.00,2345,100.00,15936,10.00,39733,5.00
52,2014-05-03,15,33,45,60,72,85,44,60,,16828971.00,0,,0,,7,45589.65,817,392.51,33748,18.95,,,0,,3,39251.00,141,1895.00,2290,100.00,15789,10.00,35227,5.00
53,2014-05-05,27,44,46,50,54,69,36,15,,17229261.00,0,,0,,5,28130.64,376,378.21,14660,19.29,,,0,,1,37821.00,81,1929.00,1103,100.00,7556,10.00,18223,5.00
54,2014-05-06,1,3,4,60,70,73,57,36,,17580299.00,0,,0,,13,14842.49,846,229.91,35567,10.89,,,0,,8,22991.00,142,1089.00,1698,100.00,10516,10.00,22184,5.00
55,2014-05-08,6,9,54,70,78,79,22,90,,17997788.00,0,,2,144426.66,2,108319.99,605,360.65,25892,16.79,,,0,,4,36065.00,187,1679.00,2824,100.00,17176,10.00,36966,5.00
56,2014-05-10,8,39,40,57,69,81,28,88,,18361982.00,0,,1,364194.28,8,34143.22,813,337.88,29910,18.31,,,0,,1,33788.00,155,1831.00,2360,100.00,16408,10.00,35092,5.00
57,2014-05-13,3,5,16,54,58,68,82,41,,18655820.00,0,,0,,7,31482.72,718,309.09,29171,15.16,,,0,,4,30909.00,92,1516.00,1619,100.00,10453,10.00,22450,5.00
58,2014-05-15,20,47,56,64,66,67,24,24,,19092369.00,0,,0,,4,54305.51,530,412.78,20854,20.90,,,1,1357637.75,1,41278.00,101,2090.00,1598,100.00,11374,10.00,26222,5.00
59,2014-05-17,5,31,36,68,75,90,52,35,,19606133.00,0,,1,368948.78,8,34588.95,862,322.81,32027,17.32,,,0,,7,32281.00,131,1732.00,2394,100.00,15712,10.00,32325,5.00
60,2014-05-20,10,17,41,45,69,78,2,32,,19898247.00,0,,0,,7,31297.94,790,279.29,26949,16.31,,,0,,4,27929.00,125,1631.00,1795,100.00,11582,10.00,24417,5.00
61,2014-05-22,8,23,48,56,59,78,6,77,,20330992.00,0,,0,,11,19546.91,706,306.75,25263,17.08,,,0,,3,30675.00,86,1708.00,2016,100.00,12692,10.00,27697,5.00
62,2014-05-24,3,22,38,70,77,81,32,22,,20836103.22,1,20836103.22,0,,12,22610.44,800,341.09,32150,16.92,,,0,,4,34109.00,210,1692.00,3219,100.00,18321,10.00,35036,5.00
63,2014-05-27,32,37,52,53,66,83,87,38,,6277557.00,0,,0,,5,42016.81,461,459.08,19645,21.46,,,1,1050420.25,1,45908.00,85,2146.00,1408,100.00,9489,10.00,23315,5.00
64,2014-05-29,27,32,33,52,73,84,63,10,,6696240.00,0,,0,,2,104485.13,617,341.20,21494,19.51,,,0,,4,34120.00,134,1951.00,1933,100.00,12671,10.00,30946,5.00
65,2014-05-31,1,6,7,10,14,56,16,49,,7193033.00,0,,0,,39,6874.61,3538,76.21,77192,6.96,,,0,,13,7621.00,319,696.00,3255,100.00,16891,10.00,32856,5.00
66,2014-06-03,3,25,26,29,48,79,56,45,,7643968.00,0,,0,,4,51036.47,648,319.01,25763,15.94,,,0,,2,31901.00,101,1594.00,1730,100.00,11829,10.00,25074,5.00
67,2014-06-05,11,31,43,70,74,80,65,72,,8064320.00,0,,0,,5,42638.29,589,366.32,23034,18.62,,,0,,1,36632.00,99,1862.00,1934,100.00,12801,10.00,27894,5.00
68,2014-06-07,12,18,39,46,56,63,3,16,,8559476.00,0,,1,353028.40,10,26477.13,858,311.59,29786,17.86,,,0,,5,31159.00,125,1786.00,2142,100.00,15520,10.00,34998,5.00
69,2014-06-10,27,29,30,42,48,73,11,5,,8839099.00,0,,0,,4,52429.26,460,461.50,19507,21.63,,,0,,2,46150.00,105,2163.00,1961,100.00,12966,10.00,29905,5.00
70,2014-06-12,13,18,19,27,50,69,68,37,,9254186.00,0,,0,,7,29493.78,886,235.92,32912,12.62,,,0,,2,23592.00,143,1262.00,1931,100.00,11441,10.00,22920,5.00
71,2014-06-14,3,31,45,48,71,76,75,70,,9738900.00,0,,0,,8,32538.45,757,347.26,28388,18.42,,,0,,3,34726.00,105,1842.00,1791,100.00,11960,10.00,27180,5.00
72,2014-06-17,21,29,43,53,66,89,4,14,,10196557.00,0,,0,,3,71029.69,572,377.03,20651,20.76,,,0,,1,37703.00,113,2076.00,1801,100.00,12312,10.00,29902,5.00
73,2014-06-19,16,19,24,36,39,81,25,69,,10617270.00,0,,0,,4,52247.47,585,361.64,23873,17.61,,,1,1306186.75,3,36164.00,109,1761.00,2062,100.00,13049,10.00,27448,5.00
74,2014-06-21,14,61,69,79,81,85,32,7,,11102420.00,0,,0,,1,259367.93,579,452.40,22867,22.79,,,0,,5,45240.00,141,2279.00,2129,100.00,15906,10.00,37265,5.00
75,2014-06-24,3,22,31,42,73,88,60,13,,11550134.00,0,,0,,3,68700.40,649,321.53,23964,17.30,,,0,,14,32153.00,186,1730.00,2701,100.00,16836,10.00,35143,5.00
76,2014-06-26,8,43,61,62,70,86,80,8,,11961398.00,0,,0,,2,102698.84,425,489.34,18371,22.50,,,0,,4,48934.00,151,2250.00,2424,100.00,16541,10.00,32178,5.00
77,2014-06-28,17,20,41,42,49,81,48,25,,12440513.00,0,,0,,4,64159.39,635,408.20,26277,19.63,,,0,,4,40820.00,171,1963.00,2492,100.00,17772,10.00,38081,5.00
78,2014-07-01,31,35,48,64,65,89,58,90,,12894932.00,0,,0,,5,42499.14,426,503.10,18272,23.35,,,0,,4,50310.00,110,2335.00,2082,100.00,14089,10.00,35387,5.00
79,2014-07-03,1,13,21,25,61,63,69,6,,13314691.00,0,,0,,8,26071.42,859,244.93,28346,14.78,,,0,,4,24493.00,171,1478.00,2516,100.00,15464,10.00,31447,5.00
80,2014-07-05,15,31,38,47,55,82,62,49,,13794460.00,0,,0,,7,36505.80,746,344.99,27803,18.44,,,0,,2,34499.00,126,1844.00,2415,100.00,14613,10.00,33665,5.00
81,2014-07-08,5,8,32,43,59,85,89,80,,14242873.00,0,,0,,5,41707.88,532,395.42,23316,17.96,,,0,,2,39542.00,117,1796.00,1579,100.00,10965,10.00,22869,5.00
82,2014-07-10,3,11,18,30,51,85,7,56,,14656725.00,0,,0,,10,20611.99,998,208.36,33253,12.45,,,0,,6,20836.00,135,1245.00,1925,100.00,11575,10.00,23103,5.00
83,2014-07-12,11,20,48,52,70,74,49,36,,15138638.00,0,,0,,7,36910.70,893,291.37,32532,15.94,,,0,,6,29137.00,147,1594.00,2201,100.00,13896,10.00,28992,5.00
84,2014-07-15,5,15,17,31,32,40,41,38,,15588588.00,0,,0,,7,29753.51,722,290.99,26153,15.99,,,0,,2,29099.00,90,1599.00,1522,100.00,10195,10.00,22382,5.00
85,2014-07-17,6,11,12,28,59,79,4,54,,15998293.00,0,,0,,16,12696.36,1305,157.06,37595,10.85,,,0,,8,15706.00,157,1085.00,2122,100.00,11816,10.00,23298,5.00
86,2014-07-19,29,48,49,54,75,87,43,40,,16467204.00,0,,0,,9,27790.29,657,383.46,24984,20.09,,,0,,2,38346.00,120,2009.00,1587,100.00,10749,10.00,25656,5.00
87,2014-07-22,7,32,58,60,66,69,25,50,,16908325.00,0,,0,,7,29397.79,568,365.51,21152,19.54,,,0,,2,36551.00,94,1954.00,1530,100.00,10647,10.00,23257,5.00
88,2014-07-24,4,12,13,55,73,86,79,89,,17315089.00,0,,0,,3,67393.52,783,260.54,28774,14.11,,,0,,6,26054.00,124,1411.00,1689,100.00,11111,10.00,21884,5.00
89,2014-07-26,1,10,26,28,29,62,52,87,,17786255.00,0,,0,,14,18020.32,1385,183.47,41306,12.25,,,0,,11,18347.00,173,1225.00,2179,100.00,12877,10.00,26392,5.00
90,2014-07-29,32,45,56,74,87,89,25,26,,18227362.00,0,,0,,9,22743.06,515,400.99,18541,22.17,,,0,,4,40099.00,74,2217.00,1511,100.00,11092,10.00,28912,5.00
91,2014-07-31,14,19,22,66,80,90,47,28,,18633438.00,0,,0,,6,33702.32,857,238.08,30356,13.38,,,0,,2,23808.00,214,1338.00,2782,100.00,16658,10.00,33269,5.00
92,2014-08-02,29,38,54,58,72,86,81,65,,19106931.00,0,,0,,9,28223.58,839,305.97,26870,19.00,,,1,705589.50,2,30597.00,118,1900.00,1829,100.00,11928,10.00,28897,5.00
93,2014-08-05,2,19,22,41,77,89,90,4,,19549547.00,0,,0,,15,13663.76,880,235.97,29955,13.77,,,0,,2,23597.00,164,1377.00,2219,100.00,12841,10.00,25509,5.00
94,2014-08-07,10,29,50,59,79,80,11,39,,19954260.00,0,,0,,12,16754.68,549,371.14,21601,18.74,,,0,,2,37114.00,84,1874.00,1651,100.00,10584,10.00,23701,5.00
95,2014-08-09,9,10,26,53,68,72,60,66,,20411414.00,0,,0,,7,34619.73,879,278.77,34499,14.12,,,0,,4,27877.00,139,1412.00,2246,100.00,13829,10.00,27525,5.00
96,2014-08-12,11,24,34,39,68,86,85,13,,20834867.00,0,,0,,3,65473.38,518,384.41,21003,18.83,,,0,,2,38441.00,117,1883.00,2035,100.00,13573,10.00,30546,5.00
97,2014-08-14,4,12,24,61,73,75,56,9,,21231536.00,0,,0,,7,28470.26,738,273.70,26386,15.20,,,0,,3,27370.00,145,1520.00,1976,100.00,11510,10.00,24917,5.00
98,2014-08-16,31,63,64,68,69,71,13,80,,21640046.00,0,,0,,3,68912.34,491,426.56,17990,23.13,,,0,,2,42656.00,67,2313.00,1125,100.00,8163,10.00,19755,5.00
99,2014-08-19,15,30,62,63,67,74,13,9,,22044515.00,0,,0,,5,39996.65,417,486.06,17239,23.35,,,0,,1,48606.00,89,2335.00,1304,100.00,10217,10.00,24548,5.00
100,2014-08-21,4,31,52,73,76,84,27,78,,22437689.00,0,,0,,2,97444.33,445,444.03,18586,21.11,,,0,,7,44403.00,102,2111.00,1451,100.00,10071,10.00,23295,5.00
101,2014-08-23,16,45,51,58,60,71,8,77,,22883348.00,0,,0,,3,78933.36,513,466.87,21894,21.75,,,0,,2,46687.00,93,2175.00,1646,100.00,12644,10.00,30323,5.00
102,2014-08-26,1,20,44,56,59,69,25,36,,23313569.00,0,,0,,5,40853.15,495,418.12,21568,19.06,,,0,,4,41812.00,84,1906.00,1604,100.00,10454,10.00,22138,5.00
103,2014-08-28,22,39,51,78,83,84,59,71,,23716356.00,0,,0,,8,24994.64,447,453.38,18034,22.32,,,0,,2,45338.00,80,2232.00,1462,100.00,10027,10.00,24543,5.00
104,2014-08-30,23,38,43,46,60,75,79,31,,24176819.00,0,,1,327158.89,5,49073.84,608,408.01,22458,21.97,,,0,,3,40801.00,91,2197.00,1752,100.00,11851,10.00,28590,5.00
105,2014-09-02,6,20,27,31,32,36,88,4,,24459457.00,0,,0,,3,70659.50,555,394.52,25852,16.66,,,0,,3,39452.00,139,1666.00,1892,100.00,11207,10.00,23556,5.00
106,2014-09-04,31,39,41,53,67,83,15,47,,24879912.00,0,,0,,5,41870.31,560,386.30,20404,20.86,,,0,,2,38630.00,149,2086.00,1815,100.00,12268,10.00,30462,5.00
107,2014-09-06,26,33,53,61,73,82,23,21,,25366063.00,0,,0,,4,64984.40,720,370.72,25349,20.78,,,0,,1,37072.00,117,2078.00,1915,100.00,13570,10.00,33206,5.00
108,2014-09-09,12,20,26,41,70,78,83,27,,25820044.00,0,,0,,2,105258.61,571,380.90,23897,17.91,,,0,,1,38090.00,135,1791.00,2179,100.00,13853,10.00,31059,5.00
109,2014-09-11,13,14,56,58,79,82,41,34,,26239703.00,0,,0,,5,41897.14,556,389.32,21135,20.15,,,0,,1,38932.00,87,2015.00,1661,100.00,11726,10.00,26206,5.00
110,2014-09-13,7,20,25,51,65,87,58,50,,26728807.00,0,,0,,10,26208.48,866,310.69,32561,16.31,,,0,,8,31069.00,119,1631.00,2121,100.00,13114,10.00,27933,5.00
111,2014-09-16,1,15,16,23,24,52,83,51,,27187073.00,0,,0,,11,19332.48,875,251.01,31857,13.56,,,0,,2,25101.00,187,1356.00,2249,100.00,12965,10.00,26189,5.00
112,2014-09-18,11,19,37,41,62,77,4,45,,27609047.00,0,,1,280203.02,13,16165.56,800,271.41,28063,15.22,,,0,,4,27141.00,143,1522.00,1915,100.00,12422,10.00,25439,5.00
113,2014-09-20,15,36,39,50,57,76,89,4,,27961093.00,0,,0,,5,52806.87,639,424.12,24138,22.16,,,0,,4,42412.00,93,2216.00,1772,100.00,12110,10.00,30480,5.00
114,2014-09-23,6,25,42,59,78,89,33,11,,28419346.00,0,,0,,3,70557.53,592,369.34,21242,20.25,,,0,,8,36934.00,184,2025.00,2471,100.00,16838,10.00,39289,5.00
115,2014-09-25,4,45,59,77,78,79,56,1,,28839027.00,0,,0,,3,69641.56,449,480.85,18516,22.94,,,0,,2,48085.00,98,2294.00,1677,100.00,12182,10.00,28774,5.00
116,2014-09-27,1,9,12,14,58,84,10,7,,29331501.00,0,,1,353190.35,12,22074.40,1796,151.37,54077,9.92,,,0,,6,15137.00,264,992.00,3410,100.00,17809,10.00,35216,5.00
117,2014-09-30,28,33,49,55,59,76,47,85,,29615481.00,0,,0,,3,70995.08,616,357.08,21343,20.28,,,0,,3,35708.00,100,2028.00,1684,100.00,10234,10.00,23215,5.00
118,2014-10-02,3,9,42,50,56,88,90,46,,30041976.00,0,,0,,4,53344.60,769,279.46,29048,14.74,,,0,,5,27946.00,138,1474.00,2159,100.00,13694,10.00,26388,5.00
119,2014-10-04,2,6,11,62,70,71,17,58,,30544673.00,0,,0,,16,16895.86,1290,210.74,44447,12.19,,,0,,4,21074.00,169,1219.00,2655,100.00,15155,10.00,31026,5.00
120,2014-10-07,7,15,17,18,26,53,59,29,,31011445.00,0,,0,,15,14327.49,952,227.35,35138,12.27,,,0,,10,22735.00,213,1227.00,2686,100.00,15290,10.00,29391,5.00
121,2014-10-09,17,20,26,41,45,89,59,48,,31437833.00,0,,0,,3,70778.25,489,437.35,22069,19.31,,,0,,4,43735.00,91,1931.00,1939,100.00,13472,10.00,29312,5.00
122,2014-10-11,6,11,28,43,56,83,50,1,,31938365.00,0,,0,,6,44871.91,1000,270.76,36805,14.67,,,0,,6,27076.00,161,1467.00,2250,100.00,14058,10.00,29662,5.00
123,2014-10-14,19,21,38,45,51,69,1,9,,32403190.00,0,,0,,4,53500.81,926,232.75,28336,15.15,,,0,,6,23275.00,128,1515.00,2128,100.00,12515,10.00,26564,5.00
124,2014-10-16,6,9,24,49,78,79,45,18,,32830926.00,0,,0,,7,30542.86,982,219.27,30619,14.01,,,0,,9,21927.00,177,1401.00,2814,100.00,15500,10.00,31530,5.00
125,2014-10-18,20,40,44,53,66,72,73,44,,33334137.00,0,,0,,9,30056.55,965,281.90,30736,17.65,,,0,,6,28190.00,231,1765.00,2728,100.00,15833,10.00,32617,5.00
126,2014-10-21,18,34,41,43,46,55,82,5,,33800089.00,0,,0,,1,214209.23,509,423.85,19750,21.76,,,0,,1,42385.00,119,2176.00,1932,100.00,12688,10.00,32642,5.00
127,2014-10-23,7,21,44,53,59,64,57,12,,34222849.00,0,,0,,10,20996.53,568,372.35,22383,18.82,,,0,,1,37235.00,104,1882.00,1977,100.00,12944,10.00,28004,5.00
128,2014-10-25,8,28,44,57,85,88,80,33,,34720590.00,0,,0,,10,26832.33,889,303.54,33556,16.03,,,0,,1,30354.00,132,1603.00,2565,100.00,15461,10.00,34032,5.00
129,2014-10-28,26,30,32,36,44,61,57,56,,35184722.00,0,,0,,4,53484.33,443,498.94,18201,23.89,,,0,,2,49894.00,81,2389.00,1505,100.00,10069,10.00,26037,5.00
130,2014-10-30,22,39,45,53,74,86,15,77,,35608305.00,0,,0,,2,105359.40,562,377.66,20476,20.65,,,0,,3,37766.00,78,2065.00,1555,100.00,10911,10.00,26651,5.00
131,2014-11-03,7,9,32,35,40,48,62,32,,36078405.00,0,,0,,6,41202.54,832,299.65,30281,16.39,,,0,,0,,160,1639.00,2229,100.00,13071,10.00,25353,5.00
132,2014-11-04,13,18,23,29,58,88,44,2,,36496046.00,0,,0,,14,13544.54,784,244.54,26287,14.50,,,0,,2,24454.00,159,1450.00,2144,100.00,13333,10.00,28217,5.00
133,2014-11-06,46,58,59,82,88,90,45,86,,36902361.00,0,,0,,7,29989.18,567,373.93,21004,20.08,,,0,,3,37393.00,101,2008.00,1491,100.00,10067,10.00,22741,5.00
134,2014-11-08,21,33,69,73,81,84,51,43,,37401668.00,0,,0,,5,53903.59,789,344.25,28876,18.73,,,0,,3,34425.00,257,1873.00,4906,100.00,27550,10.00,55562,5.00
135,2014-11-11,23,27,39,41,52,64,61,59,,37869556.00,0,,0,,3,72052.45,612,356.62,22239,19.53,,,0,,7,35662.00,105,1953.00,1719,100.00,11574,10.00,25035,5.00
136,2014-11-13,2,38,47,50,55,79,87,41,,38298789.00,0,,0,,3,71282.04,513,420.94,21984,19.55,,,0,,1,42094.00,96,1955.00,1525,100.00,10269,10.00,22804,5.00
137,2014-11-15,28,42,62,64,79,80,18,61,,38798366.00,0,,0,,9,29751.06,477,565.73,20257,26.53,,,0,,2,56573.00,121,2653.00,1619,100.00,11990,10.00,30031,5.00
138,2014-11-18,38,58,65,66,72,88,34,40,,39263759.00,0,,0,,2,107582.48,567,383.17,21699,19.92,,,0,,3,38317.00,84,1992.00,1318,100.00,9279,10.00,22314,5.00
139,2014-11-20,42,45,48,56,68,83,82,4,,39690068.00,0,,0,,11,19286.30,591,362.51,20692,20.60,,,0,,4,36251.00,94,2060.00,1510,100.00,10204,10.00,25885,5.00
140,2014-11-22,22,25,55,58,82,85,62,85,,40192368.22,1,40192368.22,0,,30,9021.69,1087,250.91,33775,16.08,,,0,,7,25091.00,133,1608.00,2141,100.00,12320,10.00,26807,5.00
141,2014-11-25,17,36,62,67,70,87,68,6,,11474026.00,0,,0,,3,68137.79,530,389.64,20804,19.75,,,0,,1,38964.00,96,1975.00,1525,100.00,10308,10.00,25511,5.00
142,2014-11-27,13,18,26,53,54,70,45,54,,11880115.00,0,,0,,3,67453.44,561,364.45,23172,17.55,,,0,,3,36445.00,109,1755.00,1892,100.00,11073,10.00,21535,5.00
143,2014-11-29,3,14,35,63,73,80,62,42,,12364244.00,0,,0,,11,23810.61,754,350.15,28121,18.70,,,0,,6,35015.00,130,1870.00,2049,100.00,13615,10.00,29099,5.00
144,2014-12-02,9,25,35,59,76,81,85,14,,12820514.00,0,,0,,3,70414.60,535,397.76,21491,19.73,,,0,,0,,97,1973.00,1917,100.00,12745,10.00,27916,5.00
145,2014-12-04,7,52,57,65,83,85,84,16,,13238263.00,0,,1,276920.36,3,69230.09,532,393.32,21684,19.22,,,0,,3,39332.00,116,1922.00,1896,100.00,12197,10.00,28369,5.00
146,2014-12-06,10,11,21,54,73,82,66,58,,13589988.00,0,,0,,18,14655.19,1075,246.84,38559,13.72,,,0,,6,24684.00,185,1372.00,2391,100.00,14122,10.00,27561,5.00
147,2014-12-09,2,23,35,46,47,63,60,55,,14030598.00,0,,0,,2,99280.68,521,384.11,20029,19.90,,,0,,2,38411.00,79,1990.00,1665,100.00,12080,10.00,27769,5.00
148,2014-12-11,20,22,24,25,48,79,42,80,,14439636.00,0,,0,,5,41499.50,673,310.63,23210,17.94,,,0,,2,31063.00,94,1794.00,1491,100.00,9985,10.00,20934,5.00
149,2014-12-13,12,13,19,37,64,70,80,8,,14930219.00,0,,0,,9,29354.27,1306,203.48,42039,12.60,,,0,,6,20348.00,204,1260.00,3104,100.00,18900,10.00,37950,5.00
150,2014-12-16,15,35,45,69,82,84,76,29,,15388519.00,0,,0,,5,42326.21,510,418.02,20721,20.50,,,0,,1,41802.00,123,2050.00,1678,100.00,11937,10.00,28230,5.00
151,2014-12-18,19,28,48,52,82,89,11,37,,15810525.00,0,,0,,9,23409.93,730,290.75,25176,16.79,,,0,,4,29075.00,131,1679.00,1821,100.00,11798,10.00,25654,5.00
152,2014-12-20,1,13,24,26,29,77,60,6,,16305020.00,0,,0,,11,24138.78,1174,227.50,40061,13.29,,,0,,9,22750.00,179,1329.00,2315,100.00,14792,10.00,29768,5.00
153,2014-12-23,18,22,55,58,62,89,51,10,,16782517.00,0,,0,,9,25039.88,606,374.45,24095,18.77,,,0,,2,37445.00,171,1877.00,2132,100.00,14457,10.00,33698,5.00
154,2014-12-24,33,46,53,58,73,85,80,26,,17149759.00,0,,0,,1,162752.53,415,395.93,15412,21.22,,,0,,1,39593.00,66,2122.00,1223,100.00,8516,10.00,21890,5.00
155,2014-12-27,15,25,31,39,82,88,74,4,,17577792.00,0,,0,,4,59912.08,622,387.79,25405,18.92,,,0,,3,38779.00,110,1892.00,1918,100.00,12378,10.00,28101,5.00
156,2014-12-30,5,24,51,76,77,79,8,63,,18044970.66,2,9022485.33,0,,3,76853.10,684,339.35,25248,18.32,,,0,,4,33935.00,111,1832.00,1978,100.00,13059,10.00,28035,5.00
1,2015-01-03,14,26,31,40,58,68,76,45,,2801891.00,0,,0,,5,57204.54,797,371.42,30111,19.33,,,0,,4,37142.00,132,1933.00,2357,100.00,15806,10.00,37760,5.00
2,2015-01-05,16,37,48,68,84,90,11,12,,3213918.00,0,,0,,3,55336.49,548,321.19,18630,18.35,,,0,,2,32119.00,108,1835.00,1624,100.00,9837,10.00,21560,5.00
3,2015-01-07,9,16,19,26,28,46,71,16,,3531908.00,0,,0,,5,31097.44,825,200.59,26476,12.12,,,0,,2,20059.00,163,1212.00,1923,100.00,9366,10.00,17184,5.00
4,2015-01-08,6,9,29,41,50,90,13,32,,3870363.00,0,,0,,8,22012.26,891,208.86,31375,11.54,,,0,,3,20886.00,121,1154.00,1585,100.00,9110,10.00,17935,5.00
5,2015-01-10,2,13,22,37,48,90,8,78,,4327432.81,1,4327432.81,1,339670.59,13,19596.39,1208,219.17,40738,12.75,,,0,,11,21917.00,155,1275.00,2357,100.00,13627,10.00,27939,5.00
6,2015-01-13,9,10,36,67,76,83,72,76,,944708.00,0,,0,,5,40288.63,591,357.77,22374,18.45,,,1,1007215.75,2,35777.00,114,1845.00,1807,100.00,10910,10.00,20422,5.00
7,2015-01-15,2,5,7,12,23,42,9,9,,1344442.00,0,,0,,38,5238.92,2548,82.05,57207,7.13,,,0,,10,8205.00,264,713.00,2834,100.00,13386,10.00,23280,5.00
8,2015-01-17,18,22,31,54,71,80,52,43,,1816813.00,0,,0,,6,42456.55,726,364.66,27806,18.68,,,0,,2,36466.00,116,1868.00,2053,100.00,13118,10.00,29267,5.00
9,2015-01-20,2,11,15,39,84,87,52,1,,2256168.00,0,,0,,1,202146.86,682,311.07,26423,15.67,,,0,,3,31107.00,122,1567.00,1832,100.00,11780,10.00,24261,5.00
10,2015-01-22,11,12,44,57,77,89,76,41,,2654142.00,0,,0,,6,32901.15,655,316.65,26136,15.48,,,0,,3,31665.00,97,1548.00,1585,100.00,9069,10.00,19022,5.00
11,2015-01-24,22,23,24,59,63,81,44,82,,3123835.00,0,,0,,3,84522.01,724,364.04,25113,20.59,,,0,,2,36404.00,106,2059.00,1912,100.00,12616,10.00,28584,5.00
12,2015-01-27,5,10,47,59,66,73,53,21,,3560617.00,0,,0,,3,66934.58,645,326.83,25564,16.10,,,0,,2,32683.00,147,1610.00,1845,100.00,12283,10.00,25247,5.00
13,2015-01-29,27,29,58,64,67,80,54,73,,3956066.00,0,,0,,2,98092.33,418,493.27,17804,22.60,,,0,,1,49327.00,78,2260.00,1370,100.00,9717,10.00,22885,5.00
14,2015-01-31,8,44,54,58,59,86,73,50,,4422027.00,0,,0,,6,41896.39,653,400.28,26014,19.71,,,0,,2,40028.00,138,1971.00,1783,100.00,12607,10.00,28251,5.00
15,2015-02-03,12,29,43,56,60,75,10,59,,4858953.03,1,4858953.03,0,,5,40401.05,653,319.57,23000,17.85,,,0,,4,31957.00,89,1785.00,1582,100.00,9798,10.00,20968,5.00
16,2015-02-05,7,8,10,45,49,53,20,49,,1694365.00,0,,0,,14,13671.28,863,229.51,32615,11.94,,,1,341782.00,6,22951.00,257,1194.00,3095,100.00,15427,10.00,25880,5.00
17,2015-02-07,24,27,38,40,56,81,66,3,,2151934.00,0,,0,,4,61869.43,625,406.64,24601,20.39,,,0,,6,40664.00,121,2039.00,2300,100.00,15354,10.00,37127,5.00
18,2015-02-10,30,59,72,74,77,78,9,27,,2580675.00,0,,0,,3,65939.00,502,407.35,18722,21.48,,,0,,2,40735.00,111,2148.00,1561,100.00,11947,10.00,28518,5.00
19,2015-02-12,25,32,44,56,77,87,28,44,,2974823.00,0,,0,,6,32783.79,493,412.53,18662,21.43,,,0,,1,41253.00,102,2143.00,1747,100.00,11250,10.00,23761,5.00
20,2015-02-14,13,31,32,57,60,79,90,10,,3439189.00,0,,1,333230.85,5,49984.63,605,424.13,22209,22.80,,,0,,4,42413.00,104,2280.00,1900,100.00,14417,10.00,33952,5.00
21,2015-02-17,20,27,40,60,61,66,11,69,,3703242.00,0,,0,,2,99019.88,515,397.50,20839,19.32,,,0,,3,39750.00,112,1932.00,1621,100.00,11291,10.00,27226,5.00
22,2015-02-19,23,35,44,49,66,84,2,75,,4095352.00,0,,0,,3,65020.75,485,415.95,18574,21.36,,,0,,1,41595.00,76,2136.00,1489,100.00,9698,10.00,22864,5.00
23,2015-02-21,5,16,33,48,57,87,79,5,,4556784.00,0,,0,,6,41423.85,637,400.66,26719,18.85,,,0,,3,40066.00,209,1885.00,2900,100.00,16602,10.00,33864,5.00
24,2015-02-24,6,29,56,72,82,83,76,24,,4984092.00,0,,1,261612.29,1,196209.22,486,417.46,21384,18.66,,,0,,5,41746.00,133,1866.00,1968,100.00,12581,10.00,28237,5.00
25,2015-02-26,17,41,44,57,73,86,24,68,,5243400.00,0,,0,,6,32413.52,489,411.36,19756,20.02,,,0,,1,41136.00,113,2002.00,1527,100.00,9555,10.00,22269,5.00
26,2015-02-28,5,10,34,48,56,87,23,40,,5707691.00,0,,0,,8,31372.19,780,330.32,30837,16.49,,,0,,1,33032.00,108,1649.00,1968,100.00,13074,10.00,25905,5.00
27,2015-03-03,16,26,48,61,63,87,81,17,,6141964.00,0,,0,,3,66738.68,430,474.37,18058,22.38,,,0,,3,47437.00,148,2238.00,2302,100.00,17798,10.00,44900,5.00
28,2015-03-05,35,44,62,74,82,90,68,19,,6535093.00,0,,0,,10,19473.88,501,396.21,18350,21.43,,,0,,8,39621.00,176,2143.00,2425,100.00,16400,10.00,37991,5.00
29,2015-03-07,26,36,56,68,73,81,62,5,,7000916.00,0,,0,,9,27999.78,754,339.20,25807,19.67,,,0,,4,33920.00,168,1967.00,2024,100.00,14297,10.00,35554,5.00
30,2015-03-10,9,19,68,70,71,81,39,37,,7434044.00,0,,0,,11,18077.02,1007,201.20,29387,13.66,,,0,,4,20120.00,153,1366.00,1847,100.00,10662,10.00,22138,5.00
31,2015-03-12,7,36,38,63,73,90,78,67,,7827398.00,0,,0,,6,32598.60,568,350.98,22083,17.88,,,0,,1,35098.00,117,1788.00,1935,100.00,12346,10.00,26627,5.00
32,2015-03-14,28,30,39,46,68,89,5,3,,8292732.00,0,,0,,4,62801.34,551,462.74,23408,21.62,,,0,,6,46274.00,173,2162.00,2085,100.00,13775,10.00,32557,5.00
33,2015-03-17,10,13,21,36,66,69,73,46,,8724167.00,0,,0,,9,21997.04,751,268.62,28383,14.08,,,0,,5,26862.00,154,1408.00,2077,100.00,11696,10.00,24669,5.00
34,2015-03-19,5,7,20,38,57,85,23,8,,9115797.00,0,,0,,5,38947.16,846,234.63,28990,13.56,,,0,,4,23463.00,184,1356.00,2446,100.00,13895,10.00,27372,5.00
35,2015-03-21,4,7,9,19,55,58,83,40,,9577624.94,1,9577624.94,0,,32,7781.34,2206,114.58,62113,8.07,,,0,,10,11458.00,201,807.00,2409,100.00,11800,10.00,22599,5.00
36,2015-03-24,8,17,29,32,65,90,81,37,,2961019.00,0,,0,,9,21373.17,1107,177.16,31539,12.31,,,0,,2,17716.00,145,1231.00,1640,100.00,9738,10.00,20483,5.00
37,2015-03-26,10,21,40,46,79,84,35,62,,3341090.00,0,,0,,3,62957.83,429,449.04,18759,20.33,,,0,,2,44904.00,80,2033.00,1337,100.00,8971,10.00,20343,5.00
38,2015-03-28,5,22,60,71,74,81,88,31,,3790928.00,0,,0,,10,24294.18,671,367.67,25746,19.01,,,0,,1,36767.00,130,1901.00,2021,100.00,13032,10.00,27764,5.00
39,2015-03-31,3,15,23,33,46,78,54,5,,4207528.00,0,,0,,8,23872.45,768,253.57,27905,13.82,,,0,,6,25357.00,151,1382.00,1958,100.00,12337,10.00,25067,5.00
40,2015-04-02,33,36,61,66,83,85,20,81,,4593106.00,0,,0,,4,48423.38,439,445.03,16676,23.33,,,0,,3,44503.00,122,2333.00,1718,100.00,11776,10.00,30448,5.00
41,2015-04-04,11,38,44,48,56,83,28,90,,5054042.00,0,,0,,14,17775.42,1086,230.69,28822,17.32,,,0,,6,23069.00,196,1732.00,2867,100.00,19734,10.00,44922,5.00
42,2015-04-07,4,18,20,68,72,77,21,41,,5458838.00,0,,0,,2,89584.29,594,304.45,23403,15.38,,,1,2239607.25,3,30445.00,71,1538.00,1316,100.00,8067,10.00,16567,5.00
43,2015-04-09,7,25,30,44,47,68,53,4,,5833735.00,0,,1,255451.25,10,19158.85,619,312.21,23031,16.71,,,0,,1,31221.00,111,1671.00,1844,100.00,11385,10.00,23562,5.00
44,2015-04-11,26,54,55,73,86,90,3,19,,6158896.00,0,,0,,6,40645.13,685,358.46,27656,17.69,,,0,,5,35846.00,177,1769.00,2475,100.00,15488,10.00,35096,5.00
45,2015-04-14,36,45,56,79,81,90,52,44,,6578263.00,0,,0,,5,38518.01,631,307.86,20667,18.71,,,0,,0,,88,1871.00,1485,100.00,10125,10.00,23263,5.00
46,2015-04-16,37,38,43,69,79,86,72,53,,6960409.00,0,,0,,3,63438.26,459,418.27,17395,21.97,,,0,,9,41827.00,101,2197.00,1448,100.00,9873,10.00,23992,5.00
47,2015-04-18,10,11,18,36,47,85,48,6,,7411005.00,0,,0,,11,22071.76,939,260.34,34068,14.30,,,0,,15,26034.00,170,1430.00,2240,100.00,13689,10.00,28447,5.00
48,2015-04-21,4,17,52,59,67,84,88,13,,7827266.00,0,,0,,3,63600.43,558,344.94,22162,17.29,,,0,,3,34494.00,141,1729.00,2351,100.00,15345,10.00,31365,5.00
49,2015-04-23,8,13,27,34,47,83,6,22,,8205846.00,0,,0,,5,37706.91,687,276.87,26426,14.33,,,0,,2,27687.00,168,1433.00,2305,100.00,14153,10.00,29949,5.00
50,2015-04-27,8,26,39,56,78,85,49,3,,8619543.00,0,,0,,8,27000.63,628,346.62,24259,17.87,,,0,,6,34662.00,145,1787.00,1888,100.00,12039,10.00,26890,5.00
51,2015-04-28,10,41,59,61,65,71,8,37,,8988117.00,0,,0,,5,33685.62,396,429.55,16048,21.09,,,0,,2,42955.00,52,2109.00,1188,100.00,8276,10.00,18408,5.00
52,2015-04-30,18,28,31,33,55,78,81,8,,9353079.00,0,,0,,0,,514,556.29,20279,23.44,,,0,,1,55629.00,104,2344.00,1871,100.00,11506,10.00,28032,5.00
53,2015-05-02,6,34,45,46,59,73,35,56,,9773391.00,0,,0,,3,73493.29,468,478.80,19225,23.12,,,0,,1,47880.00,94,2312.00,1627,100.00,11188,10.00,26313,5.00
54,2015-05-05,7,31,33,78,86,87,72,88,,10175780.00,0,,0,,2,95775.99,435,448.62,19002,20.35,,,0,,5,44862.00,144,2035.00,1952,100.00,12991,10.00,29254,5.00
55,2015-05-07,12,32,43,46,58,77,18,1,,10552261.00,0,,0,,1,186585.02,441,431.26,16889,22.30,,,0,,1,43126.00,93,2230.00,1373,100.00,10124,10.00,23827,5.00
56,2015-05-09,31,40,52,55,62,76,17,44,,10991955.00,0,,0,,3,78825.98,479,501.20,19253,24.75,,,0,,3,50120.00,81,2475.00,1602,100.00,11543,10.00,28591,5.00
57,2015-05-12,10,19,48,78,85,90,22,42,,11401740.00,0,,0,,7,27014.30,879,219.22,31456,12.13,,,0,,3,21922.00,144,1213.00,1793,100.00,9469,10.00,18905,5.00
58,2015-05-14,19,25,42,51,55,56,24,75,,11775346.00,0,,0,,2,92826.98,552,342.85,22131,16.94,,,0,,4,34285.00,88,1694.00,1395,100.00,9042,10.00,19060,5.00
59,2015-05-16,3,32,39,65,75,76,51,57,,12214317.00,0,,1,315202.45,4,59100.46,532,451.13,22139,21.51,,,0,,2,45113.00,133,2151.00,1965,100.00,12918,10.00,30471,5.00
60,2015-05-19,6,20,43,44,46,67,85,52,,12464951.00,0,,0,,6,31329.21,500,383.15,20228,18.76,,,0,,0,,97,1876.00,1534,100.00,10167,10.00,22917,5.00
61,2015-05-21,17,21,23,51,65,87,53,48,,12838655.00,0,,0,,1,186290.70,525,361.69,22493,16.72,,,0,,2,36169.00,105,1672.00,1677,100.00,11224,10.00,24368,5.00
62,2015-05-23,4,24,29,31,39,71,19,14,,13279469.00,0,,0,,7,33923.53,691,348.86,28444,16.82,,,0,,4,34886.00,156,1682.00,2449,100.00,14201,10.00,30256,5.00
63,2015-05-26,6,9,21,69,77,78,90,80,,13688259.00,0,,1,250480.92,3,62620.23,961,199.23,31301,12.11,,,0,,4,19923.00,154,1211.00,1666,100.00,9480,10.00,18383,5.00
64,2015-05-28,6,33,57,61,80,83,53,18,,13935586.00,0,,0,,0,,430,655.44,17663,26.45,,,0,,4,65544.00,113,2645.00,1828,100.00,12911,10.00,30246,5.00
65,2015-05-30,13,33,39,56,65,86,52,75,,14370609.00,0,,0,,17,13736.47,855,277.33,26856,17.52,,,0,,3,27733.00,125,1752.00,1629,100.00,10605,10.00,24472,5.00
66,2015-06-03,3,28,37,42,67,86,1,79,,14770035.00,0,,1,243746.36,7,26115.69,504,367.42,20090,18.31,,,0,,1,36742.00,129,1831.00,1667,100.00,11300,10.00,25294,5.00
67,2015-06-04,14,17,23,45,87,88,46,14,,14990137.00,0,,0,,6,27512.76,447,374.60,20798,15.98,,,0,,2,37460.00,101,1598.00,1607,100.00,9170,10.00,18130,5.00
68,2015-06-06,16,24,34,40,41,57,13,89,,15407002.00,0,,0,,3,76703.51,481,483.33,21523,21.49,,,0,,6,48333.00,118,2149.00,1606,100.00,11314,10.00,26350,5.00
69,2015-06-09,15,21,58,80,82,86,49,64,,15807646.00,0,,0,,9,20603.05,483,388.82,18317,20.37,,,0,,2,38882.00,194,2037.00,3167,100.00,21064,10.00,46251,5.00
70,2015-06-11,26,48,52,61,75,79,82,73,,16175509.00,0,,0,,1,183183.50,480,386.57,16203,22.75,,,0,,8,38657.00,81,2275.00,1246,100.00,8354,10.00,20790,5.00
71,2015-06-13,19,35,36,38,45,80,17,5,,16604122.00,0,,2,153245.44,14,16419.16,633,366.88,23191,19.92,,,0,,3,36688.00,105,1992.00,2062,100.00,14587,10.00,33678,5.00
72,2015-06-16,6,28,55,57,78,83,67,16,,16851922.00,0,,0,,5,37170.05,603,312.14,21783,17.17,,,1,929251.25,3,31214.00,113,1717.00,1933,100.00,12547,10.00,27222,5.00
73,2015-06-18,18,21,28,62,84,90,41,48,,17221186.00,0,,0,,1,184022.38,537,347.10,21659,17.10,,,0,,4,34710.00,122,1710.00,1541,100.00,10031,10.00,21797,5.00
74,2015-06-20,6,11,21,65,66,85,23,18,,17651224.00,0,,0,,9,25613.09,973,239.35,35068,13.21,,,0,,5,23935.00,174,1321.00,2671,100.00,15085,10.00,31260,5.00
75,2015-06-23,20,24,26,33,42,80,29,34,,18052323.00,0,,0,,6,30927.53,470,399.86,18656,20.02,,,0,,2,39986.00,93,2002.00,1341,100.00,9052,10.00,21103,5.00
76,2015-06-25,18,46,63,68,73,79,28,59,,18418998.00,0,,0,,2,91111.74,399,462.64,16895,21.71,,,0,,0,,100,2171.00,1179,100.00,8085,10.00,19041,5.00
77,2015-06-27,17,22,45,48,53,61,26,65,,18844498.00,0,,0,,6,38002.23,712,323.57,24626,18.61,,,0,,1,32357.00,104,1861.00,1742,100.00,11702,10.00,26357,5.00
78,2015-06-30,4,11,16,25,34,59,75,84,,19242141.00,0,,0,,12,15352.17,874,213.49,28054,13.21,,,0,,3,21349.00,135,1321.00,1706,100.00,10583,10.00,22184,5.00
79,2015-07-02,8,17,30,61,78,88,56,15,,19611312.00,0,,0,,2,92382.56,616,302.62,22696,16.35,,,0,,2,30262.00,138,1635.00,1896,100.00,12469,10.00,26480,5.00
80,2015-07-04,8,30,38,51,62,66,14,2,,20037833.00,0,,0,,6,37918.04,512,447.58,22261,20.51,,,0,,1,44758.00,122,2051.00,1797,100.00,12422,10.00,28596,5.00
81,2015-07-07,19,25,31,78,83,88,18,86,,20433640.00,0,,0,,5,36620.14,505,365.85,20611,17.84,,,0,,1,36585.00,74,1784.00,1332,100.00,8387,10.00,18523,5.00
82,2015-07-09,8,54,59,66,86,89,15,4,,20797577.00,0,,1,241870.79,2,90701.55,504,363.20,19192,18.99,,,0,,0,,81,1899.00,1390,100.00,9784,10.00,21846,5.00
83,2015-07-11,8,30,34,39,42,58,80,1,,21098170.00,0,,0,,1,225444.30,541,419.77,21971,20.59,,,0,,1,41977.00,81,2059.00,1799,100.00,12266,10.00,27216,5.00
84,2015-07-14,12,17,32,47,74,86,8,23,,21493754.00,0,,0,,1,183966.02,570,325.64,22906,16.13,,,0,,13,32564.00,169,1613.00,2461,100.00,16068,10.00,33745,5.00
85,2015-07-16,22,27,29,49,69,87,73,86,,21856879.71,1,21856879.71,0,,5,36072.18,654,278.30,22969,15.77,,,0,,1,27830.00,92,1577.00,1137,100.00,7495,10.00,16557,5.00
86,2015-07-18,22,42,47,62,70,72,90,68,,6339166.00,0,,0,,6,35839.96,683,317.26,21654,19.93,,,0,,2,31726.00,97,1993.00,1604,100.00,10122,10.00,22828,5.00
87,2015-07-21,1,21,63,70,79,84,25,24,,6717852.00,0,,0,,11,16044.93,489,364.31,17764,19.96,,,0,,3,36431.00,106,1996.00,1464,100.00,9661,10.00,21208,5.00
88,2015-07-23,33,41,44,48,68,75,56,8,,7066292.00,0,,0,,8,21635.42,443,394.43,17480,19.89,,,1,540885.50,1,39443.00,88,1989.00,1599,100.00,10495,10.00,27574,5.00
89,2015-07-25,2,20,21,40,45,65,15,19,,7470528.00,0,,0,,12,18052.94,729,299.43,26139,16.63,,,0,,3,29943.00,140,1663.00,2397,100.00,14458,10.00,30770,5.00
90,2015-07-28,4,26,34,66,67,81,88,26,,7852474.00,0,,0,,4,44535.43,510,352.53,19042,18.79,,,0,,3,35253.00,129,1879.00,1853,100.00,11438,10.00,23134,5.00
91,2015-07-30,13,18,25,26,35,61,60,56,,8205213.00,0,,0,,5,35096.69,477,371.35,18634,18.92,,,0,,1,37135.00,75,1892.00,1407,100.00,8873,10.00,19223,5.00
92,2015-08-01,2,26,34,58,80,81,23,42,,8616074.00,0,,0,,7,31486.34,549,404.91,21828,20.28,,,0,,2,40491.00,95,2028.00,1387,100.00,10246,10.00,23221,5.00
93,2015-08-04,34,53,77,78,83,89,87,83,,9005111.00,0,,0,,3,60525.05,460,398.84,16726,21.82,,,0,,2,39884.00,120,2182.00,2377,100.00,16902,10.00,37435,5.00
94,2015-08-06,2,27,36,39,53,79,72,44,,9361953.00,0,,0,,2,88421.95,417,428.62,18064,19.68,,,0,,1,42862.00,83,1968.00,1335,100.00,9565,10.00,21611,5.00
95,2015-08-08,3,7,17,26,55,72,41,89,,9763709.00,0,,0,,14,15206.82,1191,180.34,42753,10.00,,,1,380170.50,7,18034.00,142,1000.00,1838,100.00,10299,10.00,20174,5.00
96,2015-08-11,17,25,32,42,71,85,60,45,,10141941.00,0,,0,,0,,458,584.57,18613,23.90,,,0,,1,58457.00,95,2390.00,1438,100.00,9817,10.00,23328,5.00
97,2015-08-13,4,17,34,41,66,78,30,64,,10492697.00,0,,1,232605.05,7,24921.97,467,377.61,18721,18.73,,,0,,3,37761.00,92,1873.00,1308,100.00,8615,10.00,18783,5.00
98,2015-08-17,1,4,50,70,71,76,84,10,,10740022.00,0,,0,,5,37098.85,595,314.93,23602,15.79,,,0,,3,31493.00,132,1579.00,2028,100.00,12377,10.00,25310,5.00
99,2015-08-18,20,30,45,50,76,86,3,1,,11066928.00,0,,0,,3,50810.78,379,407.19,15657,19.59,,,0,,2,40719.00,84,1959.00,970,100.00,7618,10.00,17975,5.00
100,2015-08-20,4,14,31,68,70,74,73,10,,11396381.00,0,,0,,3,56957.69,559,309.06,19365,17.74,,,0,,3,30906.00,101,1774.00,1460,100.00,10298,10.00,22192,5.00
101,2015-08-22,6,7,9,14,17,35,27,87,,11782712.00,0,,0,,26,7858.15,2044,100.88,51419,7.98,,,0,,10,10088.00,187,798.00,1975,100.00,10666,10.00,20323,5.00
102,2015-08-25,3,18,19,65,81,88,70,74,,12157291.00,0,,0,,4,44694.60,829,217.93,27429,13.10,,,0,,11,21793.00,211,1310.00,2976,100.00,17228,10.00,34284,5.00
103,2015-08-27,2,4,12,40,50,80,13,89,,12510708.00,0,,0,,16,10979.59,996,178.28,31626,11.16,,,0,,1,17828.00,91,1116.00,1433,100.00,7843,10.00,16489,5.00
104,2015-08-29,7,28,44,55,57,78,14,77,,12912927.00,0,,0,,3,71275.91,729,295.91,24175,17.76,,,0,,4,29591.00,121,1776.00,2006,100.00,13149,10.00,27544,5.00
105,2015-09-01,13,30,38,48,50,77,29,64,,13302790.00,0,,0,,8,23185.48,486,394.88,19417,19.43,,,0,,3,39488.00,86,1943.00,1346,100.00,8695,10.00,19407,5.00
106,2015-09-03,13,18,19,49,78,87,45,22,,13671673.00,0,,0,,2,91960.17,606,314.10,23327,16.04,,,0,,0,,103,1604.00,1858,100.00,11830,10.00,24616,5.00
107,2015-09-05,24,30,36,42,71,86,32,26,,14099221.00,0,,0,,9,25411.16,584,402.61,21830,21.24,,,0,,5,40261.00,112,2124.00,1741,100.00,11604,10.00,27867,5.00
108,2015-09-08,41,50,54,60,75,88,62,26,,14501578.00,0,,0,,1,187418.00,419,462.64,15753,24.20,,,0,,1,46264.00,89,2420.00,1411,100.00,9565,10.00,23808,5.00
109,2015-09-10,10,14,15,34,75,88,1,79,,14874098.00,0,,0,,5,37136.16,447,429.77,21652,17.44,,,0,,3,42977.00,80,1744.00,1218,100.00,8549,10.00,18401,5.00
110,2015-09-12,11,24,46,48,68,82,5,69,,15306819.00,0,,0,,4,57925.01,690,345.11,25964,18.09,,,0,,0,,112,1809.00,2110,100.00,13823,10.00,29759,5.00
111,2015-09-15,9,17,20,32,35,56,24,19,,15712588.00,0,,0,,5,37695.36,680,286.62,24799,15.45,,,0,,6,28662.00,136,1545.00,2041,100.00,12700,10.00,25436,5.00
112,2015-09-17,8,9,42,71,78,79,62,21,,16085285.00,0,,0,,7,26469.23,543,353.06,22067,17.08,,,0,,0,,121,1708.00,1942,100.00,11939,10.00,23068,5.00
113,2015-09-19,9,32,40,49,52,60,5,89,,16518399.00,0,,0,,8,29024.16,581,410.71,22301,21.11,,,0,,0,,109,2111.00,1538,100.00,10544,10.00,23239,5.00
114,2015-09-22,10,26,50,55,62,81,27,65,,16923958.00,0,,0,,1,188072.74,541,359.52,21695,17.63,,,0,,3,35952.00,85,1763.00,1459,100.00,9284,10.00,19448,5.00
115,2015-09-24,1,32,36,61,78,80,79,85,,17295170.00,0,,0,,3,61457.40,345,553.04,14513,25.85,,,0,,6,55304.00,81,2585.00,1180,100.00,8287,10.00,19869,5.00
116,2015-09-26,1,37,69,74,77,89,28,35,,17729868.00,0,,0,,3,77945.86,685,350.75,26641,17.79,,,0,,4,35075.00,132,1779.00,2111,100.00,13762,10.00,31183,5.00
117,2015-09-29,17,25,41,45,57,82,22,38,,18136032.00,0,,0,,7,26814.89,547,354.90,19279,19.80,,,0,,2,35490.00,95,1980.00,1443,100.00,10105,10.00,22887,5.00
118,2015-10-01,2,17,21,49,69,74,79,6,,18511503.00,0,,0,,3,62583.70,767,246.43,25829,14.58,,,0,,2,24643.00,136,1458.00,1794,100.00,11123,10.00,22791,5.00
119,2015-10-03,2,4,14,31,43,61,11,42,,18955055.00,0,,0,,6,39798.07,739,324.83,29885,16.02,,,1,994951.75,3,32483.00,103,1602.00,1843,100.00,10847,10.00,24021,5.00
120,2015-10-06,8,11,17,27,62,84,41,20,,19368906.00,0,,0,,4,47748.52,968,198.61,33003,11.61,,,0,,11,19861.00,338,1161.00,4226,100.00,23680,10.00,47906,5.00
121,2015-10-08,23,32,33,55,84,90,2,5,,19747547.00,0,,0,,5,37696.78,677,280.28,24029,15.74,,,0,,7,28028.00,117,1574.00,2214,100.00,13347,10.00,28015,5.00
122,2015-10-10,32,41,45,47,78,90,59,1,,20188286.00,0,,0,,3,78770.72,598,397.29,23923,19.80,,,0,,1,39729.00,123,1980.00,1858,100.00,12445,10.00,28915,5.00
123,2015-10-13,35,36,63,71,75,89,15,90,,20600736.00,0,,0,,6,31863.63,418,460.40,16919,22.67,,,0,,2,46040.00,108,2267.00,2040,100.00,14724,10.00,37934,5.00
124,2015-10-15,7,9,16,24,32,40,17,40,,20979952.00,0,,0,,10,18882.14,1093,173.91,29432,12.87,,,0,,6,17391.00,143,1287.00,1776,100.00,9560,10.00,17813,5.00
125,2015-10-17,4,6,61,63,65,72,9,9,,21424213.00,0,,0,,6,39797.45,633,379.22,25589,18.71,,,0,,7,37922.00,168,1871.00,2547,100.00,15826,10.00,34042,5.00
126,2015-10-20,18,34,58,60,64,88,5,80,,21836079.00,0,,0,,1,189506.91,592,322.25,19611,19.39,,,0,,2,32225.00,87,1939.00,1246,100.00,8289,10.00,19764,5.00
127,2015-10-22,1,6,32,50,51,81,4,27,,22210002.00,0,,0,,2,92844.62,564,331.48,22320,16.69,,,0,,3,33148.00,140,1669.00,1930,100.00,12185,10.00,26268,5.00
128,2015-10-24,9,14,33,38,46,87,2,79,,22648582.00,0,,0,,4,59022.61,607,391.03,24628,19.22,,,0,,5,39103.00,113,1922.00,1680,100.00,11084,10.00,23411,5.00
129,2015-10-27,13,15,48,50,74,83,84,50,,23058399.00,0,,0,,2,94658.87,556,342.77,19979,19.01,,,0,,2,34277.00,108,1901.00,1777,100.00,10509,10.00,20464,5.00
130,2015-10-29,4,16,40,57,71,84,62,84,,23431744.00,0,,0,,3,61783.29,420,444.32,18979,19.59,,,0,,3,44432.00,77,1959.00,1467,100.00,8990,10.00,18319,5.00
131,2015-10-31,6,25,26,52,86,88,61,80,,23871112.00,0,,0,,7,33835.84,794,299.89,29437,16.13,,,0,,3,29989.00,97,1613.00,1564,100.00,10654,10.00,22817,5.00
132,2015-11-03,30,41,47,71,79,86,83,78,,24285856.00,0,,0,,6,32105.39,438,444.96,17466,22.18,,,0,,4,44496.00,79,2218.00,1294,100.00,9197,10.00,22179,5.00
133,2015-11-05,17,21,29,33,43,62,85,75,,24665731.00,0,,0,,8,23573.76,487,391.89,20556,18.45,,,0,,3,39189.00,94,1845.00,1395,100.00,9302,10.00,20381,5.00
134,2015-11-07,2,19,22,46,51,54,83,10,,25110806.00,0,,0,,6,39918.62,887,272.57,33251,14.47,,,0,,4,27257.00,167,1447.00,2493,100.00,16202,10.00,32524,5.00
135,2015-11-10,8,31,33,38,66,77,3,61,,25526094.00,0,,0,,8,23963.73,709,273.58,24837,15.52,,,0,,6,27358.00,137,1552.00,1443,100.00,9231,10.00,20772,5.00
136,2015-11-12,19,22,31,41,54,87,38,47,,25907451.00,0,,0,,4,47540.79,610,315.45,21428,17.85,,,0,,5,31545.00,122,1785.00,2005,100.00,13257,10.00,28069,5.00
137,2015-11-14,19,56,73,84,85,86,2,80,,26354782.00,0,,0,,6,40069.43,569,426.50,23893,20.21,,,0,,3,42650.00,116,2021.00,1585,100.00,10745,10.00,24238,5.00
138,2015-11-17,27,29,39,54,59,74,79,25,,26769895.00,0,,0,,3,63708.81,576,335.74,20979,18.32,,,0,,4,33574.00,137,1832.00,2070,100.00,12803,10.00,31070,5.00
139,2015-11-19,25,28,44,52,87,89,10,9,,27147385.00,0,,0,,2,93777.04,463,409.97,18947,19.91,,,0,,1,40997.00,89,1991.00,1603,100.00,10310,10.00,24359,5.00
140,2015-11-21,13,25,33,53,75,83,38,59,,27587385.00,0,,0,,18,13123.50,798,298.85,27852,17.04,,,0,,3,29885.00,150,1704.00,1718,100.00,10845,10.00,25271,5.00
141,2015-11-24,52,54,70,80,82,84,66,82,,27995985.00,0,,0,,10,18833.88,608,313.48,18747,20.21,,,0,,3,31348.00,93,2021.00,1429,100.00,9254,10.00,20114,5.00
142,2015-11-26,12,36,45,67,77,88,11,6,,28366720.00,0,,0,,3,61293.87,627,296.87,21219,17.43,,,0,,2,29687.00,65,1743.00,1476,100.00,9888,10.00,22205,5.00
143,2015-11-28,20,23,28,51,65,81,87,68,,28806019.00,0,,0,,4,59383.46,648,370.05,26273,18.16,,,0,,1,37005.00,106,1816.00,1787,100.00,11729,10.00,25011,5.00
144,2015-12-01,31,39,55,58,85,87,86,70,,29223795.00,0,,0,,5,38913.04,474,413.28,19574,19.94,,,0,,2,41328.00,105,1994.00,1587,100.00,10247,10.00,25334,5.00
145,2015-12-03,38,46,53,65,77,84,80,63,,29610606.00,0,,0,,0,,411,706.98,16876,28.64,,,0,,5,70698.00,75,2864.00,1430,100.00,9749,10.00,23335,5.00
146,2015-12-05,1,28,34,42,49,77,65,42,,30064517.00,0,,0,,1,244020.44,599,409.60,24380,20.07,,,0,,3,40960.00,138,2007.00,1814,100.00,11640,10.00,24711,5.00
147,2015-12-09,21,54,62,63,82,83,37,25,,30483851.00,0,,0,,0,,544,533.21,17929,26.91,,,0,,2,53321.00,94,2691.00,1604,100.00,10783,10.00,26626,5.00
148,2015-12-10,1,19,20,56,60,83,63,46,,30840911.00,0,,0,,8,21443.66,647,267.20,24104,14.28,,,0,,3,26720.00,123,1428.00,1777,100.00,10375,10.00,21457,5.00
149,2015-12-12,18,20,46,47,55,66,75,38,,31278738.00,0,,0,,2,121297.78,596,409.27,25631,18.98,,,0,,5,40927.00,116,1898.00,1681,100.00,11775,10.00,26126,5.00
150,2015-12-15,5,30,36,63,84,85,37,48,,31702303.00,0,,0,,1,196376.49,463,427.01,19537,20.17,,,0,,2,42701.00,102,2017.00,1787,100.00,11540,10.00,25887,5.00
151,2015-12-17,11,44,56,81,83,87,9,6,,32091606.00,0,,0,,7,27684.10,623,313.19,22573,17.22,,,0,,1,31319.00,99,1722.00,1488,100.00,9890,10.00,23026,5.00
152,2015-12-19,7,22,46,50,55,73,14,64,,32545652.00,0,,0,,5,48728.11,860,284.85,29262,16.69,,,0,,6,28485.00,130,1669.00,1886,100.00,12173,10.00,25948,5.00
153,2015-12-22,18,22,23,57,60,69,14,6,,32977917.00,0,,0,,4,50594.50,534,381.47,22038,18.42,,,0,,2,38147.00,90,1842.00,1709,100.00,11134,10.00,24145,5.00
154,2015-12-24,6,8,24,28,36,63,79,73,,33405952.00,0,,1,293116.33,10,21983.73,1040,212.66,34117,12.92,,,1,549593.25,7,21266.00,170,1292.00,1972,100.00,11551,10.00,24940,5.00
155,2015-12-28,5,38,48,52,81,88,65,2,,33655078.00,0,,0,,11,16985.85,543,346.54,21417,17.51,,,0,,0,,100,1751.00,1593,100.00,10078,10.00,21409,5.00
156,2015-12-29,15,20,57,72,76,89,30,22,,34018068.00,0,,0,,2,89410.49,427,421.90,18073,19.86,,,0,,2,42190.00,92,1986.00,1796,100.00,11166,10.00,25017,5.00
157,2015-12-31,15,26,29,77,81,90,37,48,,34441005.00,0,,0,,3,75930.77,791,289.66,30145,15.15,,,0,,2,28966.00,158,1515.00,2331,100.00,13276,10.00,27978,5.00
1,2016-01-02,1,17,39,41,56,65,18,42,,34875799.00,0,,0,,8,26524.85,619,345.03,25784,16.51,,,0,,1,34503.00,103,1651.00,1403,100.00,9726,10.00,20116,5.00
2,2016-01-05,7,20,40,56,60,90,76,51,,35301497.00,0,,0,,15,14211.61,1122,191.22,32390,13.20,,,0,,2,19122.00,152,1320.00,2167,100.00,13560,10.00,27732,5.00
3,2016-01-07,10,38,61,62,74,86,69,70,,35689463.00,0,,0,,2,92193.72,370,502.06,16700,22.16,,,0,,0,,87,2216.00,1191,100.00,8234,10.00,18943,5.00
4,2016-01-09,20,26,36,50,51,74,83,60,,36141287.00,0,,0,,3,82224.90,543,456.81,22569,21.92,,,0,,3,45681.00,106,2192.00,2100,100.00,14155,10.00,32655,5.00
5,2016-01-12,3,9,28,42,50,79,87,27,,36572853.00,0,,0,,7,28619.62,735,274.44,28779,13.97,,,0,,3,27444.00,137,1397.00,2127,100.00,13097,10.00,26771,5.00
6,2016-01-14,5,8,17,41,46,87,30,57,,36970176.00,0,,0,,10,19782.30,729,273.25,28371,13.99,,,0,,2,27325.00,104,1399.00,1760,100.00,10425,10.00,22402,5.00
7,2016-01-16,11,17,48,52,70,90,29,43,,37433595.00,0,,1,331537.32,17,14626.65,1334,187.42,41650,11.97,,,0,,5,18742.00,194,1197.00,2304,100.00,13564,10.00,26621,5.00
8,2016-01-19,13,18,35,43,51,66,72,27,,37698592.00,0,,0,,4,49687.00,589,339.77,21214,18.80,,,0,,2,33977.00,116,1880.00,1726,100.00,11423,10.00,26082,5.00
9,2016-01-21,2,12,32,57,61,81,54,75,,38093395.00,0,,0,,5,39345.60,563,351.87,21978,17.96,,,0,,4,35187.00,102,1796.00,1477,100.00,9753,10.00,20620,5.00
10,2016-01-23,4,5,8,14,32,49,18,1,,38556967.00,0,,0,,12,20776.25,1298,193.13,46593,10.73,,,1,519406.25,7,19313.00,193,1073.00,2767,100.00,15146,10.00,29624,5.00
11,2016-01-26,24,45,50,60,63,87,71,80,,38989542.00,0,,0,,5,39954.76,382,526.57,16812,23.84,,,0,,3,52657.00,87,2384.00,1191,100.00,8712,10.00,21422,5.00
12,2016-01-28,2,6,15,39,80,83,47,48,,39384356.00,0,,0,,9,21802.69,660,299.39,26231,15.01,,,0,,0,,109,1501.00,1784,100.00,11296,10.00,23580,5.00
13,2016-01-30,13,24,51,68,77,81,76,69,,39851643.00,0,,0,,7,36050.36,703,360.92,26845,18.85,,,0,,1,36092.00,132,1885.00,2229,100.00,14391,10.00,32132,5.00
14,2016-02-02,19,38,40,56,65,80,35,1,,40676054.00,0,,0,,7,22626.79,463,346.47,17306,28.00,272517,5.53,0,,1,34647.00,76,2800.00,1347,100.00,8868,10.00,20846,5.00
15,2016-02-04,7,21,31,39,46,69,77,50,,41549328.00,0,,0,,2,75811.22,552,278.35,20166,23.01,295400,5.00,0,,9,27835.00,109,2301.00,1362,100.00,8313,10.00,18326,5.00
16,2016-02-06,10,24,36,63,77,89,81,39,,42583556.00,0,,0,,9,21444.52,515,378.69,21740,27.14,350136,5.24,0,,1,37869.00,149,2714.00,1889,100.00,12393,10.00,26858,5.00
17,2016-02-09,11,26,46,56,58,78,60,71,,43516867.00,0,,0,,2,76592.08,454,341.87,17513,26.77,269741,5.40,0,,1,34187.00,91,2677.00,1495,100.00,9623,10.00,21728,5.00
18,2016-02-11,17,27,45,53,71,74,21,59,,44382753.00,0,,1,469804.53,6,25297.17,629,244.53,19754,23.51,283626,5.09,0,,1,24453.00,71,2351.00,1079,100.00,7270,10.00,16506,5.00
19,2016-02-13,2,30,49,66,74,80,33,29,,45165145.00,0,,0,,0,,456,556.65,18929,33.83,320923,5.80,0,,1,55665.00,121,3383.00,1803,100.00,12419,10.00,28206,5.00
20,2016-02-16,2,10,27,34,38,40,72,46,,46089801.00,0,,0,,8,19080.54,552,280.20,21063,22.18,315192,5.00,0,,1,28020.00,80,2218.00,1416,100.00,8871,10.00,18739,5.00
21,2016-02-18,12,26,30,51,57,89,54,53,,46949024.00,0,,0,,3,50125.47,445,342.48,17947,25.64,275091,5.20,0,,3,34248.00,85,2564.00,1319,100.00,8999,10.00,19776,5.00
22,2016-02-20,29,32,33,49,54,85,16,44,,47959820.00,0,,0,,5,37562.04,472,402.20,18854,30.46,301445,5.93,0,,0,,77,3046.00,1461,100.00,10519,10.00,24786,5.00
23,2016-02-23,2,14,58,74,80,82,86,10,,48880307.00,0,,0,,1,152027.49,420,366.80,16006,29.07,263059,5.50,0,,1,36680.00,93,2907.00,1635,100.00,10787,10.00,24173,5.00
24,2016-02-25,14,33,52,67,71,81,80,35,,49734263.00,0,,0,,4,37333.85,385,393.15,15222,30.03,245155,5.80,0,,2,39315.00,56,3003.00,1216,100.00,7897,10.00,18325,5.00
25,2016-02-27,19,22,28,48,49,85,78,52,,50742582.00,0,,0,,3,62533.69,589,321.95,23737,24.17,368430,5.00,0,,0,,103,2417.00,1840,100.00,11559,10.00,23855,5.00
26,2016-03-01,15,20,25,30,45,55,73,24,,51684284.00,0,,0,,18,8734.82,1249,126.91,25160,19.09,311125,5.00,0,,6,12691.00,127,1909.00,1626,100.00,9873,10.00,21696,5.00
27,2016-03-03,8,16,29,49,56,62,44,13,,52572898.00,0,,0,,6,25959.81,501,313.47,19352,24.59,303267,5.00,0,,1,31347.00,133,2459.00,2064,100.00,12954,10.00,28820,5.00
28,2016-03-05,6,8,68,77,80,86,27,39,,53612895.00,0,,0,,28,6887.44,894,217.15,25794,22.83,383277,5.00,0,,4,21715.00,129,2283.00,1754,100.00,11347,10.00,24171,5.00
29,2016-03-08,8,27,32,51,52,89,49,24,,54566856.00,0,,0,,3,52741.86,526,303.26,18317,26.39,292446,5.15,0,,3,30326.00,89,2639.00,1512,100.00,9304,10.00,20219,5.00
30,2016-03-10,9,16,18,22,65,71,84,50,,55457062.00,0,,0,,4,38942.47,671,234.07,23160,20.55,333460,5.00,0,,1,23407.00,100,2055.00,1444,100.00,9193,10.00,18204,5.00
31,2016-03-12,29,37,52,67,80,82,68,81,,56502493.00,0,,0,,4,48538.88,1989,98.26,17837,33.24,302714,6.10,0,,5,9826.00,83,3324.00,1409,100.00,10044,10.00,25098,5.00
32,2016-03-15,2,4,17,19,38,56,80,23,,57457602.00,0,,0,,14,11286.74,1095,145.48,32198,14.99,401496,5.00,0,,4,14548.00,215,1499.00,2718,100.00,14023,10.00,25797,5.00
33,2016-03-17,1,12,65,67,76,86,89,8,,58342970.00,0,,0,,4,38670.29,408,382.28,17541,26.94,290886,5.06,0,,3,38228.00,82,2694.00,1832,100.00,12428,10.00,27397,5.00
34,2016-03-19,18,41,51,56,72,76,68,61,,59369624.00,0,,0,,3,63343.30,480,398.58,18082,32.09,298140,6.07,0,,1,39858.00,92,3209.00,1234,100.00,8418,10.00,21146,5.00
35,2016-03-22,17,31,32,43,59,71,2,50,,60307842.00,0,,0,,2,77739.14,358,437.90,15519,30.61,251219,5.89,0,,1,43790.00,62,3061.00,1180,100.00,7795,10.00,19272,5.00
36,2016-03-24,14,24,26,57,67,89,28,5,,61188275.00,0,,1,478019.88,0,,402,515.44,16662,31.41,267894,5.68,0,,0,,118,3141.00,1563,100.00,11182,10.00,26086,5.00
37,2016-03-26,28,43,67,68,72,79,18,60,,61994393.00,0,,0,,8,24322.52,484,404.69,18419,32.26,300130,6.17,0,,2,40469.00,71,3226.00,1421,100.00,9020,10.00,21811,5.00
38,2016-03-29,29,55,65,71,73,77,5,2,,62877809.00,0,,0,,6,23425.09,388,365.57,14984,28.67,236608,5.65,0,,2,36557.00,45,2867.00,1039,100.00,7353,10.00,17602,5.00
39,2016-03-31,17,28,63,78,84,88,34,39,,63725280.00,0,,0,,2,76028.74,425,360.82,16542,28.09,265159,5.46,0,,1,36082.00,114,2809.00,1394,100.00,8074,10.00,19057,5.00
40,2016-04-02,2,24,65,75,81,88,6,79,,64762484.00,0,,0,,2,96778.21,438,444.91,20005,29.55,344758,5.34,1,2419455.25,1,44491.00,79,2955.00,1521,100.00,9817,10.00,21266,5.00
41,2016-04-05,12,23,28,32,42,85,31,62,,65722568.00,0,,0,,1,159438.81,426,377.36,18735,26.00,296626,5.11,0,,1,37736.00,97,2600.00,1286,100.00,7740,10.00,17825,5.00
42,2016-04-07,38,42,45,59,66,87,5,26,,66619213.00,0,,0,,5,31374.24,456,346.90,14862,32.25,229948,6.49,0,,0,,63,3225.00,1148,100.00,9222,10.00,22966,5.00
43,2016-04-09,2,5,12,33,54,59,18,89,,67675766.00,0,,0,,4,49107.16,925,213.77,32909,18.23,449655,5.00,0,,7,21377.00,167,1823.00,1957,100.00,10613,10.00,21573,5.00
44,2016-04-12,34,50,55,72,79,89,1,3,,68637936.00,0,,0,,4,39717.37,335,478.17,14410,33.69,239799,6.30,0,,2,47817.00,80,3369.00,1329,100.00,9645,10.00,24997,5.00
45,2016-04-14,1,2,6,42,67,83,80,11,,69526381.00,0,,0,,4,38776.09,567,275.87,26228,18.07,340670,5.00,0,,7,27587.00,252,1807.00,2979,100.00,16198,10.00,30080,5.00
46,2016-04-16,8,12,23,58,86,89,62,36,,70562887.00,0,,0,,6,32041.66,877,220.71,30193,19.44,417293,5.00,0,,4,22071.00,129,1944.00,2204,100.00,12621,10.00,26215,5.00
47,2016-04-19,14,30,61,86,88,90,89,60,,71512708.00,0,,0,,0,,435,485.63,18740,28.47,285435,5.43,0,,2,48563.00,76,2847.00,1261,100.00,7626,10.00,16175,5.00
48,2016-04-21,1,15,30,50,54,62,71,82,,72397427.00,0,,0,,8,19341.95,532,293.33,18579,25.45,290026,5.08,0,,5,29333.00,72,2545.00,1144,100.00,7516,10.00,16708,5.00
49,2016-04-23,10,11,15,33,79,83,27,27,,73432070.00,0,,0,,7,27419.71,762,253.61,27947,20.97,412422,5.00,0,,3,25361.00,144,2097.00,2193,100.00,13701,10.00,27155,5.00
50,2016-04-26,38,49,51,59,77,90,35,10,,74343860.00,0,,0,,3,49462.06,419,357.28,16385,27.68,255800,5.52,0,,3,35728.00,102,2768.00,1454,100.00,10017,10.00,23435,5.00
51,2016-04-28,10,11,24,30,48,63,7,41,,75217639.00,0,,0,,23,6760.03,914,171.55,25430,18.68,347068,5.00,0,,2,17155.00,103,1868.00,1356,100.00,8186,10.00,17261,5.00
52,2016-04-30,22,38,47,51,61,85,87,48,,76257958.00,0,,0,,3,64343.20,398,488.30,16836,35.02,293774,6.25,0,,2,48830.00,98,3502.00,1574,100.00,11578,10.00,27248,5.00
53,2016-05-03,14,29,58,72,75,85,71,77,,77230838.00,0,,0,,3,54241.52,369,444.47,15329,32.43,260343,5.95,0,,7,44447.00,92,3243.00,1367,100.00,9911,10.00,23575,5.00
54,2016-05-05,7,20,25,32,75,90,12,84,,78145351.00,0,,0,,3,53318.89,630,255.93,23567,20.73,346823,5.00,0,,3,25593.00,97,2073.00,1372,100.00,8130,10.00,16651,5.00
55,2016-05-07,3,32,34,36,82,87,12,1,,79203447.00,0,,0,,2,97824.20,426,462.28,18828,31.73,317296,5.87,0,,2,46228.00,89,3173.00,1607,100.00,11900,10.00,27846,5.00
56,2016-05-10,25,26,49,54,55,66,16,50,,80177620.00,0,,0,,1,162058.13,446,366.24,17665,28.03,284255,5.42,0,,3,36624.00,102,2803.00,1348,100.00,8852,10.00,21035,5.00
57,2016-05-12,10,25,52,54,59,84,42,52,,81100129.00,0,,0,,1,162135.82,498,328.15,20118,24.62,296919,5.20,0,,4,32815.00,131,2462.00,1618,100.00,9452,10.00,19351,5.00
58,2016-05-14,11,19,56,72,73,75,90,68,,82181042.00,0,,0,,4,50085.48,698,288.86,27312,22.40,409496,5.00,0,,2,28886.00,92,2240.00,1616,100.00,11021,10.00,22880,5.00
59,2016-05-17,1,10,19,44,68,74,56,81,,83178134.00,0,,0,,7,23691.02,861,194.10,29804,17.00,393046,5.00,0,,2,19410.00,123,1700.00,1432,100.00,8832,10.00,16932,5.00
60,2016-05-19,15,39,54,62,71,74,60,30,,84109843.00,0,,0,,3,54314.86,392,418.95,15008,33.17,258659,5.99,0,,11,41895.00,200,3317.00,3097,100.00,21874,10.00,54432,5.00
61,2016-05-21,9,11,20,35,66,68,90,68,,85188610.00,0,,0,,6,33253.66,893,224.86,32958,18.48,449416,5.00,0,,5,22486.00,183,1848.00,2070,100.00,10968,10.00,20397,5.00
62,2016-05-24,14,16,45,47,48,86,23,45,,86185866.00,0,,0,,1,166182.99,441,379.74,17102,29.68,281999,5.61,0,,5,37974.00,135,2968.00,1630,100.00,10021,10.00,19987,5.00
63,2016-05-26,1,32,34,58,64,86,52,58,,87115274.00,0,,0,,5,32452.02,328,498.61,14416,34.39,249488,6.19,0,,1,49861.00,82,3439.00,1595,100.00,9958,10.00,20420,5.00
64,2016-05-28,3,5,12,17,44,51,18,39,,88185428.00,0,,0,,24,8237.44,1307,152.24,43045,14.02,529954,5.00,0,,4,15224.00,146,1402.00,2242,100.00,12417,10.00,22494,5.00
65,2016-05-31,8,18,33,41,62,71,1,42,,89179392.00,0,,0,,4,41517.34,508,329.43,19899,25.49,310743,5.08,0,,1,32943.00,90,2549.00,1236,100.00,8466,10.00,19311,5.00
66,2016-06-04,8,10,18,64,85,87,3,40,,90391593.00,0,,0,,12,19213.58,970,240.13,32893,21.43,487499,5.00,0,,9,24013.00,187,2143.00,2247,100.00,13059,10.00,28111,5.00
67,2016-06-06,3,54,56,57,75,90,1,62,,91192895.00,0,,0,,3,35762.70,336,326.34,13017,25.30,211999,5.00,0,,2,32634.00,36,2530.00,744,100.00,5198,10.00,10079,5.00
68,2016-06-07,24,29,45,63,65,70,8,59,,91941362.00,0,,1,435145.15,1,140585.36,356,401.54,13810,31.19,230608,5.80,1,3514634.00,3,40154.00,56,3119.00,1023,100.00,6869,10.00,15488,5.00
69,2016-06-09,9,14,61,76,80,83,44,52,,92616618.00,0,,0,,1,162992.82,409,404.29,16235,30.74,279018,5.56,0,,2,40429.00,79,3074.00,1314,100.00,8327,10.00,19854,5.00
70,2016-06-11,27,30,34,40,52,68,50,51,,93698219.00,0,,1,619629.74,3,66729.36,483,419.36,20132,30.42,325736,5.85,0,,1,41936.00,90,3042.00,1500,100.00,10928,10.00,25487,5.00
71,2016-06-14,25,31,33,42,58,86,3,43,,94394204.00,0,,0,,3,55998.79,367,464.19,15740,32.67,261107,6.12,0,,1,46419.00,55,3267.00,1210,100.00,8135,10.00,19491,5.00
72,2016-06-16,18,19,29,47,59,68,21,53,,95335887.00,0,,0,,6,27424.26,535,311.97,21340,23.60,314809,5.00,0,,1,31197.00,93,2360.00,1514,100.00,9523,10.00,20946,5.00
73,2016-06-18,24,25,45,51,52,63,19,5,,96416516.00,0,,0,,3,66457.83,528,382.07,20443,29.83,329775,5.75,0,,3,38207.00,91,2983.00,1885,100.00,13545,10.00,31953,5.00
74,2016-06-21,4,30,31,45,49,85,11,67,,97417930.00,0,,0,,4,41810.47,428,396.27,16540,30.95,286769,5.55,0,,1,39627.00,70,3095.00,1354,100.00,9097,10.00,21214,5.00
75,2016-06-23,17,18,25,43,66,87,1,57,,98355327.00,0,,0,,5,32758.59,559,297.23,20081,24.97,299757,5.20,0,,2,29723.00,90,2497.00,1360,100.00,9432,10.00,19562,5.00
76,2016-06-25,11,14,44,54,85,87,35,46,,99422944.00,0,,1,608256.01,5,39302.70,552,360.28,22276,26.99,360632,5.18,0,,3,36028.00,104,2699.00,1667,100.00,11020,10.00,23600,5.00
77,2016-06-28,5,23,44,59,60,83,50,42,,100150010.00,0,,0,,12,14624.90,506,351.50,19547,27.48,306449,5.45,0,,2,35150.00,107,2748.00,1331,100.00,8506,10.00,18927,5.00
78,2016-06-30,30,31,32,34,50,51,75,24,,101191982.00,0,,0,,12,15495.89,488,385.88,15557,36.57,275364,6.43,0,,3,38588.00,88,3657.00,1359,100.00,10649,10.00,26002,5.00
79,2016-07-02,8,9,22,43,50,56,20,39,,102420427.00,0,,0,,11,20641.55,794,288.66,32348,21.45,485168,5.00,0,,3,28866.00,183,2145.00,2362,100.00,13571,10.00,26812,5.00
80,2016-07-05,22,26,43,50,59,65,20,35,,103545711.00,0,,0,,8,23350.03,464,407.21,18676,30.59,298495,5.96,0,,0,,85,3059.00,1273,100.00,9201,10.00,22832,5.00
81,2016-07-07,1,4,32,59,70,86,89,40,,104585154.00,0,,0,,5,36223.64,439,417.45,18980,29.19,332080,5.19,0,,4,41745.00,96,2919.00,1433,100.00,9835,10.00,20973,5.00
82,2016-07-09,12,34,44,45,53,68,81,82,,105763705.00,0,,0,,4,54204.72,566,386.86,22162,29.91,363688,5.67,0,,2,38686.00,98,2991.00,1475,100.00,10487,10.00,23550,5.00
83,2016-07-12,1,41,59,63,81,85,74,30,,106860925.00,0,,0,,5,36770.13,497,374.23,18803,29.91,297941,5.87,0,,3,37423.00,117,2991.00,1560,100.00,11511,10.00,25240,5.00
84,2016-07-14,38,56,61,67,72,82,87,60,,107939438.00,0,,1,593205.05,1,191650.86,441,439.44,17674,33.16,286715,6.36,0,,1,43944.00,86,3316.00,1322,100.00,8876,10.00,21588,5.00
85,2016-07-16,26,37,43,67,75,78,10,67,,108893914.00,0,,0,,5,46078.17,631,368.52,23293,30.23,360760,6.08,0,,2,36852.00,89,3023.00,1944,100.00,11732,10.00,26382,5.00
86,2016-07-19,4,10,28,29,48,52,3,80,,110046670.00,0,,1,594861.15,12,16015.50,1007,192.98,31783,18.49,428849,5.00,0,,6,19298.00,140,1849.00,1854,100.00,10673,10.00,22234,5.00
87,2016-07-21,19,27,35,56,60,89,47,45,,110825808.00,0,,0,,6,31344.64,659,288.64,22206,25.90,340358,5.26,0,,1,28864.00,116,2590.00,1576,100.00,10601,10.00,22331,5.00
88,2016-07-23,1,30,42,61,76,88,71,52,,112048978.00,0,,0,,8,28124.07,439,517.39,22437,30.65,371316,5.77,0,,0,,106,3065.00,1737,100.00,11858,10.00,28205,5.00
89,2016-07-26,4,13,15,18,72,76,69,8,,113200795.00,0,,0,,7,27710.87,782,250.79,27155,21.84,401664,5.00,0,,4,25079.00,181,2184.00,2806,100.00,15593,10.00,30054,5.00
90,2016-07-28,29,37,38,61,63,85,59,48,,114291067.00,0,,0,,2,95353.36,408,472.67,16825,34.67,280812,6.46,0,,6,47267.00,118,3467.00,1720,100.00,10848,10.00,28132,5.00
91,2016-07-30,15,22,26,45,48,82,64,70,,115554877.00,0,,0,,6,38969.41,640,368.69,25342,28.20,415706,5.35,0,,5,36869.00,116,2820.00,2132,100.00,12562,10.00,29550,5.00
92,2016-08-02,34,54,57,84,89,90,44,48,,116774179.00,0,,0,,7,29567.04,647,322.99,23742,26.65,362584,5.43,0,,2,32299.00,123,2665.00,1909,100.00,12076,10.00,27699,5.00
93,2016-08-04,25,37,40,61,65,77,23,32,,117960118.00,0,,0,,4,52236.26,479,440.39,18312,34.88,320289,6.21,0,,2,44039.00,85,3488.00,1541,100.00,10656,10.00,24938,5.00
94,2016-08-06,23,34,58,61,71,77,53,18,,119296571.00,0,,0,,7,34933.98,547,450.71,22763,32.82,381694,6.10,0,,3,45071.00,143,3282.00,2307,100.00,16383,10.00,41213,5.00
95,2016-08-09,12,27,34,76,77,85,78,52,,120541677.00,0,,0,,3,69730.79,570,370.52,22260,28.73,366344,5.43,0,,3,37052.00,119,2873.00,1711,100.00,11755,10.00,25862,5.00
96,2016-08-11,31,65,78,85,89,90,34,80,,121719239.00,0,,0,,5,41218.51,538,386.80,21675,29.07,342067,5.73,0,,3,38680.00,100,2907.00,1604,100.00,10370,10.00,23778,5.00
97,2016-08-13,2,25,43,72,87,89,74,47,,123024170.00,0,,1,736650.72,7,33999.27,634,378.55,25454,28.57,421292,5.38,0,,1,37855.00,150,2857.00,2231,100.00,13865,10.00,31000,5.00
98,2016-08-16,9,12,18,63,64,73,88,76,,123803707.00,0,,0,,14,13440.30,678,280.48,26606,21.62,396547,5.00,0,,1,28048.00,157,2162.00,1710,100.00,10261,10.00,20328,5.00
99,2016-08-18,8,39,59,65,82,83,41,60,,124933250.00,0,,0,,4,50589.31,499,409.54,20924,29.56,350358,5.50,0,,6,40954.00,83,2956.00,1382,100.00,9861,10.00,21599,5.00
100,2016-08-20,10,29,35,44,49,65,50,57,,126249443.00,0,,0,,7,34586.92,684,356.89,25539,28.96,429221,5.37,0,,3,35689.00,107,2896.00,1827,100.00,12222,10.00,28552,5.00
101,2016-08-23,4,28,48,67,68,84,2,23,,127526885.00,0,,0,,4,54476.36,775,283.75,27408,24.30,389655,5.32,0,,6,28375.00,183,2430.00,2550,100.00,17315,10.00,40480,5.00
102,2016-08-25,16,28,40,43,57,61,8,5,,128737921.00,0,,1,652839.95,5,42183.51,385,553.04,18614,34.64,324284,6.19,0,,3,55304.00,101,3464.00,1881,100.00,13614,10.00,34453,5.00
103,2016-08-27,1,32,37,54,66,81,90,47,,129749543.00,0,,0,,3,81394.87,644,382.28,24480,30.48,415954,5.59,0,,2,38228.00,105,3048.00,1898,100.00,13366,10.00,30627,5.00
104,2016-08-30,6,9,17,47,66,86,21,49,,131024032.00,0,,0,,6,36069.51,1059,206.25,38429,17.21,498682,5.00,0,,2,20625.00,269,1721.00,3111,100.00,18354,10.00,34619,5.00
105,2016-09-01,4,18,43,60,69,85,87,63,,132262368.00,0,,0,,7,31151.88,523,420.37,22950,29.03,384946,5.39,0,,3,42037.00,86,2903.00,1693,100.00,11564,10.00,25773,5.00
106,2016-09-03,4,29,35,46,82,85,13,41,,133662848.00,0,,0,,7,36655.22,665,388.54,25420,30.83,428177,5.70,0,,2,38854.00,96,3083.00,1835,100.00,12915,10.00,29477,5.00
107,2016-09-06,7,30,34,61,84,88,25,27,,134973867.00,0,,0,,8,27575.19,602,369.42,23366,28.84,387030,5.42,1,689379.75,2,36942.00,129,2884.00,2156,100.00,14564,10.00,31762,5.00
108,2016-09-08,6,12,47,51,60,79,54,67,,136213586.00,0,,0,,9,24092.68,667,327.77,26028,25.45,418894,5.00,0,,0,,109,2545.00,1826,100.00,12178,10.00,25107,5.00
109,2016-09-10,9,13,16,49,64,65,58,81,,137611923.00,0,,0,,7,36646.90,815,316.95,33506,23.38,520537,5.00,0,,1,31695.00,108,2338.00,1994,100.00,13385,10.00,28392,5.00
110,2016-09-13,9,22,48,66,68,83,62,48,,138920256.00,0,,0,,2,109987.49,687,322.80,27600,24.35,425302,5.00,0,,9,32280.00,235,2435.00,2699,100.00,14833,10.00,28403,5.00
111,2016-09-15,14,18,30,48,53,86,71,31,,140152660.00,0,,0,,6,35883.74,611,355.31,23729,27.72,375976,5.45,0,,2,35531.00,108,2772.00,1777,100.00,11815,10.00,27056,5.00
112,2016-09-17,2,4,10,59,68,88,58,31,,141556049.00,0,,0,,10,25832.01,1266,205.46,44980,17.54,590672,5.00,0,,5,20546.00,179,1754.00,2505,100.00,13536,10.00,28271,5.00
113,2016-09-20,45,46,48,52,77,78,21,36,,142860268.00,0,,0,,5,43662.49,498,441.97,21147,31.54,338961,6.13,0,,4,44197.00,95,3154.00,1722,100.00,11260,10.00,28107,5.00
114,2016-09-22,4,11,34,49,55,83,85,14,,144082347.00,0,,0,,6,35571.86,776,277.35,28891,22.57,434891,5.00,0,,4,27735.00,146,2257.00,2359,100.00,14355,10.00,29301,5.00
115,2016-09-24,3,16,22,31,45,56,37,12,,145476897.00,0,,0,,9,28542.85,816,317.00,33491,23.42,507761,5.00,0,,5,31700.00,195,2342.00,3000,100.00,18905,10.00,37703,5.00
116,2016-09-27,36,41,55,81,83,85,51,7,,146767370.00,0,,0,,6,35921.75,608,357.43,24183,27.23,340120,6.03,0,,3,35743.00,172,2723.00,2555,100.00,16811,10.00,45088,5.00
117,2016-09-29,11,40,41,44,67,70,68,90,,147975397.00,0,,0,,7,30154.06,768,277.17,24831,25.97,367716,5.46,0,,3,27717.00,206,2597.00,3001,100.00,18953,10.00,45019,5.00
118,2016-10-01,18,19,57,74,80,82,29,89,,149382908.00,0,,0,,6,43482.16,684,384.85,28822,27.66,478468,5.19,0,,4,38485.00,128,2766.00,2183,100.00,14097,10.00,29132,5.00
119,2016-10-04,47,49,67,80,84,85,21,26,,150704180.00,0,,0,,2,110733.86,421,531.62,20182,33.55,340438,6.19,0,,1,53162.00,99,3355.00,1649,100.00,12641,10.00,29843,5.00
120,2016-10-06,2,12,26,52,59,80,16,4,,151943458.00,0,,0,,13,16646.45,873,250.57,30171,21.93,431299,5.00,0,,2,25057.00,179,2193.00,2614,100.00,15219,10.00,30712,5.00
121,2016-10-08,18,25,37,47,62,87,74,51,,153369373.00,0,,0,,6,43890.99,768,345.95,29279,27.49,446196,5.62,0,,15,34595.00,172,2749.00,2247,100.00,14351,10.00,33748,5.00
122,2016-10-11,11,12,17,53,71,76,90,62,,154685474.00,0,,0,,11,19936.66,929,238.58,34706,19.32,487817,5.00,0,,2,23858.00,123,1932.00,1776,100.00,10607,10.00,21953,5.00
123,2016-10-13,4,34,39,60,61,77,85,58,,155919645.00,0,,0,,8,26997.45,521,419.05,21690,30.45,351025,5.85,0,,3,41905.00,91,3045.00,1782,100.00,11355,10.00,25991,5.00
124,2016-10-15,4,7,36,72,78,81,20,40,,157345297.00,0,,0,,9,29271.23,823,322.94,33130,24.30,519300,5.00,0,,5,32294.00,165,2430.00,2286,100.00,14516,10.00,30626,5.00
125,2016-10-18,24,44,48,61,73,87,88,24,,158662132.00,0,,0,,8,27430.61,546,406.21,19502,34.41,331955,6.29,0,,2,40621.00,124,3441.00,2430,100.00,13886,10.00,28228,5.00
126,2016-10-20,2,43,65,66,67,90,44,27,,159888757.00,0,,1,662707.03,12,17842.12,631,343.02,24351,26.89,393716,5.17,0,,1,34302.00,123,2689.00,2077,100.00,14323,10.00,29788,5.00
127,2016-10-22,1,6,45,48,64,78,33,32,,160992808.00,0,,0,,6,44415.83,746,360.37,31250,26.06,512028,5.00,0,,2,36037.00,109,2606.00,2021,100.00,12927,10.00,28147,5.00
128,2016-10-25,4,40,54,65,83,85,73,82,,162312195.00,0,,0,,1,218919.93,582,380.18,23025,29.07,374936,5.56,0,,1,38018.00,115,2907.00,1544,100.00,10413,10.00,23559,5.00
129,2016-10-27,3,12,23,71,76,83,56,35,,163538706.00,1,163538706.00,0,,15,14284.93,901,240.42,31623,20.72,455861,5.00,0,,3,24042.00,143,2072.00,2051,100.00,11971,10.00,24977,5.00
130,2016-10-29,1,7,13,17,40,49,80,46,,40608616.00,0,,0,,21,9992.31,1915,110.80,49591,12.94,528410,4.50,0,,5,11080.00,162,1294.00,2354,100.00,12263,10.00,23334,5.00
131,2016-10-31,3,14,18,25,47,75,72,13,,41424541.00,0,,0,,7,16937.04,529,228.55,17697,20.54,250457,5.00,0,,1,22855.00,123,2054.00,1773,100.00,10234,10.00,20877,5.00
132,2016-11-03,21,35,56,66,68,79,15,77,,42400875.00,0,,0,,10,19137.76,490,395.67,18988,30.84,304578,5.98,0,,3,39567.00,77,3084.00,1428,100.00,10346,10.00,25693,5.00
133,2016-11-05,21,22,26,35,47,85,18,83,,43595422.00,0,,0,,1,216847.44,487,450.41,22274,29.78,371006,5.56,0,,6,45041.00,75,2978.00,1672,100.00,10699,10.00,23664,5.00
134,2016-11-08,31,32,60,75,81,84,62,24,,44674027.00,0,,0,,5,35869.32,293,620.65,13797,39.79,249591,6.84,0,,1,62065.00,57,3979.00,1267,100.00,8854,10.00,24421,5.00
135,2016-11-10,26,41,50,55,69,86,47,50,,45673791.00,0,,0,,5,34865.02,527,335.54,18942,28.17,279198,5.94,0,,3,33554.00,111,2817.00,1865,100.00,10673,10.00,21803,5.00
136,2016-11-12,9,12,20,22,75,90,77,44,,46829315.00,0,,0,,15,14253.21,1786,121.11,49316,13.26,569398,5.00,0,,8,12111.00,198,1326.00,2627,100.00,13309,10.00,24780,5.00
137,2016-11-15,9,18,25,31,78,81,33,85,,47892793.00,0,,0,,10,17683.45,795,225.58,25461,21.26,356402,5.00,0,,5,22558.00,113,2126.00,1389,100.00,9017,10.00,19136,5.00
138,2016-11-17,2,20,23,41,44,59,29,38,,48881833.00,0,,0,,2,86337.50,443,395.44,19162,27.59,320608,5.12,0,,1,39544.00,85,2759.00,1436,100.00,9944,10.00,21943,5.00
139,2016-11-19,28,29,37,43,51,78,90,44,,50023320.00,0,,0,,3,70342.05,449,475.57,19512,33.08,328028,6.12,0,,3,47557.00,99,3308.00,1435,100.00,10187,10.00,24938,5.00
140,2016-11-22,8,21,44,77,80,86,62,51,,51063939.00,0,,0,,3,57450.78,604,289.49,20672,25.53,319188,5.14,0,,9,28949.00,104,2553.00,1426,100.00,9294,10.00,20606,5.00
141,2016-11-24,53,68,75,79,82,84,42,27,,52025072.00,0,,0,,6,27935.56,374,454.86,14549,35.28,242100,6.59,0,,0,,62,3528.00,1368,100.00,9612,10.00,25257,5.00
142,2016-11-26,41,42,44,47,68,69,80,5,,53145878.00,0,,0,,9,23102.79,733,287.08,22522,28.24,333687,5.93,0,,4,28708.00,124,2824.00,1771,100.00,12814,10.00,33608,5.00
143,2016-11-29,5,24,35,49,62,77,90,81,,54174268.00,0,,0,,3,56852.98,456,379.52,18890,27.64,301459,5.38,0,,1,37952.00,87,2764.00,1289,100.00,8684,10.00,18456,5.00
144,2016-12-01,11,20,31,56,63,72,28,48,,55151178.00,0,,0,,5,34418.25,545,383.32,20813,26.96,334217,5.00,0,,2,38332.00,90,2696.00,1782,100.00,11629,10.00,25569,5.00
145,2016-12-03,2,10,15,26,68,71,64,47,,56302102.00,0,,0,,22,9705.57,1241,201.72,37157,18.50,489726,5.00,0,,8,20172.00,170,1850.00,2456,100.00,13449,10.00,26591,5.00
146,2016-12-06,24,51,56,64,65,73,34,1,,57356910.00,0,,0,,1,174844.61,433,488.83,17189,33.14,274372,6.06,0,,2,48883.00,113,3314.00,1452,100.00,10008,10.00,26257,5.00
147,2016-12-10,54,65,66,68,70,85,52,29,,58589044.00,0,,0,,9,25788.47,688,390.86,22533,33.02,363625,6.07,0,,4,39086.00,142,3302.00,2019,100.00,13118,10.00,32540,5.00
148,2016-12-12,6,39,52,65,68,86,30,66,,59414761.00,0,,0,,3,37536.07,311,480.47,12404,30.63,191099,5.61,0,,1,48047.00,87,3063.00,1134,100.00,8152,10.00,18014,5.00
149,2016-12-13,17,21,35,48,60,76,23,80,,60192424.00,0,,0,,3,48548.50,365,499.90,13955,34.44,238129,5.82,0,,3,49990.00,43,3444.00,980,100.00,7427,10.00,16710,5.00
150,2016-12-15,9,30,31,53,67,86,42,74,,61117060.00,0,,0,,4,42195.07,418,491.86,18331,30.06,301496,5.33,0,,4,49186.00,122,3006.00,1407,100.00,9075,10.00,19947,5.00
151,2016-12-17,7,15,31,39,41,45,50,14,,62259715.00,0,,0,,3,70921.04,599,416.66,25084,27.31,389673,5.20,0,,3,41666.00,126,2731.00,1815,100.00,12703,10.00,27892,5.00
152,2016-12-20,10,11,29,47,58,73,43,69,,63306522.00,0,,0,,4,43229.30,629,333.89,24664,22.89,372876,5.00,0,,4,33389.00,122,2289.00,2078,100.00,12236,10.00,23821,5.00
153,2016-12-22,14,23,24,44,77,86,74,56,,64291738.00,0,,0,,3,57703.53,502,418.18,19346,29.17,307681,5.35,1,1442588.25,1,41818.00,83,2917.00,1597,100.00,10228,10.00,22924,5.00
154,2016-12-24,1,19,21,32,48,86,3,5,,65444838.00,0,,0,,6,35611.14,766,327.00,28906,23.80,440999,5.00,0,,4,32700.00,182,2380.00,2509,100.00,15983,10.00,31781,5.00
155,2016-12-27,13,25,30,57,58,64,14,75,,66453968.00,0,,0,,1,163765.07,461,435.10,16892,31.72,278107,5.60,0,,2,43510.00,70,3172.00,1169,100.00,8249,10.00,18917,5.00
156,2016-12-29,31,33,38,58,76,85,25,37,,67432359.00,0,,0,,1,174986.76,515,411.27,17409,32.74,265604,6.27,0,,1,41127.00,105,3274.00,1482,100.00,9858,10.00,25468,5.00
157,2016-12-31,12,14,18,22,28,33,66,16,,68615973.00,0,,0,,15,14688.75,1143,224.97,35009,20.23,491930,5.00,0,,11,22497.00,192,2023.00,3109,100.00,17214,10.00,33972,5.00
1,2017-01-03,9,12,27,32,45,77,3,64,,69689382.00,0,,0,,5,35358.21,778,229.28,28271,19.11,392758,5.00,0,,2,22928.00,101,1911.00,1682,100.00,9665,10.00,19538,5.00
2,2017-01-05,1,7,21,27,39,78,40,18,,70701056.00,0,,0,,7,25450.66,965,186.26,30639,17.77,413228,5.00,0,,3,18626.00,165,1777.00,2342,100.00,13138,10.00,26283,5.00
3,2017-01-07,2,8,62,79,81,88,32,35,,71751842.00,0,,0,,3,62361.98,677,278.69,26100,21.90,380775,5.00,0,,1,27869.00,95,2190.00,1470,100.00,9623,10.00,20850,5.00
4,2017-01-10,1,9,22,25,58,84,12,46,,72748532.00,0,,0,,7,24384.56,946,182.11,28790,18.12,393964,5.00,0,,2,18211.00,131,1812.00,1531,100.00,9604,10.00,19455,5.00
5,2017-01-12,14,16,30,34,52,73,28,44,,73709875.00,0,,0,,0,,411,549.80,16647,34.27,278533,5.95,0,,3,54980.00,64,3427.00,1306,100.00,8927,10.00,21312,5.00
6,2017-01-14,12,17,24,45,67,84,32,64,,74828235.00,0,,0,,5,41416.85,714,292.25,27464,23.03,422631,5.00,0,,1,29225.00,105,2303.00,1660,100.00,10279,10.00,21155,5.00
7,2017-01-17,16,44,49,57,60,81,51,78,,75855436.00,0,,0,,0,,351,652.52,14920,38.76,256697,6.55,0,,2,65252.00,79,3876.00,1142,100.00,8416,10.00,19250,5.00
8,2017-01-19,32,51,74,79,80,81,64,3,,76811831.00,0,,0,,7,23875.61,392,430.40,14763,34.60,239365,6.64,2,298445.13,7,43040.00,69,3460.00,1402,100.00,9369,10.00,25426,5.00
9,2017-01-21,6,55,63,68,76,80,37,21,,77920802.00,0,,0,,3,68416.47,401,515.80,19097,32.83,334672,5.84,0,,2,51580.00,121,3283.00,2032,100.00,13888,10.00,32294,5.00
10,2017-01-24,63,67,74,77,83,85,21,69,,78952851.00,0,,0,,4,43110.40,454,383.32,15850,33.25,264636,6.20,0,,4,38332.00,84,3325.00,1353,100.00,9762,10.00,24041,5.00
11,2017-01-26,43,48,49,51,60,75,29,70,,79926808.00,0,,0,,1,170675.34,314,548.61,14669,35.56,246806,6.58,0,,1,54861.00,75,3556.00,1124,100.00,8355,10.00,21386,5.00
12,2017-01-28,9,13,15,51,73,74,7,14,,81076857.00,0,,0,,7,30548.56,760,283.45,27837,23.46,430293,5.00,0,,2,28345.00,139,2346.00,2011,100.00,12647,10.00,25725,5.00
13,2017-01-31,14,15,16,43,49,77,8,86,,82132805.00,0,,1,541671.23,7,25000.22,454,388.96,18636,28.70,307275,5.42,0,,2,38896.00,75,2870.00,1180,100.00,8632,10.00,18320,5.00
14,2017-02-02,11,27,56,57,64,66,33,82,,82857363.00,0,,0,,1,174893.14,510,347.74,19868,26.95,326525,5.10,0,,4,34774.00,74,2695.00,1139,100.00,8529,10.00,18427,5.00
15,2017-02-04,13,18,34,51,62,81,20,67,,84019960.00,0,,0,,2,107646.64,573,380.01,23112,28.49,362090,5.66,0,,2,38001.00,91,2849.00,1643,100.00,11328,10.00,25243,5.00
16,2017-02-07,2,21,38,74,79,83,88,4,,85086355.00,0,,0,,4,44245.02,516,347.74,18749,28.89,305717,5.51,0,,5,34774.00,116,2889.00,1574,100.00,10890,10.00,23828,5.00
17,2017-02-09,18,25,35,38,45,75,20,44,,86086275.00,0,,0,,2,87623.36,646,275.08,18840,28.47,287349,5.80,0,,2,27508.00,89,2847.00,1349,100.00,9144,10.00,22638,5.00
18,2017-02-11,6,9,11,32,63,83,42,80,,87265657.00,0,,0,,11,19928.43,1138,194.78,38083,17.60,507833,5.00,0,,1,19478.00,133,1760.00,2116,100.00,11800,10.00,23027,5.00
19,2017-02-14,9,14,19,35,48,65,2,65,,88345376.00,0,,0,,10,17873.21,722,250.95,28410,19.25,401052,5.00,0,,4,25095.00,144,1925.00,1973,100.00,9968,10.00,18613,5.00
20,2017-02-16,13,17,26,33,60,78,69,30,,89343242.00,0,,0,,8,21762.07,593,297.73,22527,23.66,329954,5.02,0,,4,29773.00,102,2366.00,1525,100.00,9685,10.00,21276,5.00
21,2017-02-18,7,13,24,36,37,86,33,61,,90511520.00,0,,0,,6,36160.35,649,338.08,27199,24.40,426671,5.00,0,,4,33808.00,95,2440.00,1583,100.00,10382,10.00,22157,5.00
22,2017-02-21,4,22,36,60,66,90,11,49,,91577652.00,0,,0,,2,88146.57,623,286.91,24170,22.33,356867,5.00,0,,6,28691.00,125,2233.00,1906,100.00,12564,10.00,26068,5.00
23,2017-02-23,9,11,21,37,86,90,17,12,,92566713.00,0,,0,,17,10169.56,988,177.46,32622,16.22,429273,5.00,0,,6,17746.00,158,1622.00,2312,100.00,12325,10.00,22166,5.00
24,2017-02-25,11,17,40,69,84,85,82,62,,93720843.46,1,93720843.46,0,,1,214000.50,611,354.26,26293,24.89,426907,5.00,0,,2,35426.00,107,2489.00,1552,100.00,10116,10.00,20254,5.00
25,2017-02-28,19,22,44,45,71,76,3,87,,11798457.00,0,,0,,5,33094.14,622,269.98,20000,25.33,300864,5.23,0,,3,26998.00,89,2533.00,1205,100.00,8481,10.00,18368,5.00
26,2017-03-02,34,37,52,58,65,89,86,28,,12749524.00,0,,0,,1,167754.03,470,360.43,15572,32.93,251952,6.34,0,,4,36043.00,129,3293.00,1971,100.00,14634,10.00,32855,5.00
27,2017-03-04,2,11,26,51,64,87,37,37,,13866191.00,0,,0,,14,14776.70,768,271.51,28776,21.96,426469,5.00,0,,1,27151.00,149,2196.00,2079,100.00,12578,10.00,25229,5.00
28,2017-03-07,8,19,28,33,71,89,17,85,,14886989.00,0,,0,,7,24159.86,789,216.43,26899,19.22,376383,5.00,0,,4,21643.00,97,1922.00,1324,100.00,8070,10.00,16362,5.00
29,2017-03-09,4,17,39,40,50,58,15,52,,15834170.00,0,,0,,4,41363.36,449,372.16,20169,25.08,308323,5.11,0,,1,37216.00,100,2508.00,1496,100.00,9582,10.00,21048,5.00
30,2017-03-11,3,6,46,48,63,76,66,71,,16942492.00,0,,0,,5,41143.75,653,317.56,27297,23.02,409679,5.00,0,,2,31756.00,123,2302.00,1951,100.00,12139,10.00,25817,5.00
31,2017-03-14,16,21,53,74,79,80,27,10,,17957700.00,0,,0,,3,56067.07,429,395.92,16916,30.40,272231,5.88,0,,3,39592.00,117,3040.00,1642,100.00,12200,10.00,28869,5.00
32,2017-03-16,16,21,31,62,69,85,12,28,,18898529.00,0,,0,,0,,403,547.55,17029,32.70,276048,5.86,0,,2,54755.00,64,3270.00,1409,100.00,9656,10.00,21978,5.00
33,2017-03-18,14,41,60,74,79,80,18,79,,20001297.00,0,,0,,2,102411.47,433,476.84,17740,35.28,293141,6.65,0,,1,47684.00,70,3528.00,1510,100.00,9755,10.00,22659,5.00
34,2017-03-21,32,35,58,63,76,79,14,53,,21006389.00,0,,0,,3,55364.67,350,479.26,12740,39.86,219297,7.21,1,1384116.75,0,,70,3986.00,1160,100.00,9095,10.00,24265,5.00
35,2017-03-23,25,39,48,74,86,89,67,18,,21937997.00,0,,0,,8,20353.05,397,414.29,14926,33.35,254157,6.10,0,,3,41429.00,80,3335.00,1412,100.00,9978,10.00,25260,5.00
36,2017-03-25,3,50,60,64,85,86,58,76,,23024575.00,0,,0,,2,100726.07,363,559.50,18591,33.11,333497,5.75,0,,1,55950.00,85,3311.00,1313,100.00,9342,10.00,21282,5.00
37,2017-03-28,3,6,20,54,72,90,71,71,,24008209.00,0,,0,,8,20271.73,1113,147.19,34986,14.17,421898,5.00,0,,5,14719.00,113,1417.00,1756,100.00,9124,10.00,17466,5.00
38,2017-03-30,5,16,40,70,74,76,85,69,,24921480.00,0,,0,,3,53287.52,480,336.48,17981,27.18,286225,5.31,0,,0,,77,2718.00,1573,100.00,9767,10.00,22007,5.00
39,2017-04-01,8,46,68,70,76,86,39,66,,26003930.00,0,,0,,3,67187.41,524,429.09,21553,29.58,334322,5.74,0,,2,42909.00,104,2958.00,1579,100.00,10744,10.00,24251,5.00
40,2017-04-04,3,16,29,34,37,57,62,41,,27003911.00,0,,0,,4,41519.68,451,419.87,20007,26.46,312185,5.06,0,,0,,85,2646.00,1193,100.00,8095,10.00,18008,5.00
41,2017-04-06,15,16,21,24,53,89,31,15,,27934408.00,0,,0,,3,54187.27,473,392.91,19598,26.46,304404,5.08,0,,2,39291.00,141,2646.00,2069,100.00,11920,10.00,22907,5.00
42,2017-04-08,4,6,27,76,80,86,48,43,,29019104.00,0,,0,,7,28727.99,858,261.51,28427,22.37,417480,5.00,0,,3,26151.00,113,2237.00,1611,100.00,10041,10.00,21662,5.00
43,2017-04-11,5,57,59,69,81,86,77,83,,30015686.00,0,,0,,2,82716.21,409,461.41,17177,30.70,286960,5.49,0,,2,46141.00,88,3070.00,1187,100.00,7531,10.00,17493,5.00
44,2017-04-13,16,24,56,69,85,87,51,82,,30950228.00,0,,0,,6,27296.60,461,405.78,17385,30.05,278081,5.60,0,,0,,71,3005.00,1041,100.00,7572,10.00,17182,5.00
45,2017-04-15,6,20,35,36,55,59,52,31,,32345443.00,0,,0,,9,30621.55,752,397.44,29705,29.05,497310,5.27,1,765538.75,6,39744.00,174,2905.00,3081,100.00,20241,10.00,44193,5.00
46,2017-04-18,18,29,52,74,76,88,31,63,,33400354.00,0,,0,,3,50560.64,433,404.08,15496,31.33,253502,5.69,0,,0,,83,3133.00,1194,100.00,7728,10.00,17652,5.00
47,2017-04-20,3,14,52,67,72,82,61,20,,34306344.00,0,,0,,2,81012.31,459,403.72,19574,26.41,296173,5.21,0,,2,40372.00,102,2641.00,1734,100.00,12263,10.00,25401,5.00
48,2017-04-22,1,4,9,10,36,79,56,83,,35382387.00,0,,0,,24,8300.34,2015,110.41,53065,11.87,567113,5.00,0,,5,11041.00,156,1187.00,1842,100.00,10090,10.00,18485,5.00
49,2017-04-24,8,17,28,35,74,82,13,61,,36177706.00,0,,0,,4,29389.21,440,320.09,16024,23.81,235075,5.00,0,,2,32009.00,47,2381.00,878,100.00,5290,10.00,11490,5.00
50,2017-04-27,8,27,54,62,82,83,17,4,,37067502.00,0,,0,,6,28477.22,648,299.61,20080,27.09,311624,5.22,0,,4,29961.00,87,2709.00,1678,100.00,10557,10.00,22957,5.00
51,2017-04-29,8,14,25,41,79,84,85,70,,38162043.00,0,,0,,2,100185.78,593,377.16,24323,26.06,375428,5.08,0,,4,37716.00,101,2606.00,1628,100.00,10759,10.00,22748,5.00
52,2017-05-02,28,43,59,60,78,80,2,26,,39119743.00,0,,1,483839.46,1,156317.36,263,599.24,12233,39.04,214823,6.93,0,,1,59924.00,74,3904.00,1027,100.00,8110,10.00,21383,5.00
53,2017-05-04,15,20,33,39,65,75,7,71,,39796699.00,0,,0,,4,40850.78,475,346.70,17527,28.48,282404,5.51,0,,1,34670.00,79,2848.00,1394,100.00,8484,10.00,19657,5.00
54,2017-05-06,57,60,73,77,82,86,72,51,,40880431.00,0,,0,,5,40109.84,510,395.75,17527,34.94,298153,6.40,0,,5,39575.00,87,3494.00,1552,100.00,10608,10.00,25986,5.00
55,2017-05-09,3,25,63,70,75,78,65,13,,41875930.00,0,,0,,4,41343.77,424,393.06,18086,27.93,290594,5.41,0,,2,39306.00,123,2793.00,1933,100.00,12928,10.00,28514,5.00
56,2017-05-11,19,37,45,51,82,83,58,29,,42806345.00,0,,0,,2,81402.47,448,366.26,17623,28.22,278587,5.56,0,,2,36626.00,75,2822.00,1368,100.00,9790,10.00,22100,5.00
57,2017-05-13,4,15,21,22,44,77,54,84,,43891074.00,0,,0,,7,28716.19,859,235.50,31773,19.32,430688,5.00,0,,2,23550.00,113,1932.00,1552,100.00,9463,10.00,20043,5.00
58,2017-05-16,29,38,75,79,80,90,67,5,,44875567.00,0,,0,,7,23220.71,445,368.15,16297,30.47,275590,5.61,0,,3,36815.00,89,3047.00,1709,100.00,11797,10.00,27808,5.00
59,2017-05-18,1,19,47,61,70,87,37,60,,45787281.00,0,,0,,3,53116.08,614,261.61,21886,22.24,326408,5.00,0,,1,26161.00,74,2224.00,1323,100.00,8005,10.00,17023,5.00
60,2017-05-20,6,37,46,53,73,78,69,84,,46856145.00,0,,0,,2,99237.43,486,411.02,19614,30.90,317736,5.94,0,,1,41102.00,102,3090.00,1109,100.00,8403,10.00,19747,5.00
61,2017-05-23,10,18,23,34,61,75,35,79,,47828450.00,0,,0,,3,53517.13,453,357.25,18544,26.45,300348,5.09,0,,3,35725.00,48,2645.00,1154,100.00,7424,10.00,16352,5.00
62,2017-05-25,10,33,40,42,46,77,63,30,,48727495.00,0,,0,,0,,381,552.92,16225,32.80,265355,5.83,0,,0,,48,3280.00,1092,100.00,8181,10.00,18634,5.00
63,2017-05-27,16,34,57,64,65,78,49,47,,49774035.00,0,,0,,5,38790.17,402,485.65,17113,34.61,287023,6.43,0,,1,48565.00,69,3461.00,1450,100.00,10991,10.00,26772,5.00
64,2017-05-30,21,26,35,59,66,70,69,90,,50734434.00,0,,0,,9,17707.49,402,399.62,15880,30.66,259623,5.84,0,,6,39962.00,102,3066.00,1907,100.00,13748,10.00,32828,5.00
65,2017-06-01,7,15,27,37,56,58,32,18,,51655112.00,0,,0,,4,40674.72,548,312.27,21985,22.93,324674,5.00,1,1016868.00,4,31227.00,122,2293.00,1793,100.00,11289,10.00,23625,5.00
66,2017-06-03,2,22,36,77,83,90,47,64,,52681838.00,0,,0,,9,20783.58,699,279.65,26689,21.67,382749,5.00,0,,2,27965.00,96,2167.00,1415,100.00,9362,10.00,20133,5.00
67,2017-06-06,7,12,26,46,56,70,13,18,,53652711.00,0,,0,,6,27412.15,688,251.30,24697,20.63,346241,5.00,0,,4,25130.00,124,2063.00,1801,100.00,10907,10.00,22848,5.00
68,2017-06-08,11,28,32,48,54,59,73,19,,54578561.00,0,,0,,1,162039.91,498,342.30,19079,26.32,294875,5.23,0,,1,34230.00,138,2632.00,2072,100.00,13952,10.00,30372,5.00
69,2017-06-10,19,54,56,57,67,69,21,79,,55659566.00,0,,0,,3,66800.03,530,394.01,21679,28.56,360835,5.28,0,,1,39401.00,98,2856.00,1384,100.00,9084,10.00,20122,5.00
70,2017-06-13,41,50,69,71,77,81,26,49,,56656813.00,0,,0,,1,168852.64,535,325.75,18939,27.13,277456,5.69,0,,3,32575.00,83,2713.00,1576,100.00,10030,10.00,24025,5.00
71,2017-06-15,6,24,28,32,78,83,13,66,,57591197.00,0,,0,,4,40896.15,528,325.77,19129,26.50,292795,5.32,0,,0,,68,2650.00,1224,100.00,8197,10.00,18120,5.00
72,2017-06-17,45,48,71,75,80,83,40,17,,58671263.00,0,,0,,9,22177.39,561,370.80,19746,31.23,310853,6.11,0,,11,37080.00,188,3123.00,2855,100.00,20940,10.00,56742,5.00
73,2017-06-20,38,46,54,76,82,86,17,12,,59668870.00,0,,0,,8,20779.97,385,453.67,15883,32.42,245982,6.43,0,,1,45367.00,65,3242.00,1156,100.00,8521,10.00,23283,5.00
74,2017-06-22,9,18,24,42,59,71,69,4,,60598914.00,0,,0,,4,40598.10,580,294.51,20553,24.48,313606,5.00,0,,3,29451.00,108,2448.00,1516,100.00,9662,10.00,20009,5.00
75,2017-06-24,2,18,20,23,30,75,26,41,,61666628.00,0,,0,,9,21895.57,919,223.59,32014,19.02,430567,5.00,0,,4,22359.00,111,1902.00,1643,100.00,9451,10.00,19589,5.00
76,2017-06-27,9,14,62,64,78,82,24,41,,62657299.00,0,,0,,0,,414,553.40,16470,34.48,280923,5.80,0,,0,,63,3448.00,1054,100.00,7489,10.00,16857,5.00
77,2017-06-29,16,19,38,40,58,79,26,50,,63585226.00,0,,0,,6,27025.45,462,369.21,17135,29.33,279429,5.52,0,,0,,65,2933.00,1256,100.00,8931,10.00,20252,5.00
78,2017-07-01,15,20,45,59,81,85,72,80,,64686513.00,0,,0,,1,205253.72,523,396.14,21164,29.64,353358,5.53,0,,1,39614.00,99,2964.00,1645,100.00,10273,10.00,22598,5.00
79,2017-07-04,21,37,58,75,81,85,12,11,,65711270.00,0,,0,,7,24382.85,482,358.11,17547,29.75,272295,5.96,0,,7,35811.00,126,2975.00,1649,100.00,12286,10.00,31414,5.00
80,2017-07-06,36,37,46,48,51,74,54,19,,66660312.00,0,,0,,1,165319.18,369,453.25,14624,34.58,243288,6.47,0,,1,45325.00,71,3458.00,1354,100.00,10219,10.00,28355,5.00
81,2017-07-08,6,8,32,54,80,82,75,62,,67745303.00,0,,0,,4,50034.35,778,259.72,27270,22.43,402616,5.00,0,,1,25972.00,114,2243.00,1585,100.00,9216,10.00,19009,5.00
82,2017-07-11,6,12,38,42,49,83,53,42,,68749068.00,0,,0,,9,18613.79,600,282.42,21723,23.59,329746,5.00,0,,1,28242.00,100,2359.00,1652,100.00,8898,10.00,17414,5.00
83,2017-07-13,2,11,26,62,74,78,88,63,,69685929.00,0,,0,,8,20444.75,582,284.35,22730,22.01,326224,5.00,0,,0,,77,2201.00,1265,100.00,7941,10.00,16948,5.00
84,2017-07-15,27,37,44,47,73,86,68,50,,70766702.00,0,,0,,3,66592.38,661,305.15,23269,26.24,329302,5.77,0,,4,30515.00,82,2624.00,1432,100.00,9394,10.00,24155,5.00
85,2017-07-18,17,34,42,47,75,85,49,36,,71767858.00,0,,0,,0,,404,556.02,17361,32.63,282014,5.83,0,,0,,69,3263.00,1232,100.00,8791,10.00,19937,5.00
86,2017-07-20,22,32,45,60,61,80,67,46,,72698541.00,0,,0,,2,81125.86,362,453.54,12976,38.25,231540,6.67,0,,1,45354.00,54,3825.00,928,100.00,7562,10.00,20426,5.00
87,2017-07-22,6,22,26,33,51,88,68,87,,73761831.00,0,,0,,6,32674.17,642,308.37,25677,23.34,386237,5.00,0,,5,30837.00,107,2334.00,1402,100.00,9382,10.00,19801,5.00
88,2017-07-25,4,29,30,47,52,59,79,73,,74747503.00,0,,0,,9,18298.42,526,316.76,18869,26.70,301933,5.19,0,,3,31676.00,104,2670.00,1389,100.00,9011,10.00,19817,5.00
89,2017-07-27,5,15,52,60,77,84,28,10,,75673788.00,0,,0,,4,40516.34,477,343.80,18700,26.51,303306,5.08,0,,9,34380.00,127,2651.00,1896,100.00,11453,10.00,24654,5.00
90,2017-07-29,5,11,58,75,78,81,79,21,,76738477.00,0,,0,,4,49113.10,701,282.99,26195,22.92,393707,5.00,0,,1,28299.00,151,2292.00,1857,100.00,12540,10.00,26003,5.00
91,2017-08-01,1,8,28,54,82,90,5,25,,77735412.31,1,77735412.31,0,,14,11946.57,1503,112.00,39471,12.94,434342,5.00,0,,8,11200.00,219,1294.00,2582,100.00,12462,10.00,23885,5.00
92,2017-08-03,20,25,39,49,69,71,2,71,,16601346.00,0,,0,,5,30549.79,502,306.44,17916,26.04,276321,5.26,0,,6,30644.00,114,2604.00,1482,100.00,9212,10.00,16936,5.00
93,2017-08-05,14,19,50,69,75,90,67,18,,17598716.00,0,,0,,6,30613.85,702,263.20,25732,21.79,386200,5.00,0,,3,26320.00,124,2179.00,2021,100.00,12824,10.00,26178,5.00
94,2017-08-08,17,24,33,41,63,66,83,62,,18527799.00,0,,0,,3,51881.37,477,328.57,17743,26.79,276261,5.36,0,,5,32857.00,60,2679.00,1047,100.00,6600,10.00,15002,5.00
95,2017-08-10,3,5,24,41,48,80,71,30,,19398670.00,0,,0,,2,76033.64,538,284.67,21475,21.63,325629,5.00,0,,4,28467.00,79,2163.00,1379,100.00,8478,10.00,16220,5.00
96,2017-08-12,6,17,32,40,44,67,21,30,,20387788.00,0,,0,,11,16540.55,568,322.24,22331,24.87,340120,5.09,0,,0,,81,2487.00,1474,100.00,9071,10.00,20227,5.00
97,2017-08-14,34,44,46,47,64,88,72,83,,21132344.00,0,,0,,0,,227,661.18,10210,37.11,163253,6.74,0,,0,,61,3711.00,740,100.00,4580,10.00,11543,5.00
98,2017-08-17,22,28,46,52,69,86,68,47,,21945144.00,0,,0,,1,154446.49,460,338.11,15516,30.40,252599,5.82,0,,2,33811.00,78,3040.00,1217,100.00,8439,10.00,19598,5.00
99,2017-08-19,18,29,34,47,48,60,25,45,,22902289.00,0,,0,,3,57779.90,397,439.36,17066,31.01,286003,5.77,0,,1,43936.00,71,3101.00,1285,100.00,9024,10.00,21435,5.00
100,2017-08-22,34,46,50,52,67,86,58,23,,23808653.00,0,,0,,5,30804.82,319,486.24,13583,34.63,222941,6.57,0,,1,48624.00,66,3463.00,1361,100.00,10316,10.00,29423,5.00
101,2017-08-24,40,45,54,72,85,88,50,79,,24673026.00,0,,0,,1,151103.96,371,410.21,14938,30.90,236683,6.08,0,,1,41021.00,56,3090.00,1005,100.00,6501,10.00,15661,5.00
102,2017-08-26,28,29,36,54,55,68,8,53,,25654764.00,0,,0,,3,60174.83,485,374.45,18321,30.08,304454,5.64,0,,3,37445.00,101,3008.00,1456,100.00,10423,10.00,23557,5.00
103,2017-08-29,21,23,54,73,84,88,33,1,,26588889.00,0,,0,,2,79020.55,420,378.87,16902,28.56,272107,5.53,0,,0,,118,2856.00,1420,100.00,9397,10.00,22083,5.00
104,2017-08-31,5,29,32,33,72,89,70,26,,27479553.00,0,,0,,3,51983.18,384,408.94,16971,28.06,276828,5.36,0,,2,40894.00,75,2806.00,1265,100.00,9003,10.00,19375,5.00
105,2017-09-02,2,49,57,60,71,77,40,11,,28525951.00,0,,0,,4,48580.48,408,478.96,19525,30.38,334940,5.52,0,,1,47896.00,105,3038.00,2016,100.00,13446,10.00,30439,5.00
106,2017-09-05,7,12,66,68,73,76,59,44,,29504160.00,0,,0,,5,32705.58,605,272.10,21622,23.09,330247,5.00,0,,1,27210.00,123,2309.00,1599,100.00,9798,10.00,19375,5.00
107,2017-09-07,11,29,64,68,70,85,48,17,,30418228.00,0,,1,493841.79,1,159548.89,406,395.67,17285,28.19,285769,5.31,0,,7,39567.00,138,2819.00,2353,100.00,15691,10.00,34750,5.00
108,2017-09-09,29,39,49,56,83,85,11,73,,31228562.00,0,,0,,3,65199.30,576,341.48,21131,28.26,317268,5.87,0,,3,34148.00,91,2826.00,1361,100.00,8907,10.00,21334,5.00
109,2017-09-12,7,10,25,26,37,68,41,4,,32206830.00,0,,0,,5,32613.10,784,209.38,27091,18.38,379688,5.00,0,,3,20938.00,140,1838.00,1952,100.00,10455,10.00,19475,5.00
110,2017-09-14,18,25,29,30,33,69,38,89,,33123237.00,0,,0,,8,20035.81,528,305.64,19635,24.93,301857,5.05,0,,1,30564.00,87,2493.00,1275,100.00,7933,10.00,17663,5.00
111,2017-09-16,22,35,36,55,63,86,47,3,,34190974.00,0,,0,,4,49463.11,524,379.67,20207,29.89,315878,5.96,0,,1,37967.00,71,2989.00,1418,100.00,10579,10.00,27745,5.00
112,2017-09-19,38,45,46,55,65,73,53,64,,35176378.00,0,,0,,5,32789.16,446,370.04,15452,32.40,240058,6.50,0,,1,37004.00,73,3240.00,930,100.00,6905,10.00,17624,5.00
113,2017-09-21,13,16,27,48,67,77,8,45,,36094878.00,0,,0,,8,20057.88,580,278.55,21410,22.89,314215,5.00,0,,1,27855.00,80,2289.00,1286,100.00,8525,10.00,18106,5.00
114,2017-09-23,8,46,48,69,72,81,66,23,,37164430.00,0,,0,,8,24778.07,695,286.79,24811,24.39,367651,5.13,0,,4,28679.00,182,2439.00,2394,100.00,15480,10.00,33879,5.00
115,2017-09-26,13,18,19,46,58,60,57,10,,38148460.00,0,,0,,3,54491.74,404,407.35,18836,26.50,308226,5.05,0,,2,40735.00,98,2650.00,1820,100.00,11835,10.00,24340,5.00
116,2017-09-28,6,15,39,68,80,89,60,50,,39064214.00,0,,0,,4,39993.92,483,333.48,17825,27.41,288337,5.28,0,,0,,80,2741.00,1380,100.00,8733,10.00,18897,5.00
117,2017-09-30,7,12,21,22,39,90,71,45,,40140310.00,0,,0,,15,13332.43,1368,146.99,43338,14.08,518543,5.00,0,,5,14699.00,165,1408.00,2059,100.00,10750,10.00,20834,5.00
118,2017-10-03,6,21,38,48,79,90,35,23,,41141102.00,0,,0,,3,55620.94,654,285.27,23332,22.64,343245,5.00,0,,7,28527.00,130,2264.00,1932,100.00,12520,10.00,25510,5.00
119,2017-10-05,14,33,48,61,65,80,46,79,,42074785.00,0,,0,,2,81519.07,318,574.67,14143,36.52,247360,6.27,0,,2,57467.00,60,3652.00,972,100.00,7059,10.00,17135,5.00
120,2017-10-07,14,17,35,37,55,83,43,55,,43162551.00,0,,0,,4,50414.76,576,384.31,22188,28.58,364510,5.26,0,,10,38431.00,189,2858.00,2936,100.00,15838,10.00,30473,5.00
121,2017-10-10,4,26,52,65,66,72,1,87,,44160007.00,0,,1,512054.09,4,41358.22,585,316.47,19713,26.57,298983,5.26,0,,0,,63,2657.00,1098,100.00,7411,10.00,16747,5.00
122,2017-10-12,9,16,19,35,41,59,68,72,,44833631.00,0,,0,,1,162598.89,586,311.10,24078,21.39,347135,5.00,0,,12,31110.00,307,2139.00,4602,100.00,25334,10.00,50821,5.00
123,2017-10-14,2,13,50,75,85,90,44,1,,45919103.00,0,,0,,6,33544.94,809,273.14,28737,22.03,422364,5.00,0,,7,27314.00,172,2203.00,2232,100.00,12361,10.00,23383,5.00
124,2017-10-17,10,17,30,55,62,78,76,6,,46912423.00,0,,0,,7,23511.41,767,240.27,24084,21.64,345165,5.00,0,,2,24027.00,118,2164.00,1978,100.00,11698,10.00,23428,5.00
125,2017-10-19,16,17,58,66,71,72,12,57,,47833686.00,0,,0,,6,26815.48,408,442.64,16752,30.44,289050,5.30,0,,10,44264.00,94,3044.00,1332,100.00,8511,10.00,18409,5.00
126,2017-10-21,21,22,31,32,33,81,48,4,,48911764.00,0,,0,,20,10006.11,493,445.90,19999,31.48,336138,5.67,0,,2,44590.00,95,3148.00,1592,100.00,11013,10.00,25594,5.00
127,2017-10-24,6,45,47,61,74,80,32,61,,49893035.00,0,,0,,4,40525.05,374,486.11,16180,31.75,269227,5.73,0,,4,48611.00,66,3175.00,1151,100.00,7595,10.00,15677,5.00
128,2017-10-26,14,38,43,57,65,72,30,51,,50804115.00,0,,0,,1,159361.17,437,409.76,15495,32.61,241504,6.28,0,,0,,77,3261.00,1257,100.00,8516,10.00,19828,5.00
129,2017-10-28,7,11,17,28,32,79,80,41,,51874200.00,0,,0,,18,11042.50,1262,173.11,40527,15.43,493332,5.00,0,,4,17311.00,130,1543.00,1817,100.00,10364,10.00,20275,5.00
130,2017-10-31,19,24,35,69,80,89,62,89,,52880457.00,0,,0,,2,84319.18,450,418.54,19269,27.69,311457,5.15,0,,2,41854.00,85,2769.00,1545,100.00,8413,10.00,16465,5.00
131,2017-11-02,11,31,46,48,65,68,28,76,,53791438.00,0,,0,,8,19611.86,507,315.61,16879,28.51,276844,5.39,0,,4,31561.00,80,2851.00,1125,100.00,7299,10.00,15401,5.00
132,2017-11-04,6,7,8,38,45,78,26,55,,54880015.00,0,,1,631892.35,10,20414.99,743,278.96,32114,19.47,462539,5.00,0,,3,27896.00,137,1947.00,2176,100.00,13075,10.00,25124,5.00
133,2017-11-07,2,6,34,69,77,86,15,12,,55567277.00,0,,0,,6,27648.49,570,296.51,21969,23.15,344545,5.00,0,,8,29651.00,95,2315.00,1744,100.00,10782,10.00,21811,5.00
134,2017-11-09,8,12,41,42,46,51,67,73,,56506005.00,0,,0,,9,18290.98,470,356.89,19668,25.66,320216,5.00,0,,2,35689.00,91,2566.00,1252,100.00,8257,10.00,16863,5.00
135,2017-11-11,16,31,33,51,75,80,21,74,,57619513.00,0,,0,,6,34547.03,561,375.05,18740,33.87,322791,6.11,0,,2,37505.00,77,3387.00,1504,100.00,9879,10.00,23348,5.00
136,2017-11-14,1,11,40,45,46,57,60,59,,58630323.00,0,,1,515529.85,3,55518.60,450,377.06,19526,26.15,325676,5.00,0,,2,37706.00,77,2615.00,1343,100.00,8815,10.00,17983,5.00
137,2017-11-16,2,12,16,26,51,73,46,32,,59318179.00,0,,0,,11,15094.02,840,201.37,27838,18.28,366576,5.00,0,,2,20137.00,99,1828.00,1341,100.00,8381,10.00,17033,5.00
138,2017-11-18,3,16,24,27,44,88,80,1,,60443141.00,0,,0,,14,14965.59,912,233.15,31696,20.24,450436,5.00,0,,2,23315.00,117,2024.00,2080,100.00,12423,10.00,24957,5.00
139,2017-11-21,32,40,41,47,56,72,58,59,,61462970.00,0,,0,,1,167897.17,354,483.10,14058,36.62,240054,6.66,0,,0,,63,3662.00,884,100.00,6718,10.00,17689,5.00
140,2017-11-23,14,38,40,51,53,64,71,36,,62401225.00,0,,0,,0,,396,559.24,15014,37.08,248394,6.49,0,,2,55924.00,49,3708.00,1127,100.00,7703,10.00,18817,5.00
141,2017-11-25,16,20,22,42,54,62,52,6,,63501524.00,0,,0,,9,22712.96,590,351.76,22809,27.44,366027,5.31,0,,2,35176.00,130,2744.00,1672,100.00,11422,10.00,25382,5.00
142,2017-11-28,27,28,48,61,87,88,86,80,,64507381.00,0,,0,,5,33286.10,399,424.94,16085,31.72,277863,5.70,0,,1,42494.00,59,3172.00,1228,100.00,8311,10.00,19220,5.00
143,2017-11-30,5,17,19,33,43,63,15,3,,65443050.00,0,,0,,5,32735.73,691,241.39,27500,18.25,378196,5.00,0,,3,24139.00,160,1825.00,1931,100.00,10913,10.00,19414,5.00
144,2017-12-02,4,12,25,27,35,69,67,78,,66571761.00,0,,0,,7,30186.18,1136,188.75,36967,17.50,490988,5.00,0,,3,18875.00,152,1750.00,1820,100.00,10669,10.00,21765,5.00
145,2017-12-05,10,34,45,63,81,83,41,88,,67614812.00,0,,0,,1,172835.76,523,336.44,17868,29.65,286099,5.75,0,,4,33644.00,145,2965.00,2061,100.00,12846,10.00,28514,5.00
146,2017-12-07,14,15,65,68,82,85,42,88,,68594545.00,0,,0,,3,57307.42,365,479.58,16534,31.87,284152,5.76,0,,2,47958.00,76,3187.00,1501,100.00,10404,10.00,23494,5.00
147,2017-12-09,21,24,48,51,60,82,88,34,,69680674.00,0,,0,,7,28277.90,512,392.71,20044,30.25,322155,5.85,0,,6,39271.00,131,3025.00,1575,100.00,10210,10.00,24833,5.00
148,2017-12-12,2,30,44,52,58,69,76,64,,70702024.00,0,,0,,3,57529.23,458,383.65,16798,31.49,291407,5.64,0,,1,38365.00,67,3149.00,1197,100.00,8301,10.00,18272,5.00
149,2017-12-14,25,33,39,59,72,74,22,69,,71676588.00,0,,0,,1,170767.32,405,429.36,16054,32.61,270427,6.01,0,,4,42936.00,84,3261.00,1557,100.00,10597,10.00,25729,5.00
150,2017-12-16,3,7,53,65,66,73,11,65,,72818990.00,0,,0,,7,30279.97,706,304.65,28030,23.15,433172,5.00,0,,4,30465.00,134,2315.00,1930,100.00,11170,10.00,21319,5.00
151,2017-12-18,24,55,71,73,85,90,2,41,,73509308.00,0,,0,,1,87448.18,246,368.19,10425,25.86,159674,5.21,0,,0,,54,2586.00,621,100.00,3781,10.00,8630,5.00
152,2017-12-19,22,39,43,65,77,89,18,49,,74228333.00,0,,1,436088.56,6,23481.70,368,391.35,13703,31.56,223181,6.01,0,,3,39135.00,53,3156.00,1278,100.00,8855,10.00,21562,5.00
153,2017-12-21,12,25,50,59,67,88,24,22,,74944404.00,0,,1,534995.60,2,86422.37,570,308.72,21509,24.63,324649,5.07,0,,3,30872.00,146,2463.00,2174,100.00,14101,10.00,30111,5.00
154,2017-12-23,35,39,48,71,88,89,10,4,,76144443.00,0,,0,,15,19310.99,767,381.73,29347,30.18,470612,5.86,0,,3,38173.00,213,3018.00,3204,100.00,21283,10.00,51411,5.00
155,2017-12-28,10,28,33,43,50,80,34,21,,77425854.00,0,,0,,9,22344.23,553,369.30,22832,26.97,363268,5.27,0,,1,36930.00,127,2697.00,1904,100.00,13013,10.00,28267,5.00
156,2017-12-30,6,17,23,46,52,53,85,52,,78692679.00,0,,0,,5,46132.48,916,255.22,32480,21.73,490560,5.00,0,,11,25522.00,224,2173.00,2876,100.00,15220,10.00,27293,5.00
1,2018-01-02,1,19,26,44,61,89,84,64,,79759980.00,0,,0,,3,57152.45,621,280.69,24521,21.42,350605,5.00,0,,2,28069.00,94,2142.00,1380,100.00,8451,10.00,17533,5.00
2,2018-01-04,5,19,28,43,58,82,1,18,,80775781.00,0,,1,560681.71,14,12938.81,648,283.95,24650,22.51,361055,5.00,1,323470.25,1,28395.00,132,2251.00,2418,100.00,15084,10.00,32185,5.00
3,2018-01-08,15,18,24,33,48,64,58,31,,81617473.00,0,,0,,14,14511.93,651,316.47,24789,25.09,374141,5.17,0,,1,31647.00,101,2509.00,1551,100.00,10601,10.00,23967,5.00
4,2018-01-09,8,69,70,84,88,90,53,60,,82572349.00,0,,0,,11,14053.80,750,209.93,24929,19.01,342196,5.00,0,,3,20993.00,86,1901.00,1382,100.00,7730,10.00,15712,5.00
5,2018-01-11,3,25,28,37,71,82,75,36,,83536595.00,0,,0,,7,24999.89,603,294.95,22026,24.34,335812,5.00,0,,1,29495.00,113,2434.00,1577,100.00,9357,10.00,19565,5.00
6,2018-01-13,2,10,41,49,56,71,36,33,,84714837.00,0,,1,677949.79,10,21903.00,699,317.43,28686,23.36,430083,5.00,0,,10,31743.00,248,2336.00,4165,100.00,26212,10.00,53331,5.00
7,2018-01-16,9,29,51,53,74,76,28,12,,85459948.00,0,,0,,3,59951.49,650,281.09,24901,22.12,336336,5.09,0,,2,28109.00,101,2212.00,1696,100.00,11138,10.00,24892,5.00
8,2018-01-18,29,43,46,50,85,86,39,68,,86468483.00,0,,0,,0,,321,740.99,15635,38.29,261746,6.63,0,,2,74099.00,70,3829.00,1417,100.00,9517,10.00,22705,5.00
9,2018-01-20,27,48,50,74,76,84,19,61,,87654030.00,0,,0,,6,36720.88,521,428.37,21353,31.57,344520,6.09,0,,4,42837.00,96,3157.00,1394,100.00,9445,10.00,23316,5.00
10,2018-01-23,2,5,24,32,47,62,17,7,,88737605.00,0,,0,,4,44811.81,1098,165.85,23879,22.99,360543,5.00,0,,2,16585.00,181,2299.00,2532,100.00,14883,10.00,31799,5.00
11,2018-01-25,15,38,48,52,66,71,39,7,,89742840.00,0,,0,,1,175682.71,535,333.71,19501,27.60,291214,5.74,0,,1,33371.00,92,2760.00,1564,100.00,11867,10.00,29708,5.00
12,2018-01-27,5,24,68,72,78,85,32,12,,90928059.00,0,,0,,2,110229.40,576,387.70,23965,28.15,395855,5.30,0,,3,38770.00,127,2815.00,2010,100.00,13130,10.00,28851,5.00
13,2018-01-30,22,39,47,49,77,89,80,49,,92016988.00,0,,0,,4,45122.40,674,272.02,20991,26.34,311927,5.51,0,,16,27202.00,149,2634.00,2113,100.00,12089,10.00,23044,5.00
14,2018-02-01,20,45,51,63,85,89,2,48,,93045551.00,0,,0,,4,45212.36,382,506.20,16925,33.30,283591,6.07,0,,5,50620.00,99,3330.00,1806,100.00,12717,10.00,29424,5.00
15,2018-02-03,1,8,19,28,34,87,43,11,,94258167.00,0,,0,,13,17318.60,1369,173.60,44800,15.59,558166,5.00,0,,7,17360.00,298,1559.00,3394,100.00,18797,10.00,34160,5.00
16,2018-02-06,4,8,16,35,36,74,31,35,,95380327.00,0,,1,578071.26,7,26680.22,709,281.07,28595,20.34,395826,5.00,0,,10,28107.00,149,2034.00,1789,100.00,11014,10.00,20337,5.00
17,2018-02-08,24,25,30,43,47,90,77,83,,96153992.00,0,,0,,6,31124.48,482,413.41,20954,27.75,349527,5.08,1,778112.00,2,41341.00,89,2775.00,1469,100.00,9227,10.00,19129,5.00
18,2018-02-10,7,31,35,57,88,89,87,65,,97410353.00,0,,0,,10,23349.79,622,395.52,25784,28.08,421582,5.27,0,,2,39552.00,142,2808.00,1875,100.00,11615,10.00,24520,5.00
19,2018-02-13,3,11,38,53,70,71,27,24,,98551235.00,0,,0,,5,37631.80,708,283.44,26450,22.15,401184,5.00,0,,4,28344.00,135,2215.00,2025,100.00,12768,10.00,25857,5.00
20,2018-02-15,5,17,34,40,78,82,60,78,,99606396.00,0,,0,,9,20486.42,582,338.36,21459,26.77,345697,5.08,5,102447.10,55,33836.00,201,2677.00,1607,100.00,9272,10.00,17772,5.00
21,2018-02-17,5,17,37,40,55,79,31,66,,100868571.00,0,,0,,3,78592.04,805,308.44,32507,22.48,477635,5.00,0,,2,30844.00,131,2248.00,1967,100.00,13560,10.00,27352,5.00
22,2018-02-20,17,25,52,55,67,75,90,57,,102028825.00,0,,0,,4,47996.06,629,325.12,23782,25.12,356940,5.12,0,,3,32512.00,127,2512.00,1692,100.00,9944,10.00,21225,5.00
23,2018-02-22,9,40,45,70,76,81,39,28,,103098775.00,0,,0,,4,46636.38,436,456.57,18908,30.72,318006,5.58,0,,4,45657.00,103,3072.00,1637,100.00,12421,10.00,27484,5.00
24,2018-02-24,10,44,48,62,68,83,61,68,,104361432.00,0,,0,,2,117546.37,576,429.88,24701,29.51,403121,5.55,0,,2,42988.00,128,2951.00,2106,100.00,12648,10.00,25494,5.00
25,2018-02-27,48,56,66,83,86,89,6,67,,105503628.00,0,,0,,2,93940.29,461,434.71,19172,30.51,298928,5.98,0,,0,,81,3051.00,1482,100.00,9204,10.00,22954,5.00
26,2018-03-01,9,23,57,72,77,82,64,32,,106576452.00,0,,0,,2,94386.09,605,320.01,22520,25.76,361663,5.00,0,,3,32001.00,95,2576.00,1330,100.00,9196,10.00,18694,5.00
27,2018-03-03,2,19,62,74,81,83,56,39,,107873901.00,0,,0,,4,60664.76,742,333.55,29137,25.54,464782,5.00,0,,7,33355.00,111,2554.00,2246,100.00,15008,10.00,32491,5.00
28,2018-03-06,12,36,45,46,67,75,66,86,,109060662.00,0,,0,,4,48952.76,557,360.22,19933,30.18,326318,5.71,0,,0,,78,3018.00,1458,100.00,9542,10.00,21326,5.00
29,2018-03-08,22,50,52,65,66,89,57,69,,110163571.00,0,,0,,3,64357.22,520,380.59,19689,30.13,317034,5.79,0,,1,38059.00,108,3013.00,1639,100.00,11908,10.00,28467,5.00
30,2018-03-10,11,15,42,64,82,84,5,78,,111488518.00,0,,0,,2,123845.09,617,409.28,26058,29.15,439718,5.36,0,,5,40928.00,86,2915.00,1716,100.00,11524,10.00,26395,5.00
31,2018-03-13,19,33,42,65,78,85,74,51,,112701011.00,0,,1,619489.73,7,28591.84,565,362.79,21157,29.05,341409,5.58,0,,2,36279.00,102,2905.00,1651,100.00,11085,10.00,24191,5.00
32,2018-03-15,2,13,17,31,45,69,87,78,,113514560.00,0,,0,,14,14026.72,1173,171.53,35058,17.20,444217,5.00,0,,9,17153.00,149,1720.00,1759,100.00,9984,10.00,19290,5.00
33,2018-03-17,7,35,52,85,88,90,72,87,,114857441.00,0,,0,,7,35826.51,922,277.24,35106,21.90,502490,5.00,0,,4,27724.00,126,2190.00,2021,100.00,12338,10.00,26459,5.00
34,2018-03-20,9,20,33,43,44,48,8,55,,116071298.00,0,,0,,4,49828.91,538,379.46,24131,25.37,385890,5.00,0,,3,37946.00,102,2537.00,2061,100.00,13188,10.00,26892,5.00
35,2018-03-22,20,23,29,37,39,72,44,59,,117207581.00,0,,0,,3,66606.11,497,411.78,21927,27.99,356293,5.34,0,,1,41178.00,66,2799.00,1545,100.00,9799,10.00,21385,5.00
36,2018-03-24,2,24,42,62,66,81,36,47,,118554843.00,0,,1,775531.85,6,41759.41,709,360.21,26585,28.90,422438,5.64,0,,3,36021.00,108,2890.00,2113,100.00,14231,10.00,32942,5.00
37,2018-03-27,10,16,35,63,73,83,20,66,,119383754.00,0,,0,,5,40016.38,582,352.09,22184,27.70,354795,5.37,0,,4,35209.00,115,2770.00,1573,100.00,10437,10.00,23402,5.00
38,2018-03-29,11,15,32,35,52,56,5,9,,120521454.00,0,,0,,5,39974.81,515,397.49,22570,27.20,356177,5.34,0,,3,39749.00,153,2720.00,2623,100.00,16913,10.00,38207,5.00
39,2018-03-31,1,6,7,9,45,79,80,17,,122137856.00,0,,1,976548.77,32,9859.39,2993,107.02,73862,13.08,819030,5.00,1,246484.75,23,10702.00,727,1308.00,8638,100.00,40433,10.00,66524,5.00
40,2018-04-03,30,45,47,49,71,90,29,82,,122934148.00,0,,0,,3,64069.47,589,333.49,25128,23.47,350193,5.22,0,,3,33349.00,121,2347.00,1507,100.00,9537,10.00,21600,5.00
41,2018-04-05,7,27,55,63,73,77,33,37,,124074953.00,0,,1,630081.66,10,20356.49,819,253.70,29685,21.04,404760,5.00,0,,6,25370.00,168,2104.00,2161,100.00,12876,10.00,27685,5.00
42,2018-04-07,3,20,47,55,81,83,28,85,,125129605.00,0,,0,,7,36367.31,849,304.81,32511,23.99,509647,5.00,0,,7,30481.00,137,2399.00,2067,100.00,12841,10.00,27338,5.00
43,2018-04-10,27,35,46,68,72,82,81,3,,126379696.00,0,,0,,8,25830.97,565,373.21,20842,30.41,325495,6.04,0,,0,,89,3041.00,1793,100.00,12005,10.00,30324,5.00
44,2018-04-12,8,28,34,38,47,54,7,21,,127547126.00,0,,0,,9,22733.04,748,279.16,27028,23.22,390151,5.00,0,,4,27916.00,136,2322.00,1851,100.00,12566,10.00,27260,5.00
45,2018-04-14,1,10,31,44,58,80,70,42,,128928384.00,0,,0,,20,12848.86,939,278.16,34999,22.49,515659,5.00,0,,5,27816.00,150,2249.00,2298,100.00,13196,10.00,28489,5.00
46,2018-04-17,12,23,39,54,72,73,53,75,,130195242.12,1,130195242.12,0,,11,19072.36,639,334.92,25410,25.32,391895,5.09,0,,5,33492.00,114,2532.00,1620,100.00,11257,10.00,23644,5.00
47,2018-04-19,5,17,20,44,62,80,48,22,,23832123.00,0,,0,,8,20933.34,716,239.78,25626,20.08,355981,5.00,1,523333.50,4,23978.00,145,2008.00,2221,100.00,11757,10.00,23337,5.00
48,2018-04-21,11,43,68,72,79,85,71,51,,24954661.00,0,,0,,5,41679.61,553,384.47,21482,29.76,351642,5.64,0,,2,38447.00,118,2976.00,1736,100.00,10976,10.00,24049,5.00
49,2018-04-24,31,41,44,67,75,82,39,5,,25987652.00,0,,1,530811.06,3,57164.27,368,477.47,14286,36.87,243639,6.70,0,,7,47747.00,87,3687.00,1481,100.00,11252,10.00,29899,5.00
50,2018-04-26,44,52,64,66,67,71,83,82,,26637856.00,0,,0,,3,52315.29,382,421.89,14747,32.72,241302,6.19,0,,3,42189.00,63,3272.00,920,100.00,6591,10.00,16825,5.00
51,2018-04-28,2,25,41,42,74,87,13,54,,27732653.00,0,,1,636480.00,2,102816.00,457,459.19,20135,31.33,349036,5.61,1,2570400.00,6,45919.00,255,3133.00,3923,100.00,25160,10.00,54926,5.00
52,2018-04-30,6,10,26,47,60,75,78,29,,28239126.00,0,,0,,2,61126.08,561,225.43,18180,20.72,260585,5.00,0,,1,22543.00,97,2072.00,1330,100.00,8540,10.00,17619,5.00
53,2018-05-03,9,19,31,39,77,82,22,15,,29170089.00,0,,0,,5,35809.28,756,247.73,26746,20.70,382902,5.00,0,,2,24773.00,140,2070.00,1903,100.00,12145,10.00,24704,5.00
54,2018-05-05,6,14,19,59,79,81,65,44,,30324739.00,0,,0,,6,35303.89,874,251.79,30660,21.32,451079,5.00,0,,3,25179.00,104,2132.00,2138,100.00,12926,10.00,26466,5.00
55,2018-05-08,17,18,41,57,58,75,83,52,,31357595.00,0,,0,,2,85090.39,371,480.92,16060,32.80,290027,5.58,0,,1,48092.00,75,3280.00,1346,100.00,9705,10.00,21705,5.00
56,2018-05-10,41,62,77,79,81,84,60,55,,32310659.00,0,,0,,3,55492.21,399,437.88,14535,35.47,235011,6.74,0,,5,43788.00,81,3547.00,1311,100.00,9407,10.00,24127,5.00
57,2018-05-12,29,49,50,56,64,78,89,51,,33425999.00,0,,0,,4,51757.59,426,505.33,19155,33.36,312691,6.30,1,1293939.75,1,50533.00,88,3336.00,1479,100.00,10117,10.00,25140,5.00
58,2018-05-15,3,10,38,52,65,71,1,49,,34444345.00,0,,0,,13,12959.15,642,275.24,24096,21.64,345365,5.00,0,,5,27524.00,107,2164.00,1686,100.00,11238,10.00,24239,5.00
59,2018-05-17,16,33,34,74,79,80,64,73,,35390688.00,0,,0,,1,165493.77,386,450.09,13740,37.30,246072,6.40,0,,2,45009.00,39,3730.00,1024,100.00,7630,10.00,18447,5.00
60,2018-05-19,40,51,55,56,74,81,35,63,,36489608.00,0,,0,,7,29062.04,518,408.63,19704,31.88,315034,6.15,0,,0,,95,3188.00,1406,100.00,9870,10.00,23968,5.00
61,2018-05-22,12,13,19,37,62,72,40,54,,37489980.00,0,,0,,5,33094.73,628,276.61,24041,21.31,358384,5.00,0,,2,27661.00,123,2131.00,1694,100.00,10459,10.00,20614,5.00
62,2018-05-24,1,27,31,58,83,87,86,51,,38418013.00,0,,0,,3,54064.32,525,324.63,18490,27.17,290072,5.32,0,,1,32463.00,85,2717.00,1288,100.00,8248,10.00,19077,5.00
63,2018-05-26,20,27,32,55,69,90,60,58,,39491257.00,0,,0,,1,198469.68,662,312.25,26008,23.57,392246,5.00,0,,3,31225.00,87,2357.00,1951,100.00,12205,10.00,25258,5.00
64,2018-05-29,19,28,42,49,68,83,20,67,,40468344.00,0,,0,,2,80853.81,525,323.71,19039,26.31,295939,5.20,0,,4,32371.00,62,2631.00,1260,100.00,8051,10.00,18302,5.00
65,2018-05-31,9,57,64,66,69,86,2,82,,41378221.00,0,,0,,3,53072.50,414,404.48,17521,28.16,282159,5.37,0,,2,40448.00,55,2816.00,1139,100.00,7215,10.00,16501,5.00
66,2018-06-04,45,56,66,74,77,88,47,65,,42536784.00,0,,0,,13,16936.57,743,383.13,24626,29.86,366304,5.72,0,,1,38313.00,141,2986.00,1973,100.00,12638,10.00,28810,5.00
67,2018-06-05,6,10,11,21,71,75,26,14,,43466522.00,0,,0,,16,8885.64,1234,167.47,33643,14.79,380114,5.00,0,,4,16747.00,174,1479.00,2053,100.00,10290,10.00,18646,5.00
68,2018-06-07,33,39,47,64,67,76,31,51,,44354846.00,0,,0,,7,23044.77,445,507.43,15582,35.68,246291,6.23,0,,2,50743.00,67,3568.00,1172,100.00,8295,10.00,20567,5.00
69,2018-06-09,13,32,41,51,61,86,42,77,,45433019.00,0,,0,,6,33331.33,539,490.68,18134,37.16,293007,6.50,0,,2,49068.00,105,3716.00,1740,100.00,12679,10.00,31320,5.00
70,2018-06-12,1,12,31,33,44,50,48,7,,46419644.00,0,,0,,2,81721.35,590,386.33,22364,25.15,332438,5.00,0,,7,38633.00,176,2515.00,2081,100.00,12766,10.00,25374,5.00
71,2018-06-14,5,37,51,65,79,81,30,49,,47336752.00,0,,0,,24,6679.79,1024,219.53,17853,30.97,274765,5.55,0,,1,21953.00,127,3097.00,1511,100.00,10056,10.00,22457,5.00
72,2018-06-16,2,9,15,22,47,65,86,78,,48395730.00,0,,0,,11,17793.41,1185,219.59,37668,17.54,462589,5.00,0,,3,21959.00,135,1754.00,1718,100.00,9868,10.00,19781,5.00
73,2018-06-19,1,7,25,40,68,75,84,89,,49364915.00,0,,0,,4,40206.16,695,324.19,23807,23.29,345554,5.00,0,,1,32419.00,86,2329.00,1280,100.00,8514,10.00,16676,5.00
74,2018-06-21,6,11,37,42,58,62,26,23,,50267361.00,0,,0,,5,31550.76,458,485.25,18428,29.58,300390,5.00,0,,1,48525.00,108,2958.00,1872,100.00,12818,10.00,27192,5.00
75,2018-06-23,4,17,29,55,67,70,72,49,,51316029.80,1,51316029.80,0,,15,12946.39,765,338.15,28325,23.17,417515,5.00,0,,7,33815.00,121,2317.00,2019,100.00,12620,10.00,24861,5.00
76,2018-06-26,2,6,37,39,51,86,7,32,,6382988.00,0,,0,,2,78118.74,439,502.80,18048,29.95,302746,5.00,0,,4,50280.00,76,2995.00,1212,100.00,7683,10.00,15388,5.00
77,2018-06-28,28,36,55,76,81,89,16,28,,7260471.00,0,,0,,6,25573.62,433,503.31,15106,35.22,242674,6.02,0,,2,50331.00,115,3522.00,1685,100.00,10778,10.00,20755,5.00
78,2018-06-30,9,13,23,32,45,54,80,8,,8271094.00,0,,0,,13,14355.63,875,286.99,26795,23.63,387778,5.00,1,358890.75,10,28699.00,200,2363.00,2907,100.00,18321,10.00,37927,5.00
79,2018-07-03,28,33,38,41,66,72,31,3,,9218899.00,0,,0,,18,8836.95,501,332.73,16858,29.20,251933,6.01,0,,8,33273.00,97,2920.00,1337,100.00,9510,10.00,24140,5.00
80,2018-07-05,11,19,27,41,61,83,3,13,,10107258.00,0,,0,,8,19376.34,619,262.75,22875,20.98,324865,5.00,0,,3,26275.00,127,2098.00,2234,100.00,13999,10.00,28964,5.00
81,2018-07-07,3,51,55,64,77,79,34,1,,11129580.00,0,,0,,5,37772.24,511,384.53,20900,27.90,337098,5.33,0,,3,38453.00,107,2790.00,1967,100.00,12222,10.00,26484,5.00
82,2018-07-10,27,41,50,60,63,81,90,77,,12073161.00,0,,0,,3,52403.04,324,508.78,13267,36.68,235006,6.37,0,,0,,95,3668.00,1216,100.00,8715,10.00,21045,5.00
83,2018-07-12,3,13,18,24,74,89,34,40,,12954951.00,0,,0,,5,30823.68,720,224.66,24861,19.20,343103,5.00,0,,1,22466.00,123,1920.00,1925,100.00,10813,10.00,20902,5.00
84,2018-07-14,2,9,14,19,27,77,75,41,,13970545.00,0,,0,,30,6252.35,2197,88.85,51635,11.21,528031,5.00,0,,4,8885.00,220,1121.00,2117,100.00,10376,10.00,18890,5.00
85,2018-07-17,30,35,44,60,72,76,23,46,,14912306.00,0,,0,,4,39313.09,287,574.52,12389,39.29,221467,6.76,0,,2,57452.00,54,3929.00,1115,100.00,8421,10.00,21731,5.00
86,2018-07-19,11,38,47,71,76,77,43,52,,15786310.00,0,,0,,3,50740.88,462,346.01,18620,25.32,277731,5.21,0,,3,34601.00,86,2532.00,1315,100.00,8766,10.00,19011,5.00
87,2018-07-21,22,36,38,56,59,67,52,83,,16795659.00,0,,0,,2,93385.60,407,477.66,17754,32.49,285878,6.22,0,,1,47766.00,73,3249.00,1138,100.00,8325,10.00,20140,5.00
88,2018-07-24,7,29,37,43,72,79,30,37,,17726528.00,0,,0,,3,51640.59,523,310.82,18716,25.63,289072,5.10,0,,2,31082.00,120,2563.00,1740,100.00,9147,10.00,18102,5.00
89,2018-07-26,21,34,53,72,80,84,73,76,,18591593.00,0,,0,,6,25155.96,462,343.23,15592,29.99,240337,5.98,0,,2,34323.00,64,2999.00,903,100.00,6641,10.00,16228,5.00
90,2018-07-28,10,19,47,67,68,75,40,71,,19589926.00,0,,0,,9,20510.31,704,273.05,26184,21.77,387197,5.00,0,,3,27305.00,112,2177.00,1947,100.00,11476,10.00,22548,5.00
91,2018-07-31,23,32,49,53,61,85,87,51,,20508547.00,0,,0,,1,152779.06,341,470.42,15140,31.25,235502,6.17,0,,2,47042.00,68,3125.00,1204,100.00,8267,10.00,21379,5.00
92,2018-08-02,5,6,41,44,65,74,61,20,,21379456.00,0,,0,,5,30629.38,505,358.51,18438,26.82,298340,5.00,0,,9,35851.00,115,2682.00,1770,100.00,10901,10.00,22698,5.00
93,2018-08-04,23,39,53,56,64,84,22,90,,22381968.00,0,,0,,2,92387.78,505,421.14,18129,32.60,294621,5.97,0,,1,42114.00,124,3260.00,2224,100.00,16065,10.00,43582,5.00
94,2018-08-07,11,18,21,23,55,66,26,86,,23300030.00,0,,0,,8,19071.98,769,234.69,25582,19.26,344394,5.00,0,,5,23469.00,91,1926.00,1186,100.00,7134,10.00,14035,5.00
95,2018-08-09,31,32,46,54,73,90,47,2,,24156913.00,0,,0,,7,21405.30,366,485.63,14921,32.47,244564,5.83,0,,6,48563.00,231,3247.00,3542,100.00,18235,10.00,37463,5.00
96,2018-08-11,14,57,73,79,82,84,83,42,,25125661.00,0,,0,,3,59287.40,378,544.35,16154,35.28,267953,6.32,0,,0,,47,3528.00,1102,100.00,7856,10.00,19783,5.00
97,2018-08-14,21,43,45,57,67,83,37,83,,26031945.00,0,,0,,1,152315.28,382,471.77,13976,35.21,233619,6.20,0,,0,,67,3521.00,1087,100.00,6920,10.00,14805,5.00
98,2018-08-16,2,10,12,21,22,50,3,36,,26821620.00,0,,3,137956.68,31,4313.29,1708,94.62,36476,11.93,363121,5.00,0,,6,9462.00,124,1193.00,1462,100.00,7209,10.00,13969,5.00
99,2018-08-18,7,14,27,66,70,81,76,59,,27528582.00,0,,0,,7,24378.00,679,292.41,24660,22.22,351902,5.00,0,,2,29241.00,103,2222.00,1282,100.00,8455,10.00,17153,5.00
100,2018-08-21,2,16,30,39,51,79,57,80,,28416474.00,0,,0,,3,50190.62,409,436.37,16377,29.72,266720,5.37,0,,2,43637.00,69,2972.00,1157,100.00,8021,10.00,18113,5.00
101,2018-08-23,14,23,32,34,40,80,73,22,,29260676.00,0,,0,,1,147524.73,305,575.17,14135,33.78,229295,6.12,0,,4,57517.00,82,3378.00,1268,100.00,9379,10.00,22995,5.00
102,2018-08-25,42,44,54,68,69,81,70,82,,30224156.00,0,,0,,8,22181.81,468,438.80,16226,35.04,278992,6.05,0,,2,43880.00,64,3504.00,1200,100.00,8092,10.00,18942,5.00
103,2018-08-28,1,26,39,43,73,89,55,17,,31141126.00,0,,0,,3,51682.36,422,433.53,16055,31.16,268740,5.49,0,,4,43353.00,138,3116.00,2189,100.00,15893,10.00,34867,5.00
104,2018-08-30,16,28,29,55,63,69,46,46,,32008459.00,0,,0,,6,25239.41,733,244.66,17756,27.56,269803,5.34,0,,2,24466.00,76,2756.00,1120,100.00,7824,10.00,17299,5.00
105,2018-09-01,1,4,19,23,55,68,28,13,,33021728.00,0,,0,,25,7520.44,1441,133.60,41904,13.78,497948,5.00,0,,7,13360.00,258,1378.00,3135,100.00,15324,10.00,27600,5.00
106,2018-09-04,18,25,47,51,70,83,2,7,,33980186.00,0,,0,,6,26853.00,546,303.35,18620,26.61,285643,5.37,0,,4,30335.00,113,2661.00,1753,100.00,11301,10.00,26268,5.00
107,2018-09-06,2,23,34,52,76,87,58,86,,34880638.00,0,,0,,3,52387.62,384,421.03,15952,30.30,275003,5.44,0,,0,,75,3030.00,1001,100.00,6758,10.00,15377,5.00
108,2018-09-08,7,25,32,39,59,86,27,81,,35922117.00,0,,0,,7,27525.87,596,330.86,21093,28.05,335751,5.46,0,,2,33086.00,102,2805.00,1623,100.00,10879,10.00,24610,5.00
109,2018-09-11,59,61,63,65,71,84,12,23,,36883492.00,0,,0,,8,20009.69,459,358.58,13480,36.52,217472,7.01,0,,3,35858.00,75,3652.00,1319,100.00,10425,10.00,29509,5.00
110,2018-09-13,16,23,29,49,57,76,30,77,,37785394.00,0,,0,,8,19737.68,543,299.10,16854,28.82,271049,5.54,0,,2,29910.00,100,2882.00,1283,100.00,8921,10.00,20794,5.00
111,2018-09-15,3,26,34,61,84,87,67,89,,38831544.00,0,,0,,4,48383.23,489,405.00,18997,31.28,313405,5.88,0,,2,40500.00,91,3128.00,1351,100.00,8924,10.00,20979,5.00
112,2018-09-18,2,24,31,42,47,55,40,34,,39793700.00,0,,0,,4,39986.90,423,388.79,17753,27.71,283920,5.36,0,,1,38879.00,79,2771.00,1094,100.00,7966,10.00,17485,5.00
113,2018-09-20,15,18,56,67,72,74,6,5,,40688503.00,0,,0,,3,52078.81,389,413.23,17023,28.23,275786,5.39,0,,1,41323.00,100,2823.00,1543,100.00,11277,10.00,25296,5.00
114,2018-09-22,12,16,29,45,82,85,89,4,,41739121.00,0,,0,,2,97616.63,586,340.86,22716,26.39,366155,5.07,0,,2,34086.00,101,2639.00,2020,100.00,12470,10.00,27002,5.00
115,2018-09-25,17,24,57,64,70,89,76,27,,42706037.00,0,,0,,0,,437,499.91,16773,32.61,272494,5.80,0,,1,49991.00,92,3261.00,2050,100.00,14319,10.00,32070,5.00
116,2018-09-27,21,37,46,56,65,77,76,80,,43604544.00,0,,0,,3,52312.83,417,387.17,15624,30.90,250717,5.96,0,,2,38717.00,54,3090.00,991,100.00,7174,10.00,17543,5.00
117,2018-09-29,34,54,77,80,81,87,18,70,,44655948.00,0,,0,,4,48790.16,499,400.14,19134,31.32,305096,6.09,0,,10,40014.00,109,3132.00,1464,100.00,10258,10.00,25673,5.00
118,2018-10-02,3,7,18,47,64,82,84,84,,45637729.00,0,,0,,4,41019.22,671,248.83,27138,18.53,380018,5.00,0,,3,24883.00,96,1853.00,1566,100.00,8716,10.00,17990,5.00
119,2018-10-04,15,30,72,79,86,90,70,76,,46557822.00,0,,0,,8,20099.78,411,398.26,18699,26.36,286503,5.34,0,,1,39826.00,64,2636.00,1159,100.00,7609,10.00,16072,5.00
120,2018-10-06,27,28,33,75,77,78,20,33,,47628432.00,0,,0,,3,66118.34,544,369.93,20613,29.46,343095,5.50,0,,2,36993.00,138,2946.00,2239,100.00,12815,10.00,26261,5.00
121,2018-10-09,10,36,49,53,77,85,35,52,,48611506.00,0,,0,,12,13599.62,507,327.58,18162,27.54,291910,5.32,0,,4,32758.00,76,2754.00,1400,100.00,9328,10.00,20628,5.00
122,2018-10-11,20,23,39,50,62,68,27,46,,49528280.00,0,,0,,1,160326.63,557,293.02,18565,26.47,286266,5.33,0,,4,29302.00,87,2647.00,1102,100.00,8026,10.00,18759,5.00
123,2018-10-13,14,36,39,46,55,59,64,80,,50608813.00,0,,0,,3,66975.36,441,462.16,17911,34.34,302568,6.32,0,,1,46216.00,75,3434.00,1288,100.00,9155,10.00,22337,5.00
124,2018-10-16,8,13,25,50,65,72,54,19,,51602704.00,0,,0,,5,32969.25,623,269.23,23078,21.89,344824,5.00,0,,3,26923.00,171,2189.00,2421,100.00,14378,10.00,30085,5.00
125,2018-10-18,16,23,50,73,80,88,89,63,,52530641.00,0,,0,,9,18044.93,439,376.52,17075,29.15,283684,5.45,0,,0,,71,2915.00,1096,100.00,7767,10.00,18197,5.00
126,2018-10-20,4,14,27,38,89,90,57,82,,53616846.00,0,,1,623749.62,10,20151.92,775,263.75,29243,21.10,424590,5.00,0,,2,26375.00,93,2110.00,1623,100.00,10312,10.00,20884,5.00
127,2018-10-23,6,30,49,56,64,81,42,21,,54297155.00,0,,0,,5,32842.48,405,412.59,16872,29.83,283329,5.51,0,,3,41259.00,67,2983.00,1436,100.00,9875,10.00,22358,5.00
128,2018-10-25,10,21,24,26,29,89,60,10,,55218256.00,0,,0,,6,26831.85,785,208.76,25535,19.32,344163,5.00,0,,9,20876.00,280,1932.00,2889,100.00,14948,10.00,26146,5.00
129,2018-10-27,3,12,35,51,59,80,34,22,,56306682.00,0,,0,,7,28940.44,559,367.57,24124,25.71,390421,5.00,0,,1,36757.00,137,2571.00,2090,100.00,13674,10.00,28816,5.00
130,2018-10-30,38,40,43,59,67,72,22,31,,57297614.00,0,,0,,5,32702.58,477,348.85,15115,33.16,235712,6.60,0,,4,34885.00,57,3316.00,1152,100.00,8003,10.00,20948,5.00
131,2018-11-03,23,35,40,79,86,87,13,85,,58494136.00,0,,0,,5,45546.69,438,525.90,19086,36.50,343693,6.31,0,,7,52590.00,84,3650.00,1353,100.00,9837,10.00,24733,5.00
132,2018-11-05,8,36,39,40,48,50,68,50,,59286089.00,0,,0,,3,35362.72,247,440.08,11338,28.74,185232,5.45,0,,1,44008.00,68,2874.00,1131,100.00,6933,10.00,13416,5.00
133,2018-11-06,4,16,24,42,51,84,14,10,,60027134.00,0,,0,,2,69621.14,536,264.65,18684,22.85,254271,5.21,0,,3,26465.00,126,2285.00,1436,100.00,9704,10.00,21343,5.00
134,2018-11-08,11,15,20,27,45,59,7,85,,60908757.00,0,,0,,4,40197.46,688,237.50,24888,19.79,351464,5.00,0,,3,23750.00,89,1979.00,1267,100.00,7451,10.00,15262,5.00
135,2018-11-10,9,15,20,46,50,84,3,50,,62001054.00,0,,0,,11,18508.43,773,266.76,28680,21.72,415386,5.00,0,,6,26676.00,167,2172.00,2325,100.00,12273,10.00,23085,5.00
136,2018-11-13,7,15,22,31,46,50,61,26,,63006804.00,0,,0,,6,27785.41,637,265.81,22987,22.21,333067,5.00,0,,3,26581.00,135,2221.00,1574,100.00,10206,10.00,22173,5.00
137,2018-11-15,6,12,34,36,40,66,82,77,,63942513.00,0,,0,,7,23369.04,648,256.47,22569,22.20,318995,5.00,0,,2,25647.00,108,2220.00,1534,100.00,9405,10.00,21155,5.00
138,2018-11-17,3,5,38,53,54,82,9,4,,65046124.00,0,,0,,1,205280.18,627,331.56,25317,24.81,416581,5.00,0,,6,33156.00,108,2481.00,2030,100.00,12768,10.00,25193,5.00
139,2018-11-20,3,9,43,48,61,83,7,4,,66044360.00,0,,0,,4,41067.06,492,339.19,21101,23.84,333155,5.00,0,,3,33919.00,99,2384.00,1593,100.00,10010,10.00,20980,5.00
140,2018-11-22,15,24,28,34,56,73,51,32,,66974177.00,0,,0,,5,32614.84,490,338.13,16968,29.44,270604,5.73,0,,2,33813.00,61,2944.00,1099,100.00,7289,10.00,16851,5.00
141,2018-11-24,30,38,63,68,77,80,45,11,,68067909.00,0,,0,,6,33847.62,445,462.24,18290,33.98,308501,6.26,0,,2,46224.00,120,3398.00,1988,100.00,15033,10.00,38050,5.00
142,2018-11-27,6,12,15,30,31,89,37,85,,69063424.00,0,,0,,6,27405.22,997,167.54,28877,17.44,365276,5.00,0,,5,16754.00,79,1744.00,1355,100.00,7892,10.00,15926,5.00
143,2018-11-29,6,22,27,36,62,76,28,35,,69986347.00,0,,0,,2,80674.55,438,374.34,18255,27.07,287930,5.33,0,,3,37434.00,76,2707.00,1174,100.00,8150,10.00,18400,5.00
144,2018-12-01,7,16,33,54,80,84,18,74,,71098660.00,0,,0,,4,52053.78,663,319.74,24474,26.08,385948,5.13,0,,7,31974.00,85,2608.00,1654,100.00,10994,10.00,23661,5.00
145,2018-12-04,6,31,37,47,71,78,8,25,,72140541.00,0,,0,,1,173707.05,483,367.46,19047,27.99,303378,5.45,0,,4,36746.00,106,2799.00,1810,100.00,12921,10.00,27974,5.00
146,2018-12-06,10,30,44,45,47,49,15,74,,73122380.00,0,,0,,5,34421.02,620,283.68,19670,26.85,311298,5.26,0,,0,,127,2685.00,1382,100.00,8335,10.00,17993,5.00
147,2018-12-10,7,37,52,73,87,88,44,66,,74212909.00,0,,0,,4,49734.76,601,337.29,23878,25.54,355396,5.33,0,,0,,97,2554.00,1653,100.00,10778,10.00,23546,5.00
148,2018-12-11,6,17,32,38,47,90,75,15,,75143757.00,0,,1,465434.74,4,37592.81,845,182.42,26089,17.71,335351,5.00,0,,3,18242.00,120,1771.00,1570,100.00,9760,10.00,19546,5.00
149,2018-12-13,7,9,12,21,30,41,44,19,,75843575.00,0,,0,,23,7344.42,1668,103.53,44033,11.77,464385,5.00,0,,14,10353.00,292,1177.00,3007,100.00,14562,10.00,24509,5.00
150,2018-12-15,5,23,36,42,47,79,56,32,,76976668.00,0,,0,,3,70134.13,566,378.40,23270,27.71,383755,5.22,0,,2,37840.00,79,2771.00,1444,100.00,9277,10.00,21204,5.00
151,2018-12-18,39,61,68,69,70,86,73,2,,78026818.00,0,,0,,4,43721.48,372,480.27,15990,33.56,262552,6.34,0,,0,,77,3356.00,1220,100.00,8558,10.00,22916,5.00
152,2018-12-20,11,49,58,71,76,89,20,24,,79015157.00,0,,0,,2,86616.76,520,340.40,17849,29.79,299799,5.50,0,,3,34040.00,112,2979.00,1490,100.00,10493,10.00,23738,5.00
153,2018-12-22,4,14,16,51,64,88,65,69,,80462207.00,0,,0,,5,56914.87,955,301.93,35527,24.51,539601,5.02,0,,4,30193.00,254,2451.00,3653,100.00,23846,10.00,51987,5.00
154,2018-12-24,12,19,36,42,77,87,47,86,,81564173.00,0,,0,,5,31937.05,519,314.95,21309,23.01,326066,5.00,0,,1,31495.00,74,2301.00,1306,100.00,8130,10.00,16661,5.00
155,2018-12-27,36,43,44,49,78,82,18,25,,82520572.00,0,,0,,5,34240.50,370,472.91,14597,36.00,243492,6.69,0,,4,47291.00,107,3600.00,1404,100.00,10137,10.00,27647,5.00
156,2018-12-29,24,37,46,49,62,71,53,31,,83705642.00,0,,0,,4,55524.12,479,471.55,19640,34.65,332621,6.35,0,,0,,87,3465.00,1629,100.00,10853,10.00,27791,5.00
1,2019-01-03,1,35,52,56,64,70,79,69,,84958430.00,0,,0,,4,54857.47,548,403.89,21907,30.61,366508,5.70,0,,5,40389.00,138,3061.00,2078,100.00,13667,10.00,31475,5.00
2,2019-01-05,46,52,55,68,76,89,11,51,,86213417.00,0,,0,,1,220957.03,468,476.20,18522,36.45,323311,6.50,0,,2,47620.00,81,3645.00,1697,100.00,12308,10.00,30147,5.00
3,2019-01-07,3,8,28,45,55,58,1,36,,86986816.00,0,,0,,5,20828.21,436,243.22,16253,19.64,230899,5.00,0,,1,24322.00,50,1964.00,941,100.00,5456,10.00,11501,5.00
4,2019-01-08,23,34,38,54,57,87,39,10,,87755465.00,0,,0,,6,24438.79,435,341.46,15426,29.09,238714,5.85,0,,2,34146.00,90,2909.00,1307,100.00,9295,10.00,25222,5.00
5,2019-01-10,2,39,66,76,86,87,15,67,,88703494.00,0,,0,,2,87029.05,398,442.11,15975,33.32,274753,6.03,0,,0,,88,3332.00,1247,100.00,9235,10.00,20636,5.00
6,2019-01-12,16,33,36,62,73,88,48,68,,89880284.00,0,,0,,6,36505.17,470,470.07,19564,34.21,336909,6.19,0,,2,47007.00,100,3421.00,1492,100.00,11531,10.00,27831,5.00
7,2019-01-15,8,43,51,56,57,87,25,18,,90965408.00,0,,0,,2,90052.33,432,421.31,17926,30.72,296192,5.79,0,,3,42131.00,116,3072.00,2160,100.00,15427,10.00,35013,5.00
8,2019-01-17,21,26,33,35,63,89,9,20,,91974852.00,0,,0,,3,58792.83,437,407.97,17948,30.05,285296,5.88,0,,2,40797.00,86,3005.00,1408,100.00,10341,10.00,26115,5.00
9,2019-01-19,1,15,45,48,60,80,2,44,,93158495.00,0,,0,,7,31402.61,806,275.09,28648,23.45,410045,5.10,0,,7,27509.00,144,2345.00,1957,100.00,13002,10.00,28306,5.00
10,2019-01-22,3,22,79,82,83,88,58,39,,94237817.00,0,,0,,8,22301.25,536,336.40,21815,25.01,333567,5.09,0,,1,33640.00,109,2501.00,1678,100.00,10432,10.00,22752,5.00
11,2019-01-24,3,19,40,49,60,82,12,62,,95235380.00,0,,0,,15,11609.58,573,307.24,21547,24.71,345867,5.00,0,,1,30724.00,109,2471.00,1326,100.00,8984,10.00,18716,5.00
12,2019-01-26,17,19,62,72,78,82,46,54,,96411334.00,0,,0,,3,72932.44,638,345.92,25685,26.03,412877,5.04,0,,5,34592.00,160,2603.00,2065,100.00,13465,10.00,28434,5.00
13,2019-01-29,6,11,29,65,87,90,15,67,,97490337.00,0,,0,,7,25530.64,1116,161.84,33273,16.42,434155,5.00,1,638266.00,2,16184.00,104,1642.00,1643,100.00,9548,10.00,18274,5.00
14,2019-01-31,4,21,59,63,65,83,29,4,,98494004.00,0,,0,,2,87751.69,521,340.51,18296,29.33,298095,5.60,0,,2,34051.00,101,2933.00,1758,100.00,11645,10.00,22801,5.00
15,2019-02-02,37,42,52,80,86,88,45,77,,99684686.00,0,,0,,3,73948.14,543,422.86,20675,33.07,338075,6.24,0,,4,42286.00,104,3307.00,1859,100.00,12118,10.00,30483,5.00
16,2019-02-05,11,21,34,46,50,86,55,5,,100816381.00,0,,0,,5,38058.98,495,400.13,19615,29.96,329762,5.49,0,,2,40013.00,133,2996.00,2110,100.00,14485,10.00,31616,5.00
17,2019-02-07,9,26,27,49,54,76,51,9,,101884139.00,0,,0,,3,62215.77,600,324.03,23855,24.17,361938,5.00,0,,4,32403.00,187,2417.00,2864,100.00,15523,10.00,27268,5.00
18,2019-02-09,5,26,43,52,63,90,6,2,,103141434.00,0,,0,,6,38960.09,624,387.06,27309,26.37,439650,5.06,0,,0,,106,2637.00,2158,100.00,14339,10.00,29076,5.00
19,2019-02-12,14,28,64,69,84,90,27,90,,104295164.00,0,,0,,9,21240.25,512,388.54,22752,25.94,350518,5.19,0,,8,38854.00,288,2594.00,3605,100.00,20786,10.00,33261,5.00
20,2019-02-14,4,30,47,76,78,83,53,65,,105369717.00,0,,1,581792.09,6,31327.27,466,420.03,18475,31.42,308864,5.79,0,,1,42003.00,79,3142.00,1354,100.00,8974,10.00,21596,5.00
21,2019-02-16,10,17,42,59,61,80,65,64,,106338795.00,0,,0,,8,29239.44,662,365.08,24572,29.32,415884,5.35,0,,1,36508.00,101,2932.00,1803,100.00,12135,10.00,26466,5.00
22,2019-02-19,15,16,32,63,67,70,20,88,,107485505.00,0,,0,,4,47352.42,397,496.67,17203,34.00,302060,5.97,0,,1,49667.00,94,3400.00,1708,100.00,11794,10.00,28129,5.00
23,2019-02-21,11,16,43,59,87,90,31,39,,108550283.00,0,,0,,3,62086.34,561,345.86,22483,25.59,356836,5.00,0,,5,34586.00,176,2559.00,1714,100.00,10723,10.00,21426,5.00
24,2019-02-23,5,31,47,60,68,88,62,38,,109801112.00,0,,0,,3,77448.24,654,367.14,24180,29.60,405584,5.45,0,,8,36714.00,199,2960.00,3858,100.00,25178,10.00,54903,5.00
25,2019-02-26,13,25,27,52,66,75,16,69,,110958878.00,0,,0,,5,38533.06,772,259.63,27318,21.77,369946,5.00,0,,4,25963.00,164,2177.00,2085,100.00,12967,10.00,28529,5.00
26,2019-02-28,2,11,50,55,79,85,58,31,,112051443.00,0,,0,,1,191749.82,726,274.82,27927,21.20,410093,5.00,0,,4,27482.00,116,2120.00,1666,100.00,10072,10.00,20736,5.00
27,2019-03-02,19,34,37,40,66,69,25,65,,113377716.00,0,,0,,11,22591.30,851,296.29,29715,25.60,449371,5.26,0,,6,29629.00,121,2560.00,1847,100.00,12055,10.00,26488,5.00
28,2019-03-05,3,6,16,36,56,82,83,35,,114587884.00,0,,0,,8,24909.70,1237,164.04,32572,18.75,433834,5.00,0,,1,16404.00,146,1875.00,1916,100.00,10733,10.00,21839,5.00
29,2019-03-07,8,42,51,62,80,84,24,85,,115726170.00,0,,0,,4,50078.97,623,327.38,21325,28.79,330067,5.77,0,,1,32738.00,61,2879.00,1316,100.00,9328,10.00,22443,5.00
30,2019-03-09,9,15,51,70,78,86,17,77,,117046929.00,0,,0,,5,48794.65,748,331.03,26801,27.87,443948,5.23,0,,4,33103.00,127,2787.00,2079,100.00,14363,10.00,31732,5.00
31,2019-03-12,13,37,58,66,67,88,6,85,,118249420.00,0,,0,,8,24889.66,603,336.25,22026,27.71,340829,5.56,0,,4,33625.00,94,2771.00,1332,100.00,9509,10.00,21301,5.00
32,2019-03-14,27,28,42,63,78,86,70,33,,119369080.00,0,,0,,0,,368,719.61,17002,39.16,300011,6.43,0,,2,71961.00,65,3916.00,1575,100.00,11387,10.00,27897,5.00
33,2019-03-16,49,61,63,77,87,88,13,23,,120684776.00,0,,0,,6,40734.69,649,382.20,23996,31.19,389659,5.97,0,,4,38220.00,143,3119.00,2486,100.00,17630,10.00,45575,5.00
34,2019-03-19,12,15,38,43,56,85,80,42,,121898320.00,0,,0,,2,100811.32,639,321.23,22901,26.99,356804,5.38,0,,0,,108,2699.00,1564,100.00,10272,10.00,21954,5.00
35,2019-03-21,27,32,52,59,69,90,75,62,,123021586.00,0,,0,,10,19581.45,627,318.11,21926,27.38,348602,5.34,0,,4,31811.00,84,2738.00,1368,100.00,9378,10.00,20086,5.00
36,2019-03-23,21,32,43,63,83,90,25,54,,124332801.00,0,,0,,5,48670.23,686,360.05,25877,28.80,401391,5.77,0,,2,36005.00,148,2880.00,2019,100.00,14224,10.00,32104,5.00
37,2019-03-26,14,27,45,47,52,84,12,84,,125530942.00,0,,0,,10,19829.93,571,353.66,20553,29.58,340949,5.53,0,,2,35366.00,112,2958.00,1648,100.00,9861,10.00,20370,5.00
38,2019-03-28,43,53,58,68,83,90,89,4,,126650562.00,0,,0,,5,39235.19,612,326.50,21203,28.36,316513,5.90,0,,1,32650.00,83,2836.00,1687,100.00,11305,10.00,27648,5.00
39,2019-03-30,1,10,20,28,47,55,6,40,,127978013.00,0,,0,,17,14537.35,1594,157.32,49430,15.31,602391,5.00,0,,2,15732.00,198,1531.00,2623,100.00,14054,10.00,28193,5.00
40,2019-04-02,19,25,30,32,37,60,85,3,,129206994.00,0,,0,,4,51082.53,561,372.62,22861,27.44,368857,5.27,0,,3,37262.00,123,2744.00,2240,100.00,13842,10.00,29858,5.00
41,2019-04-04,7,29,38,49,66,70,41,58,,130352029.00,0,,0,,5,40011.52,691,296.33,25033,24.54,374986,5.08,0,,2,29633.00,140,2454.00,1848,100.00,10966,10.00,24341,5.00
42,2019-04-06,41,54,85,87,88,89,71,74,,131699223.00,0,,0,,9,27827.85,1898,134.43,25534,30.07,388942,6.13,0,,6,13443.00,81,3007.00,1695,100.00,11644,10.00,29479,5.00
43,2019-04-09,1,13,28,33,37,65,83,59,,132947459.00,0,,0,,5,41547.86,705,301.35,27482,23.20,404392,5.00,0,,1,30135.00,83,2320.00,1704,100.00,11113,10.00,23405,5.00
44,2019-04-11,5,10,52,60,85,88,46,5,,134111066.00,0,,0,,13,15635.91,782,265.95,28062,22.24,416387,5.00,0,,9,26595.00,208,2224.00,3050,100.00,15865,10.00,28457,5.00
45,2019-04-13,16,22,30,40,51,77,39,15,,135474771.00,0,,0,,9,28137.47,697,370.08,26983,28.77,443359,5.43,0,,1,37008.00,131,2877.00,2208,100.00,15130,10.00,34930,5.00
46,2019-04-16,15,55,58,62,82,90,24,40,,136725268.00,0,,0,,7,29606.30,750,282.60,24462,26.01,373987,5.27,0,,2,28260.00,85,2601.00,1696,100.00,10825,10.00,23877,5.00
47,2019-04-18,7,10,46,47,73,89,1,60,,137885137.00,0,,0,,4,50637.41,750,276.34,27142,22.91,418040,5.00,0,,4,27634.00,97,2291.00,1726,100.00,11076,10.00,22584,5.00
48,2019-04-20,5,18,76,87,88,89,17,44,,139489664.00,0,,0,,15,20775.64,1216,260.15,41921,22.76,589750,5.03,0,,7,26015.00,205,2276.00,3249,100.00,22160,10.00,48179,5.00
49,2019-04-23,19,20,32,51,63,79,78,34,,140763263.00,0,,0,,4,47751.32,495,395.38,21664,27.08,357089,5.09,0,,5,39538.00,91,2708.00,1507,100.00,9502,10.00,20848,5.00
50,2019-04-27,6,17,18,42,64,71,88,15,,142208419.00,0,,0,,5,55495.64,1123,251.28,40322,21.08,584912,5.00,0,,3,25128.00,187,2108.00,3282,100.00,17535,10.00,34822,5.00
51,2019-04-29,8,22,61,65,69,74,86,63,,143211011.00,0,,0,,3,46116.41,409,349.78,15614,27.30,252700,5.21,0,,1,34978.00,65,2730.00,1111,100.00,7130,10.00,15805,5.00
52,2019-04-30,13,29,31,51,55,72,36,31,,144157776.00,0,,0,,3,58949.15,524,346.48,18921,28.73,309013,5.45,0,,3,34648.00,138,2873.00,1755,100.00,9896,10.00,19219,5.00
53,2019-05-02,1,28,57,75,82,83,52,87,,145227545.00,0,,0,,6,32026.06,525,372.08,20870,28.21,337756,5.41,0,,4,37208.00,105,2821.00,1455,100.00,10288,10.00,23217,5.00
54,2019-05-04,4,15,41,52,76,85,14,11,,146586898.00,0,,0,,11,23303.39,717,361.96,27760,28.25,454367,5.37,0,,3,36196.00,150,2825.00,2628,100.00,18972,10.00,41636,5.00
55,2019-05-07,5,8,21,49,66,90,77,47,,147853445.00,0,,0,,16,13122.51,1151,185.18,38816,16.56,523697,5.00,0,,7,18518.00,196,1656.00,2851,100.00,15004,10.00,27784,5.00
56,2019-05-09,3,17,26,38,54,82,42,32,,149032145.00,0,,0,,6,34346.76,859,243.61,28398,22.22,419156,5.00,0,,1,24361.00,170,2222.00,2014,100.00,10717,10.00,20996,5.00
57,2019-05-11,9,20,47,58,65,78,25,22,,150405694.00,0,,0,,5,50912.43,650,396.53,28603,27.23,477248,5.07,0,,1,39653.00,156,2723.00,2755,100.00,17666,10.00,37646,5.00
58,2019-05-14,37,59,69,75,89,90,2,69,,151674446.00,0,,0,,6,35192.57,677,316.60,24207,26.71,370187,5.43,0,,10,31660.00,163,2671.00,2712,100.00,14772,10.00,29376,5.00
59,2019-05-16,11,25,37,67,75,85,35,51,,152856460.00,0,,0,,8,25804.26,680,308.26,26680,23.70,378041,5.20,0,,5,30826.00,160,2370.00,1929,100.00,12238,10.00,27674,5.00
60,2019-05-18,31,33,44,57,62,65,25,70,,154236305.00,0,,0,,6,42658.29,565,458.65,23525,33.29,381654,6.38,0,,1,45865.00,163,3329.00,1931,100.00,13137,10.00,32779,5.00
61,2019-05-21,20,38,76,82,84,87,75,66,,155502719.00,0,,0,,3,70024.29,448,476.03,18768,34.28,319571,6.26,0,,0,,73,3428.00,1473,100.00,10822,10.00,26448,5.00
62,2019-05-23,2,8,15,32,72,79,16,80,,156678901.00,0,,0,,7,29347.21,808,258.19,29322,21.46,430245,5.00,0,,5,25819.00,143,2146.00,1898,100.00,11994,10.00,24790,5.00
63,2019-05-25,33,51,53,59,66,68,43,54,,158049243.00,0,,0,,11,23093.73,647,397.55,23683,32.82,398104,6.07,0,,5,39755.00,134,3282.00,2190,100.00,14149,10.00,34599,5.00
64,2019-05-28,8,30,33,58,84,89,88,53,,159307042.00,0,,0,,12,17392.51,595,356.13,22780,28.06,368119,5.39,0,,1,35613.00,114,2806.00,2126,100.00,13767,10.00,30710,5.00
65,2019-05-30,16,33,59,65,69,73,29,87,,160479244.00,0,,0,,6,34163.13,530,392.76,20396,30.78,329420,5.92,0,,4,39276.00,67,3078.00,1327,100.00,9281,10.00,22724,5.00
66,2019-06-01,17,19,24,46,48,72,56,82,,161855680.00,0,,0,,18,14203.94,1172,224.70,39052,20.14,544648,5.00,0,,15,22470.00,175,2014.00,2241,100.00,13843,10.00,28785,5.00
67,2019-06-04,15,49,63,79,85,86,68,90,,163131689.00,0,,0,,5,42498.57,513,429.20,20604,31.80,340882,5.93,0,,2,42920.00,161,3180.00,2675,100.00,18097,10.00,44748,5.00
68,2019-06-06,2,15,47,54,78,79,68,77,,164320155.00,0,,0,,8,25936.45,550,391.23,23036,27.78,369935,5.34,0,,1,39123.00,151,2778.00,1899,100.00,13175,10.00,28506,5.00
69,2019-06-08,15,16,54,64,66,72,44,62,,165685430.00,0,,0,,3,84012.66,624,416.22,25782,30.09,424662,5.65,0,,1,41622.00,140,3009.00,1822,100.00,11410,10.00,25263,5.00
70,2019-06-11,16,25,36,46,48,58,73,15,,166942641.00,0,,0,,3,69770.92,485,447.42,20282,31.83,332904,5.98,0,,3,44742.00,114,3183.00,1634,100.00,12352,10.00,29345,5.00
71,2019-06-13,11,22,23,26,32,77,18,6,,168257633.00,0,,0,,7,34174.33,937,263.50,34669,21.25,500698,5.00,0,,7,26350.00,180,2125.00,2923,100.00,18294,10.00,35725,5.00
72,2019-06-15,4,23,43,47,74,82,73,9,,169806092.00,0,,0,,12,23700.17,985,296.53,33720,25.93,514218,5.26,0,,5,29653.00,171,2593.00,2923,100.00,19253,10.00,42153,5.00
73,2019-06-18,13,23,63,67,68,81,38,5,,171210693.00,0,,0,,9,25866.61,716,335.87,27459,26.11,423425,5.23,0,,2,33587.00,166,2611.00,2290,100.00,16055,10.00,36135,5.00
74,2019-06-20,25,26,35,42,65,76,77,84,,172504803.00,0,,0,,4,56351.56,485,480.60,20401,34.04,340653,6.30,0,,3,48060.00,85,3404.00,1377,100.00,10197,10.00,24345,5.00
75,2019-06-22,35,39,41,69,70,74,89,59,,173994581.00,0,,0,,8,34424.78,858,329.93,28014,30.23,439605,5.96,0,,2,32993.00,162,3023.00,2026,100.00,12769,10.00,32237,5.00
76,2019-06-25,14,43,61,62,75,85,69,29,,175358766.00,0,,0,,3,75469.06,464,504.51,18180,38.37,319240,6.75,0,,2,50451.00,111,3837.00,2102,100.00,13966,10.00,35303,5.00
77,2019-06-27,33,34,37,50,68,82,22,39,,176621733.00,0,,0,,2,110138.38,568,401.34,21665,31.34,346265,6.05,0,,3,40134.00,87,3134.00,1664,100.00,11810,10.00,29063,5.00
78,2019-06-29,6,22,33,45,60,81,68,33,,178165936.00,0,,0,,10,29045.15,798,373.60,32793,27.22,541759,5.10,1,726128.75,11,37360.00,257,2722.00,3201,100.00,19011,10.00,36291,5.00
79,2019-07-02,13,18,37,48,63,67,65,23,,179653409.55,0,,0,,11,22776.66,890,285.69,30944,24.79,451561,5.28,0,,1,28569.00,176,2479.00,3020,100.00,18911,10.00,43313,5.00
80,2019-07-04,40,42,57,64,80,86,38,57,,181075328.00,0,,0,,3,83209.38,473,535.62,20861,36.64,369591,6.43,0,,6,53562.00,129,3664.00,2111,100.00,14074,10.00,32243,5.00
81,2019-07-06,6,12,22,25,29,62,90,43,,182736033.48,0,,0,,15,20507.20,1790,173.92,55935,16.82,705112,5.00,0,,5,17392.00,204,1682.00,2964,100.00,18200,10.00,37753,5.00
82,2019-07-09,1,20,26,54,59,74,52,62,,184277246.76,0,,0,,5,51421.20,656,397.60,29118,27.03,481281,5.08,0,,0,,135,2703.00,1801,100.00,12559,10.00,26728,5.00
83,2019-07-11,15,26,32,48,66,84,80,39,,185720599.33,0,,0,,7,36050.02,682,375.47,25404,30.42,410920,5.84,0,,4,37547.00,156,3042.00,2076,100.00,13710,10.00,32532,5.00
84,2019-07-13,3,13,15,36,42,90,6,83,,187374909.00,0,,0,,10,30504.76,1347,229.22,48799,19.12,685338,5.00,0,,7,22922.00,226,1912.00,2788,100.00,16954,10.00,33313,5.00
85,2019-07-16,30,47,48,60,67,90,85,25,,188919456.00,0,,0,,8,32358.39,1037,253.22,34099,23.24,457396,5.39,0,,5,25322.00,173,2324.00,2536,100.00,16102,10.00,37620,5.00
86,2019-07-18,12,22,37,40,51,68,49,38,,190369830.07,0,,0,,5,50677.42,827,310.89,30078,25.79,451445,5.34,0,,3,31089.00,139,2579.00,2236,100.00,14943,10.00,33866,5.00
87,2019-07-20,2,23,29,51,79,84,67,26,,192015945.78,0,,0,,10,30268.22,956,320.50,36205,25.58,553282,5.21,0,,5,32050.00,152,2558.00,2697,100.00,17964,10.00,40188,5.00
88,2019-07-23,18,32,34,55,74,79,78,36,,193542336.71,0,,0,,2,127684.13,553,468.51,23899,32.72,404090,6.01,0,,8,46851.00,168,3272.00,2033,100.00,13700,10.00,31999,5.00
89,2019-07-25,7,20,28,36,55,69,4,88,,195075976.05,0,,1,850548.58,9,30532.52,1189,234.24,42573,19.75,597260,5.00,0,,2,23424.00,212,1975.00,3028,100.00,17881,10.00,36470,5.00
90,2019-07-27,13,33,40,61,78,80,66,51,,196427263.25,0,,0,,14,23298.06,729,452.53,30476,32.73,505804,6.14,4,145612.88,12,45253.00,171,3273.00,2676,100.00,17633,10.00,45200,5.00
91,2019-07-30,6,8,16,42,84,87,62,12,,198099468.72,0,,1,872206.06,4,70447.42,1096,260.50,42201,20.43,587525,5.00,0,,4,26050.00,218,2043.00,3543,100.00,20258,10.00,41649,5.00
92,2019-08-01,20,30,37,52,82,83,18,52,,199400053.96,0,,0,,6,52322.40,744,426.82,32022,29.99,530015,5.64,0,,4,42682.00,231,2999.00,3374,100.00,20279,10.00,41676,5.00
93,2019-08-03,6,16,21,27,33,66,1,45,,201459770.16,0,,0,,20,18994.93,1748,219.40,62549,18.56,804091,5.00,0,,6,21940.00,307,1856.00,3756,100.00,23345,10.00,48310,5.00
94,2019-08-06,20,22,27,43,46,72,28,61,,203408358.70,0,,0,,13,25264.07,1003,331.06,37061,27.10,585234,5.34,0,,3,33106.00,145,2710.00,2451,100.00,16987,10.00,37668,5.00
95,2019-08-08,6,10,24,63,66,89,67,23,,205258405.81,0,,0,,16,20242.05,1408,232.59,50145,19.75,691894,5.00,0,,6,23259.00,342,1975.00,4321,100.00,26046,10.00,51643,5.00
96,2019-08-10,10,15,42,57,68,80,25,68,,207283804.66,0,,0,,6,61317.08,967,384.20,39955,28.15,667043,5.25,0,,4,38420.00,293,2815.00,3473,100.00,20942,10.00,43661,5.00
97,2019-08-13,7,32,41,59,75,76,21,11,,209160441.54,1,209160441.54,0,,5,63109.30,661,482.86,27938,34.55,489523,6.13,0,,5,48286.00,195,3455.00,3078,100.00,23139,10.00,53005,5.00
98,2019-08-17,8,13,31,37,39,46,54,65,,50087434.71,0,,0,,10,25771.25,834,313.35,32135,24.55,491831,5.00,0,,2,31335.00,141,2455.00,1995,100.00,12621,10.00,27699,5.00
99,2019-08-19,17,28,57,66,67,71,78,5,,51400000.00,0,,0,,3,45746.11,408,345.25,15937,26.47,247393,5.28,0,,1,34525.00,86,2647.00,1309,100.00,9326,10.00,20946,5.00
100,2019-08-20,20,35,40,41,79,88,28,35,,51959473.18,0,,0,,1,167093.97,339,503.59,14921,34.37,260970,6.09,0,,2,50359.00,103,3437.00,1346,100.00,8686,10.00,18052,5.00
101,2019-08-22,1,12,24,42,65,67,39,21,,53031652.78,0,,0,,8,24547.73,786,254.46,27160,22.16,397456,5.00,0,,5,25446.00,117,2216.00,2174,100.00,13006,10.00,26630,5.00
102,2019-08-24,20,36,40,42,63,86,17,4,,54293706.97,0,,0,,5,46254.55,590,398.13,22119,32.02,356527,6.17,0,,3,39813.00,117,3202.00,1834,100.00,13436,10.00,32532,5.00
103,2019-08-27,4,15,34,37,47,73,26,54,,55488190.56,0,,0,,7,28846.95,675,304.52,23167,26.72,372093,5.16,0,,2,30452.00,113,2672.00,1810,100.00,12233,10.00,25776,5.00
104,2019-08-29,21,37,45,53,83,84,2,41,,56613192.68,0,,0,,3,65373.05,454,439.96,18610,32.31,303385,6.15,0,,3,43996.00,87,3231.00,1245,100.00,9209,10.00,22278,5.00
105,2019-08-31,31,35,52,59,60,75,51,9,,57891288.56,0,,0,,7,33606.15,444,537.99,18637,38.66,332822,6.73,1,840153.75,0,,81,3866.00,1630,100.00,12901,10.00,35255,5.00
106,2019-09-03,18,29,39,58,59,76,53,37,,59102143.31,0,,0,,3,68132.39,458,460.82,19695,31.96,321949,6.04,0,,0,,72,3196.00,1614,100.00,11686,10.00,28169,5.00
107,2019-09-05,7,26,31,34,52,54,32,21,,60238712.00,0,,0,,9,21998.78,630,324.84,22764,26.79,362699,5.19,0,,1,32484.00,103,2679.00,1793,100.00,12152,10.00,25507,5.00
108,2019-09-07,9,29,43,66,70,84,52,1,,61540909.00,0,,0,,6,40060.33,650,380.03,26305,28.10,441762,5.18,0,,4,38003.00,139,2810.00,2364,100.00,15636,10.00,35606,5.00
109,2019-09-10,15,16,21,49,50,83,20,22,,62746157.51,0,,0,,5,40226.33,520,399.60,21866,28.33,360277,5.31,0,,3,39960.00,100,2833.00,2050,100.00,13320,10.00,29680,5.00
110,2019-09-12,12,17,20,62,80,88,26,28,,63874399.72,0,,0,,10,19719.90,786,259.36,29138,20.85,427001,5.00,0,,2,25936.00,169,2085.00,2104,100.00,12726,10.00,26178,5.00
111,2019-09-14,1,7,10,40,52,59,47,85,,65172920.64,0,,0,,13,18443.84,1214,202.99,43408,16.98,574670,5.00,0,,1,20299.00,146,1698.00,2030,100.00,11944,10.00,24146,5.00
112,2019-09-17,9,18,26,43,60,79,57,35,,66369584.83,1,66369584.83,0,,4,49820.20,593,347.28,23459,26.17,375154,5.05,0,,2,34728.00,79,2617.00,1510,100.00,9884,10.00,21246,5.00
113,2019-09-19,38,50,53,56,65,76,86,12,,5657168.65,0,,1,573413.72,0,,415,611.25,17102,37.01,273233,6.68,0,,1,61125.00,95,3701.00,1341,100.00,10234,10.00,27425,5.00
114,2019-09-21,31,36,44,47,50,56,17,46,,6606171.44,0,,1,709025.07,4,57267.41,504,467.71,19996,35.24,346918,6.28,0,,7,46771.00,104,3524.00,1603,100.00,11256,10.00,28314,5.00
115,2019-09-24,7,45,55,60,81,89,25,29,,7387974.08,0,,0,,4,47177.75,501,389.96,20202,28.79,330573,5.43,0,,2,38996.00,93,2879.00,1645,100.00,11182,10.00,25000,5.00
116,2019-09-26,17,20,42,44,83,90,18,37,,8439213.15,0,,0,,7,26178.84,552,344.04,23400,24.15,376274,5.00,0,,0,,105,2415.00,1752,100.00,10522,10.00,21860,5.00
117,2019-09-28,37,49,66,75,77,82,31,8,,9663445.38,0,,0,,3,75682.73,653,357.89,23433,29.81,369917,5.84,0,,3,35789.00,148,2981.00,2329,100.00,15545,10.00,40917,5.00
118,2019-10-01,11,59,63,73,84,89,62,27,,,0,,0,,6,31746.99,526,422.91,19638,31.18,318841,5.68,0,,7,42291.00,134,3118.00,2199,100.00,14517,10.00,32235,5.00
119,2019-10-03,4,5,31,35,46,80,77,34,,11864596.85,0,,0,,1,184856.67,481,450.79,20970,28.39,346984,5.07,0,,1,45079.00,88,2839.00,1243,100.00,8782,10.00,18856,5.00
120,2019-10-05,20,38,52,58,68,72,45,79,,13130522.92,0,,0,,12,19709.40,605,443.77,25172,29.90,387889,5.80,0,,1,44377.00,108,2990.00,1806,100.00,12687,10.00,30422,5.00
121,2019-10-08,25,35,47,70,79,87,83,54,,14272223.00,0,,0,,6,31205.10,554,395.67,17469,34.49,297258,5.99,0,,4,39567.00,79,3449.00,1432,100.00,10369,10.00,24720,5.00
122,2019-10-10,9,12,29,42,65,75,84,86,,15325958.21,0,,0,,3,61469.07,653,331.36,26407,22.49,386108,5.00,0,,2,33136.00,77,2249.00,1489,100.00,8953,10.00,17921,5.00
123,2019-10-12,5,33,40,45,79,90,78,4,,16581834.02,0,,0,,9,26028.30,798,333.61,29381,25.38,449913,5.00,0,,7,33361.00,126,2538.00,2391,100.00,14845,10.00,31373,5.00
124,2019-10-15,5,38,45,54,59,65,78,17,,17716125.07,0,,0,,5,37257.10,542,402.69,19911,30.11,313659,5.65,0,,1,40269.00,140,3011.00,2412,100.00,18212,10.00,44894,5.00
125,2019-10-17,10,29,33,55,65,72,47,6,,18766901.66,0,,0,,5,36809.27,682,316.74,23657,25.06,355363,5.00,0,,2,31674.00,113,2506.00,1775,100.00,10963,10.00,23590,5.00
126,2019-10-19,15,30,75,76,77,79,11,73,,20008479.85,0,,0,,1,230938.34,735,357.70,25871,28.44,373202,5.89,0,,1,35770.00,113,2844.00,1659,100.00,11428,10.00,27373,5.00
127,2019-10-22,9,28,40,77,79,81,4,28,,21128197.57,0,,0,,5,36801.33,645,334.85,22227,26.66,338363,5.17,0,,4,33485.00,181,2666.00,2117,100.00,11686,10.00,21175,5.00
128,2019-10-24,18,51,53,57,82,87,1,18,,22154500.27,0,,0,,2,89495.07,568,371.41,19294,29.92,294184,5.79,0,,5,37141.00,161,2992.00,2245,100.00,14085,10.00,28873,5.00
129,2019-10-26,8,12,13,14,51,83,74,1,,23378964.18,0,,0,,5,45739.23,1077,242.03,38102,19.13,526213,5.00,0,,5,24203.00,166,1913.00,2585,100.00,14601,10.00,28027,5.00
130,2019-10-29,21,32,47,61,67,68,25,69,,24498359.56,0,,0,,2,92383.22,404,536.48,16459,36.15,279036,6.30,0,,2,53648.00,84,3615.00,1630,100.00,11302,10.00,27857,5.00
131,2019-10-31,35,41,53,60,65,80,86,16,,25545841.08,0,,0,,6,30636.41,450,479.53,16549,35.78,258562,6.77,0,,2,47953.00,105,3578.00,1855,100.00,14451,10.00,41189,5.00
132,2019-11-02,10,19,30,68,78,80,31,74,,26713914.20,0,,0,,4,53320.22,941,333.75,33328,22.52,466492,5.00,0,,3,33375.00,122,2252.00,1980,100.00,11132,10.00,22481,5.00
133,2019-11-05,32,56,64,65,87,90,71,57,,27818411.33,0,,1,578589.34,3,62309.62,609,472.42,20060,33.42,309161,5.75,0,,4,47242.00,68,3342.00,1404,100.00,9116,10.00,21149,5.00
134,2019-11-07,4,9,37,48,49,77,41,39,,28570834.24,0,,0,,2,90809.66,648,435.79,25435,25.72,387087,5.00,0,,2,43579.00,113,2572.00,1752,100.00,10989,10.00,21494,5.00
135,2019-11-09,1,21,43,51,81,88,60,20,,29784751.14,0,,0,,4,56292.03,782,416.81,27713,28.39,411135,5.21,0,,6,41681.00,140,2839.00,2121,100.00,14305,10.00,31537,5.00
136,2019-11-12,14,15,51,55,61,73,4,79,,,0,,0,,6,30315.03,422,669.83,17095,38.32,290557,5.96,0,,7,66983.00,86,3832.00,1167,100.00,8609,10.00,19276,5.00
137,2019-11-14,33,52,57,72,76,81,77,71,,31916398.24,0,,0,,1,180583.33,397,708.72,16849,38.64,272796,6.30,0,,1,70872.00,92,3864.00,1253,100.00,9804,10.00,24924,5.00
138,2019-11-16,7,29,31,58,65,86,18,61,,33127746.74,0,,0,,9,24992.80,731,445.57,26063,30.16,404020,5.30,0,,2,44557.00,112,3016.00,1818,100.00,10495,10.00,21770,5.00
139,2019-11-19,19,26,56,74,77,82,17,2,,34224428.33,0,,0,,6,30114.79,652,431.69,22377,29.11,345274,5.00,0,,0,,83,2911.00,1574,100.00,10283,10.00,22408,5.00
140,2019-11-21,23,29,35,50,57,60,15,32,,35246733.85,0,,0,,5,35852.95,430,651.26,17447,37.09,288540,5.91,0,,5,65126.00,63,3709.00,1208,100.00,7921,10.00,18774,5.00
141,2019-11-23,12,29,52,61,72,79,57,73,,36437513.07,0,,0,,4,55115.69,576,557.71,23588,32.75,384181,5.46,0,,3,55771.00,116,3275.00,1574,100.00,10196,10.00,23116,5.00
142,2019-11-26,21,22,35,63,76,79,38,60,,37528426.78,0,,0,,4,45241.81,419,672.42,16433,39.69,277345,6.21,0,,1,67242.00,62,3969.00,1049,100.00,8093,10.00,19665,5.00
143,2019-11-28,7,16,17,50,52,74,68,61,,38542617.11,0,,0,,13,13630.92,661,420.54,24649,25.99,376517,5.00,0,,1,42054.00,85,2599.00,1365,100.00,7901,10.00,16047,5.00
144,2019-11-30,2,21,47,52,66,77,9,73,,39743417.59,0,,1,692257.10,5,44730.46,776,418.08,29435,26.58,435833,5.00,0,,2,41808.00,126,2658.00,1602,100.00,10373,10.00,22592,5.00
145,2019-12-03,4,5,8,22,48,83,47,66,,40524408.31,0,,1,583498.81,12,15709.59,1349,143.75,40118,14.45,484226,5.00,0,,5,14375.00,130,1445.00,2071,100.00,10845,10.00,20955,5.00
146,2019-12-05,16,25,52,59,64,74,37,74,,41288718.20,0,,0,,3,61496.20,465,408.38,18346,30.94,295413,5.94,0,,0,,94,3094.00,1478,100.00,8942,10.00,19447,5.00
147,2019-12-07,11,21,44,67,77,80,33,69,,42519864.95,0,,0,,12,19021.27,756,309.08,28385,24.69,439557,5.00,0,,7,30908.00,158,2469.00,2400,100.00,15444,10.00,31696,5.00
148,2019-12-10,11,37,40,42,58,82,69,5,,43648287.36,0,,0,,5,37422.02,530,363.24,19257,29.89,309153,5.76,0,,2,36324.00,105,2989.00,1733,100.00,12742,10.00,30078,5.00
149,2019-12-12,11,25,39,48,51,71,88,19,,44694372.44,0,,1,565208.59,5,36521.17,704,267.06,24215,23.20,349049,5.00,0,,3,26706.00,158,2320.00,2526,100.00,16408,10.00,35265,5.00
150,2019-12-14,8,10,43,52,60,83,84,61,,45636309.85,0,,0,,3,75788.07,666,349.51,27148,25.72,450351,5.00,0,,1,34951.00,89,2572.00,1715,100.00,10474,10.00,21425,5.00
151,2019-12-17,4,8,37,44,86,88,56,62,,46769831.56,0,,0,,13,14513.37,933,208.02,26323,22.04,385444,5.00,0,,8,20802.00,89,2204.00,1436,100.00,8902,10.00,18225,5.00
152,2019-12-19,3,14,25,43,74,80,62,80,,,0,,0,,3,61318.60,533,355.28,21475,26.35,337987,5.18,0,,3,35528.00,159,2635.00,1898,100.00,10572,10.00,19639,5.00
153,2019-12-21,9,28,36,50,66,90,71,56,,49218335.99,0,,0,,7,38265.98,1014,269.49,36575,22.46,552176,5.00,0,,9,26949.00,365,2246.00,5729,100.00,36729,10.00,73800,5.00
154,2019-12-23,17,30,45,56,87,89,18,76,,50178745.18,0,,0,,2,65879.80,345,397.59,14378,28.30,229899,5.45,0,,1,39759.00,64,2830.00,939,100.00,6340,10.00,14839,5.00
155,2019-12-24,44,48,55,67,82,90,54,72,,51052896.39,0,,0,,4,40445.37,482,346.86,18316,27.21,286170,5.38,0,,2,34686.00,136,2721.00,1908,100.00,12608,10.00,30091,5.00
156,2019-12-28,3,8,16,28,42,65,75,63,,52314928.43,0,,0,,13,18784.07,1244,200.64,43370,17.28,545516,5.00,0,,6,20064.00,170,1728.00,2260,100.00,13079,10.00,26730,5.00
157,2019-12-31,3,32,36,43,62,80,13,89,,53618553.89,0,,0,,8,27930.85,475,481.80,19982,34.35,342879,6.20,0,,0,,83,3435.00,1507,100.00,11344,10.00,27365,5.00
1,2020-01-02,5,45,63,64,78,85,4,89,,54683179.66,0,,0,,4,43376.79,373,475.95,16545,32.20,281806,5.86,0,,3,47595.00,58,3220.00,1174,100.00,8640,10.00,19817,5.00
2,2020-01-04,23,30,37,44,57,80,26,56,,55914018.08,0,,0,,3,77427.68,554,426.54,21043,33.83,376073,5.88,0,,0,,98,3383.00,1912,100.00,13149,10.00,31189,5.00
3,2020-01-07,2,23,60,66,72,78,19,53,,57015857.06,0,,0,,2,89594.37,403,454.62,18117,30.36,307909,5.54,0,,3,45462.00,94,3036.00,1644,100.00,10487,10.00,23209,5.00
4,2020-01-09,5,14,54,55,66,78,52,45,,58054246.77,0,,0,,6,30617.92,496,378.49,20512,27.49,336128,5.20,0,,4,37849.00,80,2749.00,1504,100.00,9793,10.00,21188,5.00
5,2020-01-11,34,36,38,63,72,81,18,63,,59289524.07,0,,0,,8,28693.01,685,340.97,23758,29.61,348669,6.26,0,,7,34097.00,136,2961.00,1679,100.00,10642,10.00,24137,5.00
6,2020-01-14,1,6,9,32,68,85,79,62,,60423325.01,0,,0,,3,62642.30,897,213.99,33790,17.06,451990,5.00,0,,1,21399.00,123,1706.00,1536,100.00,8808,10.00,17705,5.00
7,2020-01-16,22,29,50,53,72,83,77,85,,61478338.62,0,,0,,7,26350.85,591,318.91,19592,28.89,311544,5.63,0,,2,31891.00,116,2889.00,1296,100.00,8796,10.00,19929,5.00
8,2020-01-18,26,28,32,50,79,87,1,72,,62711951.20,0,,0,,2,114431.31,497,468.58,20260,34.62,346642,6.28,0,,0,,86,3462.00,1558,100.00,12603,10.00,29245,5.00
9,2020-01-21,6,32,46,53,70,75,62,9,,63836733.84,0,,0,,4,46501.15,421,451.37,17648,32.34,297426,5.95,0,,7,45137.00,95,3234.00,1577,100.00,11711,10.00,28101,5.00
10,2020-01-23,15,20,23,69,72,81,87,79,,64878386.05,0,,0,,6,30324.81,633,293.79,24013,23.25,372439,5.00,0,,4,29379.00,93,2325.00,1537,100.00,9224,10.00,19221,5.00
11,2020-01-25,11,16,17,35,68,90,76,47,,66100218.48,0,,0,,6,37825.95,941,245.46,37618,18.49,518800,5.00,0,,13,24546.00,206,1849.00,2677,100.00,15233,10.00,27522,5.00
12,2020-01-28,16,21,33,50,57,89,52,26,,67218272.10,1,67218272.10,0,,3,61697.57,450,420.26,19089,29.76,309130,5.70,0,,3,42026.00,88,2976.00,1435,100.00,10241,10.00,23285,5.00
13,2020-01-30,8,46,53,62,77,84,51,38,,14467514.68,0,,0,,3,57559.52,397,445.09,16901,31.37,286202,5.74,0,,3,44509.00,66,3137.00,1363,100.00,9266,10.00,21124,5.00
14,2020-02-01,22,25,45,46,48,88,24,56,,15655820.94,0,,0,,3,74108.73,552,415.47,23095,29.64,373668,5.66,0,,5,41547.00,115,2964.00,1656,100.00,11489,10.00,26681,5.00
15,2020-02-04,21,29,34,64,72,79,14,82,,16759014.33,0,,0,,8,22904.40,467,407.39,18809,30.06,292991,5.95,0,,2,40739.00,74,3006.00,1281,100.00,8632,10.00,21058,5.00
16,2020-02-06,3,20,29,49,65,82,31,70,,17777947.34,0,,0,,3,59166.48,565,326.57,22808,24.02,358447,5.00,0,,3,32657.00,95,2402.00,1476,100.00,9574,10.00,20042,5.00
17,2020-02-08,15,32,54,56,61,85,10,63,,18979926.18,0,,0,,4,55956.40,484,476.94,20934,32.92,340971,6.25,0,,1,47694.00,115,3292.00,1670,100.00,10702,10.00,24395,5.00
18,2020-02-11,16,24,45,68,72,81,20,2,,20079318.65,0,,0,,4,45439.40,538,350.88,19046,29.45,302636,5.71,0,,5,35088.00,91,2945.00,1324,100.00,9411,10.00,22880,5.00
19,2020-02-13,4,15,43,69,74,84,49,36,,21100537.97,0,,1,552819.62,6,29767.21,514,361.12,19686,28.00,321759,5.28,0,,1,36112.00,74,2800.00,1453,100.00,9113,10.00,20603,5.00
20,2020-02-15,13,26,40,55,65,86,9,48,,22023483.04,0,,0,,6,37129.98,611,376.09,23354,29.37,379319,5.59,0,,3,37609.00,153,2937.00,2376,100.00,16273,10.00,37316,5.00
21,2020-02-18,26,45,58,69,72,82,9,49,,23116066.77,0,,0,,2,90252.38,397,472.34,16565,33.63,281307,6.11,0,,0,,102,3363.00,1883,100.00,13740,10.00,33425,5.00
22,2020-02-20,20,36,55,69,80,85,58,3,,24128624.85,0,,0,,5,35396.13,603,305.13,18851,28.98,302763,5.56,0,,3,30513.00,109,2898.00,1569,100.00,11072,10.00,25486,5.00
23,2020-02-22,1,28,57,58,60,68,50,31,,25307793.91,0,,0,,6,36418.93,634,355.72,22287,30.19,363703,5.72,0,,2,35572.00,113,3019.00,1595,100.00,11212,10.00,25490,5.00
24,2020-02-25,10,15,23,54,73,74,63,26,,26361044.31,0,,0,,8,21575.53,552,325.39,22426,23.76,346335,5.00,0,,0,,112,2376.00,1542,100.00,9799,10.00,20162,5.00
25,2020-02-27,17,51,60,71,75,79,58,85,,27336425.76,0,,0,,5,34191.67,480,370.78,17263,30.58,279542,5.82,0,,0,,63,3058.00,1111,100.00,7755,10.00,18269,5.00
26,2020-02-29,9,35,44,50,73,78,85,6,,28501153.95,0,,0,,4,54319.39,563,398.39,21872,30.59,363870,5.68,0,,0,,85,3059.00,1701,100.00,11968,10.00,27452,5.00
27,2020-03-03,5,11,19,26,36,64,1,78,,28501153.95,0,,1,553596.42,13,13758.02,1229,148.47,36201,15.15,448967,5.00,0,,6,14847.00,160,1515.00,1884,100.00,10216,10.00,19696,5.00
28,2020-03-05,13,40,48,67,69,85,65,43,,30302931.10,0,,0,,2,87445.30,443,402.96,18360,29.22,294634,5.65,0,,4,40296.00,86,2922.00,1287,100.00,8075,10.00,18987,5.00
29,2020-03-07,11,13,31,41,85,87,12,37,,31470784.71,0,,1,670314.06,6,36093.84,615,358.02,24865,26.68,399413,5.16,0,,2,35802.00,108,2668.00,1886,100.00,12441,10.00,27017,5.00
30,2020-03-10,8,35,41,43,57,80,42,17,,32118208.36,0,,0,,3,52091.56,351,455.54,14445,33.22,249440,5.96,0,,0,,85,3322.00,1815,100.00,13988,10.00,35090,5.00
31,2020-03-12,19,22,41,46,56,86,13,56,,32891481.62,0,,0,,2,64136.85,322,409.61,13864,28.45,222168,5.49,0,,3,40961.00,78,2845.00,1243,100.00,7479,10.00,14256,5.00
32,2020-03-14,1,13,18,47,68,75,46,84,,33678660.47,0,,0,,6,23681.73,569,256.08,20136,21.68,299428,5.00,0,,1,25608.00,70,2168.00,1059,100.00,6475,10.00,13577,5.00
33,2020-03-17,17,29,30,49,63,65,15,27,,34388562.57,0,,0,,4,29568.99,293,416.03,12994,28.01,209495,5.37,0,,3,41603.00,66,2801.00,1055,100.00,7728,10.00,17703,5.00
34,2020-03-19,7,11,17,28,29,50,41,59,,35029616.49,0,,0,,5,22110.73,974,117.22,27925,12.19,301569,5.00,0,,1,11722.00,88,1219.00,1020,100.00,6145,10.00,11020,5.00
35,2020-03-21,5,13,38,39,52,59,74,90,,35701632.69,0,,0,,1,120912.04,375,332.09,14790,25.15,225303,5.11,0,,4,33209.00,102,2515.00,1749,100.00,12307,10.00,26593,5.00
36,2020-05-05,39,43,58,73,83,86,35,6,,36290106.64,0,,0,,2,48438.57,219,614.13,8400,39.62,131518,7.01,0,,0,,40,3962.00,561,100.00,4222,10.00,12664,5.00
37,2020-05-07,22,35,45,52,57,75,15,12,,36863520.26,0,,0,,5,20444.09,262,533.74,10138,34.43,159987,6.08,0,,0,,51,3443.00,899,100.00,5871,10.00,15574,5.00
38,2020-05-09,34,45,59,66,70,78,21,5,,37556396.50,0,,0,,0,,254,825.58,10868,43.61,179718,7.07,0,,3,82558.00,69,4361.00,1169,100.00,8238,10.00,22518,5.00
39,2020-05-12,21,38,55,60,65,85,66,71,,38248401.69,0,,0,,2,59411.80,316,495.07,12222,32.70,187647,6.03,0,,1,49507.00,60,3270.00,873,100.00,5514,10.00,14644,5.00
40,2020-05-14,12,17,20,54,61,80,39,17,,38928071.95,0,,0,,8,14958.78,542,290.20,17937,22.43,254433,5.00,0,,6,29020.00,248,2243.00,3017,100.00,14241,10.00,22008,5.00
41,2020-05-16,2,7,71,78,84,87,80,56,,39725599.81,0,,0,,8,18475.30,471,393.67,19039,25.63,289296,5.00,0,,2,39367.00,120,2563.00,1276,100.00,8594,10.00,17724,5.00
42,2020-05-19,26,41,51,62,66,85,40,31,,40503830.04,0,,0,,1,132635.16,319,533.71,11339,38.96,192776,6.55,0,,1,53371.00,45,3896.00,833,100.00,6128,10.00,15397,5.00
43,2020-05-21,3,21,44,69,73,81,20,12,,41260442.55,0,,0,,4,33270.75,508,336.02,16690,26.55,257027,5.00,0,,1,33602.00,68,2655.00,1310,100.00,8602,10.00,17511,5.00
44,2020-05-23,5,15,61,75,82,86,36,40,,42158816.02,0,,0,,3,55711.29,425,481.77,18782,29.12,297242,5.35,0,,1,48177.00,80,2912.00,1265,100.00,8573,10.00,19874,5.00
45,2020-05-26,10,23,27,46,68,74,66,31,,43004019.83,0,,0,,4,35394.92,583,307.37,19481,24.07,283095,5.00,0,,0,,60,2407.00,1149,100.00,6723,10.00,14968,5.00
46,2020-05-28,16,29,31,73,76,82,26,2,,43810185.86,0,,0,,1,141702.85,350,512.34,14158,33.15,226530,5.95,0,,3,51234.00,58,3315.00,1059,100.00,7095,10.00,17434,5.00
47,2020-05-30,3,27,46,52,70,74,48,4,,44765120.36,0,,0,,4,44391.62,591,364.10,21311,27.15,318113,5.31,0,,1,36410.00,97,2715.00,1629,100.00,10941,10.00,24661,5.00
48,2020-06-01,9,28,49,65,76,81,8,47,,45480845.42,0,,0,,3,35476.31,259,417.91,11857,27.50,189937,5.33,0,,0,,50,2750.00,819,100.00,6051,10.00,13774,5.00
49,2020-06-04,5,16,23,30,40,71,10,56,,46291018.72,0,,0,,3,51933.72,645,244.36,22699,20.99,322942,5.00,0,,3,24436.00,112,2099.00,1477,100.00,8958,10.00,18606,5.00
50,2020-06-06,4,21,37,45,50,79,76,5,,47297603.47,0,,0,,3,61589.06,492,379.22,20410,27.67,332040,5.29,0,,3,37922.00,123,2767.00,1954,100.00,13204,10.00,27786,5.00
51,2020-06-09,8,14,30,58,71,87,70,79,,48223675.29,0,,0,,4,38628.09,430,363.54,17276,27.36,284101,5.17,0,,2,36354.00,70,2736.00,1216,100.00,7623,10.00,16189,5.00
52,2020-06-11,1,7,23,47,68,69,79,33,,49094543.20,0,,0,,11,13862.67,900,171.44,27494,16.96,359159,5.00,0,,2,17144.00,148,1696.00,1755,100.00,10200,10.00,19236,5.00
53,2020-06-13,20,42,53,57,62,73,8,89,,50108867.99,0,,0,,9,20874.74,461,411.46,17713,32.42,294982,6.06,0,,1,41146.00,68,3242.00,1264,100.00,8607,10.00,20935,5.00
54,2020-06-16,1,11,39,59,68,74,37,16,,51047580.45,0,,0,,2,78201.74,488,324.21,19226,24.88,306814,5.00,0,,2,32421.00,80,2488.00,1638,100.00,10561,10.00,22312,5.00
55,2020-06-18,4,6,15,35,67,73,36,35,,51920120.92,0,,0,,3,50728.88,560,274.99,21502,21.65,325481,5.00,0,,6,27499.00,123,2165.00,1664,100.00,8798,10.00,15713,5.00
56,2020-06-20,16,29,39,55,63,86,84,51,,52927070.93,0,,0,,2,93102.79,498,377.54,18611,30.58,304510,5.82,0,,5,37754.00,87,3058.00,1510,100.00,10674,10.00,25241,5.00
57,2020-06-23,40,44,52,59,66,69,24,14,,53848994.94,0,,0,,1,152973.83,361,428.76,14609,32.03,238082,6.11,0,,1,42876.00,82,3203.00,1429,100.00,9437,10.00,24484,5.00
58,2020-06-25,14,35,41,51,84,85,78,49,,54710174.61,0,,0,,0,,363,558.62,13781,37.10,225161,6.59,0,,0,,83,3710.00,1278,100.00,9167,10.00,22077,5.00
59,2020-06-27,13,33,35,60,78,81,11,52,,55713633.40,0,,0,,2,92954.34,486,386.25,17710,32.09,293624,6.03,0,,2,38625.00,92,3209.00,1549,100.00,10012,10.00,25006,5.00
60,2020-06-30,6,7,57,61,79,89,63,3,,56639190.80,0,,0,,5,30792.36,423,368.25,18123,25.99,302022,5.00,0,,0,,99,2599.00,1560,100.00,10125,10.00,19980,5.00
61,2020-07-02,12,33,42,56,78,79,88,79,,57512219.58,0,,0,,5,30643.33,336,464.52,15020,31.27,255295,5.71,0,,1,46452.00,92,3127.00,1305,100.00,7764,10.00,15477,5.00
62,2020-07-04,33,38,46,59,65,73,28,47,,58532302.04,0,,0,,10,18899.07,504,380.66,17666,32.76,276162,6.51,0,,1,38066.00,82,3276.00,1386,100.00,9498,10.00,24802,5.00
63,2020-07-07,16,24,29,53,73,88,62,50,,59472355.48,1,59472355.48,0,,3,52103.16,467,340.83,17071,28.07,276548,5.38,0,,2,34083.00,91,2807.00,1490,100.00,9684,10.00,22748,5.00
64,2020-07-09,1,10,26,40,64,88,79,16,,11620661.19,0,,0,,3,48657.43,544,273.59,21356,20.96,308828,5.00,0,,4,27359.00,113,2096.00,1580,100.00,9036,10.00,18144,5.00
65,2020-07-11,6,10,19,20,40,67,75,87,,12602204.41,0,,1,564553.94,22,8290.66,2332,79.44,52133,10.71,495332,4.21,0,,6,7944.00,192,1071.00,1848,100.00,9348,10.00,18422,5.00
66,2020-07-14,17,35,70,71,74,82,22,79,,13242183.72,0,,0,,4,38619.44,423,371.96,16815,28.16,259138,5.67,0,,1,37196.00,53,2816.00,1052,100.00,7262,10.00,16867,5.00
67,2020-07-16,35,39,40,64,67,75,74,5,,14110053.47,0,,0,,7,21682.66,411,376.25,14405,32.30,217981,6.63,0,,0,,68,3230.00,1161,100.00,9075,10.00,25845,5.00
68,2020-07-18,18,33,49,76,80,84,12,83,,15124117.33,0,,0,,1,188075.13,463,412.39,18371,31.35,299672,5.97,0,,0,,72,3135.00,1253,100.00,8762,10.00,19699,5.00
69,2020-07-21,4,34,46,54,55,62,10,82,,16053852.78,0,,0,,1,154160.95,312,503.27,14195,33.29,243847,6.02,0,,0,,55,3329.00,991,100.00,7334,10.00,16588,5.00
70,2020-07-23,10,29,37,49,56,57,24,68,,16916821.85,0,,0,,3,50238.01,381,403.08,16894,27.35,269699,5.32,0,,0,,92,2735.00,1210,100.00,8015,10.00,17602,5.00
71,2020-07-25,18,30,42,70,78,80,1,84,,17918871.76,0,,0,,7,26510.42,481,391.75,18720,30.36,297177,5.94,0,,2,39175.00,60,3036.00,1187,100.00,7807,10.00,18924,5.00
72,2020-07-28,23,45,49,71,80,82,61,76,,18848704.10,0,,0,,4,38779.77,405,390.07,16105,29.53,252801,5.84,0,,3,39007.00,60,2953.00,1066,100.00,6557,10.00,16153,5.00
73,2020-07-30,4,15,19,26,28,55,58,2,,19710695.49,0,,0,,11,13647.29,1018,150.27,29297,15.71,366219,5.00,0,,3,15027.00,130,1571.00,1536,100.00,8476,10.00,16108,5.00
74,2020-08-01,4,14,17,18,26,45,6,56,,20708193.65,0,,0,,10,18469.61,866,248.36,29944,19.81,406487,5.00,0,,13,24836.00,121,1981.00,1790,100.00,10947,10.00,22887,5.00
75,2020-08-04,5,19,21,25,45,82,59,43,,21650936.39,0,,0,,6,26427.16,839,225.20,28464,18.04,371795,5.00,0,,0,,101,1804.00,1389,100.00,7968,10.00,15573,5.00
76,2020-08-06,21,37,40,46,69,80,3,65,,22543454.81,0,,0,,2,78101.10,410,455.09,15835,31.98,247350,6.01,1,1952527.50,0,,79,3198.00,1163,100.00,7567,10.00,18347,5.00
77,2020-08-08,6,16,22,55,58,83,51,32,,23565498.93,0,,0,,5,37669.79,694,315.17,25106,24.07,377626,5.00,0,,4,31517.00,136,2407.00,1571,100.00,8867,10.00,19248,5.00
78,2020-08-11,7,9,38,68,78,80,26,45,,24502066.57,0,,0,,5,31141.57,515,361.34,19735,25.58,323601,5.00,0,,1,36134.00,79,2558.00,1378,100.00,8587,10.00,17520,5.00
79,2020-08-13,4,5,49,57,66,75,36,77,,25386197.19,0,,0,,4,38811.03,418,444.08,18091,27.83,303829,5.00,0,,8,44408.00,87,2783.00,1562,100.00,10633,10.00,22109,5.00
80,2020-08-17,5,9,26,62,77,79,87,72,,26303428.35,0,,0,,7,23343.88,652,297.22,24221,21.81,350680,5.00,0,,3,29722.00,101,2181.00,1551,100.00,9001,10.00,18547,5.00
81,2020-08-18,13,22,28,58,65,77,6,24,,27097586.63,0,,0,,4,32662.62,368,437.59,15206,28.18,233867,5.32,0,,3,43759.00,88,2818.00,1193,100.00,8122,10.00,18332,5.00
82,2020-08-20,7,17,30,39,41,67,32,70,,27920547.88,0,,0,,6,24973.27,500,360.45,20661,23.57,308197,5.00,0,,3,36045.00,103,2357.00,1347,100.00,7611,10.00,16024,5.00
83,2020-08-22,7,12,45,47,73,87,83,72,,28888649.18,0,,0,,3,59235.02,700,297.27,25799,22.16,373072,5.00,0,,1,29727.00,139,2216.00,1554,100.00,9738,10.00,18758,5.00
84,2020-08-25,15,24,31,70,83,84,76,89,,29819656.29,0,,0,,1,158341.78,311,606.83,14208,36.10,250995,6.00,0,,1,60683.00,51,3610.00,1003,100.00,7335,10.00,16750,5.00
85,2020-08-27,37,49,52,53,75,87,29,30,,30713526.13,0,,0,,2,78305.51,348,537.34,13944,36.40,235118,6.34,0,,5,53734.00,154,3640.00,2238,100.00,17116,10.00,43524,5.00
86,2020-08-29,1,3,35,42,55,61,25,17,,31740837.68,0,,0,,4,47366.91,511,430.24,21480,28.29,365374,5.00,0,,0,,150,2829.00,2736,100.00,18567,10.00,37269,5.00
87,2020-09-01,10,22,28,45,48,71,53,84,,32717945.20,0,,0,,3,55025.14,673,250.33,22302,22.71,327314,5.00,0,,3,25033.00,76,2271.00,1141,100.00,7493,10.00,15658,5.00
88,2020-09-03,16,17,38,39,68,84,29,7,,33645154.63,0,,0,,4,40535.77,342,484.04,15532,32.03,272486,5.66,0,,5,48404.00,103,3203.00,1944,100.00,13731,10.00,32575,5.00
89,2020-09-05,7,14,27,56,72,83,16,3,,34710767.07,0,,0,,8,24580.77,879,227.58,29137,20.68,408162,5.00,0,,5,22758.00,130,2068.00,2094,100.00,12345,10.00,24827,5.00
90,2020-09-08,23,27,28,31,69,89,24,85,,35697613.46,0,,0,,5,32948.91,495,339.68,19418,26.03,298193,5.26,0,,0,,73,2603.00,1194,100.00,7834,10.00,17729,5.00
91,2020-09-10,46,48,67,78,80,87,23,56,,36617696.59,0,,0,,5,32109.31,367,446.72,14286,34.48,235791,6.48,0,,3,44672.00,75,3448.00,1155,100.00,8075,10.00,21476,5.00
92,2020-09-12,6,15,36,42,67,78,2,11,,37683507.81,0,,0,,12,16440.88,659,304.54,22291,27.12,348424,5.39,0,,5,30454.00,165,2712.00,2231,100.00,15699,10.00,34937,5.00
93,2020-09-15,2,9,44,47,52,54,16,18,,38665906.90,0,,0,,7,23347.20,682,244.62,23535,21.30,345571,5.00,0,,5,24462.00,132,2130.00,2141,100.00,12988,10.00,25664,5.00
94,2020-09-17,9,29,35,47,53,85,71,48,,39586745.29,0,,0,,6,26869.97,570,288.80,21060,23.49,306546,5.00,0,,2,28880.00,99,2349.00,1573,100.00,10055,10.00,21539,5.00
95,2020-09-19,6,12,14,27,39,73,87,66,,40658046.60,0,,0,,10,19836.42,1007,200.36,33322,18.24,439517,5.00,0,,6,20036.00,157,1824.00,1988,100.00,10881,10.00,22338,5.00
96,2020-09-22,4,15,37,48,55,69,31,56,,41641750.42,0,,0,,3,54448.06,569,293.05,20765,24.13,321869,5.00,0,,1,29305.00,70,2413.00,1472,100.00,9608,10.00,19727,5.00
97,2020-09-24,10,13,28,77,86,89,14,1,,42560201.16,0,,0,,3,53558.55,555,295.63,20648,23.88,322989,5.00,0,,2,29563.00,92,2388.00,1854,100.00,10783,10.00,21430,5.00
98,2020-09-26,4,16,38,70,86,88,61,46,,43641852.45,0,,0,,6,33510.96,563,363.17,22198,27.75,356236,5.37,0,,6,36317.00,129,2775.00,1614,100.00,10634,10.00,23739,5.00
99,2020-09-29,25,33,53,76,81,90,75,72,,44640645.14,0,,0,,9,18441.91,660,256.63,22451,22.68,311283,5.07,0,,0,,99,2268.00,1223,100.00,8625,10.00,19193,5.00
100,2020-10-01,7,31,38,52,61,75,51,19,,45581659.61,0,,0,,0,,341,653.99,15335,36.59,273127,5.95,0,,2,65399.00,99,3659.00,1912,100.00,13592,10.00,31106,5.00
101,2020-10-03,5,17,59,61,70,79,52,11,,46682151.85,0,,0,,8,25493.30,618,334.58,23889,26.13,376580,5.15,0,,2,33458.00,145,2613.00,2283,100.00,14373,10.00,30789,5.00
102,2020-10-06,8,55,67,73,74,89,83,18,,47693259.86,0,,0,,1,167873.68,426,400.70,17896,28.74,298180,5.36,0,,7,40070.00,97,2874.00,1744,100.00,11402,10.00,24576,5.00
103,2020-10-08,8,35,51,60,63,75,79,58,,48630821.34,0,,0,,3,54532.17,408,407.90,16069,31.20,270224,5.76,0,,1,40790.00,79,3120.00,1267,100.00,8712,10.00,19993,5.00
104,2020-10-10,12,15,19,24,46,73,67,46,,49732066.93,0,,0,,15,13646.96,1086,191.09,34613,18.10,458320,5.00,0,,5,19109.00,201,1810.00,2208,100.00,11127,10.00,20201,5.00
105,2020-10-13,47,56,58,60,79,85,20,65,,50740097.29,0,,0,,2,83423.85,425,399.23,15309,33.39,243733,6.51,0,,0,,73,3339.00,1028,100.00,7376,10.00,18819,5.00
106,2020-10-15,29,38,47,61,68,86,36,59,,51666779.32,0,,0,,8,20169.22,395,415.65,15047,32.86,241340,6.36,0,,0,,64,3286.00,1022,100.00,7507,10.00,17919,5.00
107,2020-10-17,24,28,34,55,62,87,36,38,,52757721.56,0,,0,,8,25381.89,604,340.86,21074,29.49,322711,5.99,0,,2,34086.00,82,2949.00,1465,100.00,10555,10.00,25201,5.00
108,2020-10-20,24,29,36,43,50,51,69,21,,53754777.02,0,,0,,0,,309,720.32,14816,37.80,261113,6.22,0,,4,72032.00,63,3780.00,1404,100.00,9921,10.00,24485,5.00
109,2020-10-22,1,16,21,36,37,43,27,44,,54678534.44,0,,0,,3,53802.41,422,389.18,17396,28.43,297008,5.17,0,,3,38918.00,75,2843.00,1377,100.00,9298,10.00,20659,5.00
110,2020-10-24,17,19,28,41,49,86,25,88,,55760017.77,0,,0,,2,100375.95,626,325.20,25489,24.11,401178,5.00,0,,6,32520.00,123,2411.00,2126,100.00,12641,10.00,25495,5.00
111,2020-10-27,19,26,49,53,55,77,51,57,,56752744.17,0,,1,509569.32,9,18292.24,718,233.22,23372,21.58,328136,5.00,0,,1,23322.00,100,2158.00,1447,100.00,8838,10.00,18766,5.00
112,2020-10-29,9,32,41,43,44,84,28,46,,57425600.40,0,,0,,7,23201.94,382,432.57,15434,32.25,257680,6.00,0,,0,,65,3225.00,1102,100.00,7977,10.00,18459,5.00
113,2020-10-31,22,31,35,40,65,82,36,51,,58517918.46,0,,0,,10,20299.13,596,345.33,20510,30.30,324247,5.96,0,,3,34533.00,109,3030.00,1720,100.00,11032,10.00,26472,5.00
114,2020-11-03,18,39,45,48,53,64,55,11,,59524741.87,0,,0,,6,27866.05,541,315.68,18845,27.22,282351,5.63,0,,1,31568.00,84,2722.00,1640,100.00,11333,10.00,28460,5.00
115,2020-11-05,5,10,18,24,69,85,65,50,,60459876.60,0,,0,,17,9603.76,1071,155.79,31544,15.88,395906,5.00,0,,4,15579.00,122,1588.00,1784,100.00,10077,10.00,18594,5.00
116,2020-11-07,1,2,61,69,70,82,56,5,,61507415.47,0,,0,,6,31977.48,465,420.32,19974,29.45,358755,5.09,0,,8,42032.00,110,2945.00,2210,100.00,14305,10.00,29626,5.00
117,2020-11-10,13,34,38,41,76,88,18,17,,62474325.44,0,,0,,6,26953.07,333,496.41,14305,34.70,242444,6.35,0,,4,49641.00,87,3470.00,1749,100.00,13828,10.00,36716,5.00
118,2020-11-12,13,35,37,58,60,88,57,19,,63386220.87,0,,0,,3,53233.55,402,406.18,15667,31.29,246349,6.17,0,,3,40618.00,96,3129.00,1440,100.00,10917,10.00,29208,5.00
119,2020-11-14,3,30,47,67,68,89,38,46,,64459695.84,0,,0,,4,49864.09,611,332.31,22975,26.61,373590,5.08,0,,4,33231.00,104,2661.00,1705,100.00,10605,10.00,22598,5.00
120,2020-11-17,7,18,20,32,45,55,75,41,,65439587.73,0,,0,,6,27002.68,566,292.58,23836,20.86,348159,5.00,0,,0,,74,2086.00,1314,100.00,8389,10.00,17084,5.00
121,2020-11-19,6,13,47,49,69,86,83,2,,66357876.04,0,,0,,6,26855.43,579,284.49,22007,22.47,320577,5.00,0,,3,28449.00,76,2247.00,1392,100.00,8693,10.00,18661,5.00
122,2020-11-21,6,24,37,55,76,82,20,11,,67428237.55,0,,0,,2,99084.97,588,343.12,22205,27.36,349098,5.40,0,,0,,119,2736.00,2264,100.00,14461,10.00,32755,5.00
123,2020-11-24,9,15,16,23,57,76,19,56,,68416934.95,0,,0,,13,12663.24,669,251.43,25684,19.67,356137,5.00,0,,1,25143.00,122,1967.00,1777,100.00,10575,10.00,21799,5.00
124,2020-11-26,2,9,39,52,67,76,78,37,,69357232.42,0,,0,,8,20683.95,575,294.01,20418,24.87,322569,5.00,0,,2,29401.00,94,2487.00,1577,100.00,9613,10.00,20308,5.00
125,2020-11-28,12,29,61,81,87,90,20,77,,70466419.63,0,,1,637373.72,4,51480.19,619,338.46,26706,23.63,407824,5.00,0,,1,33846.00,133,2363.00,1907,100.00,12855,10.00,26956,5.00
126,2020-12-01,21,30,32,62,78,80,36,21,,71184431.47,0,,0,,5,34662.64,364,483.77,14916,35.59,259055,6.37,0,,2,48377.00,93,3559.00,1611,100.00,10804,10.00,22987,5.00
127,2020-12-03,22,33,43,48,87,89,17,75,,72155728.77,0,,0,,2,84853.82,431,400.20,16990,30.60,277118,5.83,0,,5,40020.00,151,3060.00,2198,100.00,15122,10.00,36724,5.00
128,2020-12-05,26,32,39,40,57,65,4,15,,73283719.23,0,,0,,1,208877.03,485,436.41,18381,34.78,304627,6.53,0,,1,43641.00,102,3478.00,1596,100.00,12082,10.00,31675,5.00
129,2020-12-07,1,6,20,25,70,90,89,45,,74133484.80,0,,0,,20,6354.36,1510,86.00,35299,11.05,359767,5.00,0,,4,8600.00,122,1105.00,1510,100.00,7144,10.00,13500,5.00
130,2020-12-10,1,6,25,42,75,80,41,63,,75093017.01,0,,0,,10,18413.62,766,244.01,26359,21.39,377471,5.00,0,,1,24401.00,104,2139.00,1441,100.00,9912,10.00,21261,5.00
131,2020-12-12,11,14,18,59,64,85,1,84,,76275725.16,0,,1,670721.92,11,19699.53,905,242.51,29536,22.45,432579,5.00,0,,1,24251.00,93,2245.00,1675,100.00,10396,10.00,21550,5.00
132,2020-12-15,10,16,47,51,80,85,4,23,,77023385.45,0,,0,,8,22558.72,547,335.01,21303,25.94,339037,5.06,0,,1,33501.00,147,2594.00,2373,100.00,15451,10.00,32772,5.00
133,2020-12-17,5,9,12,14,26,37,55,29,,78041654.60,0,,0,,33,5405.22,1580,114.65,42284,12.92,479294,5.00,0,,12,11465.00,206,1292.00,2472,100.00,12770,10.00,23246,5.00
134,2020-12-19,36,39,45,50,62,66,47,69,,79509237.15,0,,0,,6,47935.13,671,432.77,27750,31.68,451331,6.06,0,,3,43277.00,229,3168.00,3220,100.00,21558,10.00,57760,5.00
135,2020-12-22,15,16,22,46,51,72,8,29,,80755831.80,0,,0,,4,48365.34,600,327.07,22166,26.72,350097,5.26,0,,3,32707.00,126,2672.00,1792,100.00,11045,10.00,25873,5.00
136,2020-12-24,22,25,31,79,87,90,38,73,,81884759.74,0,,0,,10,20022.98,712,285.12,23802,25.75,377400,5.05,0,,1,28512.00,105,2575.00,1704,100.00,10898,10.00,23946,5.00
137,2020-12-28,8,25,39,54,59,84,85,14,,82864423.87,0,,0,,3,53890.72,534,307.96,19195,25.81,294353,5.23,0,,2,30796.00,100,2581.00,1499,100.00,9849,10.00,22883,5.00
138,2020-12-29,15,22,38,51,60,74,86,50,,83789776.40,0,,0,,9,18107.36,345,480.42,15017,33.25,257652,6.02,0,,1,48042.00,68,3325.00,1133,100.00,8672,10.00,20329,5.00
139,2020-12-31,7,14,20,66,68,79,76,60,,84933236.87,0,,0,,8,26891.20,740,294.47,30508,21.58,450796,5.00,0,,1,29447.00,103,2158.00,1865,100.00,12045,10.00,23883,5.00
1,2021-01-02,35,37,50,75,77,81,5,30,,86037221.53,0,,0,,2,93057.29,415,456.68,17047,33.47,288524,6.14,0,,4,45668.00,77,3347.00,1594,100.00,10337,10.00,25373,5.00
2,2021-01-05,12,19,30,60,71,78,79,6,,87150423.67,0,,0,,10,19917.85,716,282.94,27963,21.82,418851,5.00,0,,7,28294.00,168,2182.00,2192,100.00,13698,10.00,27553,5.00
3,2021-01-07,15,33,48,49,56,88,16,55,,88180176.02,0,,0,,6,29025.87,485,366.11,18664,28.62,301133,5.50,0,,6,36611.00,226,2862.00,3108,100.00,20640,10.00,42793,5.00
4,2021-01-09,14,16,35,47,58,64,40,20,,89377643.45,0,,0,,7,31997.99,459,495.41,21051,32.58,359166,5.93,0,,4,49541.00,108,3258.00,2145,100.00,14964,10.00,36759,5.00
5,2021-01-12,5,19,21,33,61,90,43,52,,90508282.17,0,,1,585742.56,13,14556.92,1201,160.40,34697,16.72,454301,5.00,0,,6,16040.00,130,1672.00,2062,100.00,12347,10.00,23367,5.00
6,2021-01-14,24,50,53,54,62,88,61,72,,91280761.89,0,,0,,5,37292.13,413,459.73,16763,34.10,283066,6.27,0,,2,45973.00,85,3410.00,1312,100.00,9853,10.00,24121,5.00
7,2021-01-16,9,26,57,66,81,83,63,65,,92516335.01,0,,0,,9,25398.56,606,382.83,26367,26.55,419523,5.18,0,,1,38283.00,105,2655.00,1764,100.00,11783,10.00,25971,5.00
8,2021-01-19,2,27,28,38,43,65,60,72,,93651547.90,0,,0,,4,47156.31,514,373.61,20909,27.65,342123,5.25,0,,0,,96,2765.00,1439,100.00,10397,10.00,22461,5.00
9,2021-01-21,15,17,38,40,45,65,84,45,,94711521.57,0,,0,,9,20599.15,563,335.35,21257,26.74,328244,5.37,1,514978.75,7,33535.00,151,2674.00,1848,100.00,10435,10.00,20293,5.00
10,2021-01-23,3,19,27,35,63,89,29,57,,95947732.76,0,,0,,9,25460.01,1127,206.34,36900,19.01,504457,5.00,0,,6,20634.00,197,1901.00,2253,100.00,12871,10.00,25471,5.00
11,2021-01-26,34,39,45,51,60,89,18,52,,97097127.00,0,,0,,3,63947.24,411,475.06,16267,36.15,274874,6.64,0,,3,47506.00,109,3615.00,1460,100.00,10068,10.00,25913,5.00
12,2021-01-28,18,29,40,44,46,53,67,39,,98178613.00,0,,0,,2,94691.69,490,393.45,18949,30.63,313594,5.75,0,,3,39345.00,95,3063.00,1693,100.00,11231,10.00,25506,5.00
13,2021-01-30,27,35,42,48,56,65,44,81,,99447080.00,0,,0,,4,58858.76,724,329.89,24560,29.35,382732,5.85,0,,2,32989.00,169,2935.00,2723,100.00,17700,10.00,44073,5.00
14,2021-02-02,28,41,54,67,78,86,29,6,,100644223.00,0,,0,,4,50253.94,656,318.07,19351,32.05,313025,6.11,0,,3,31807.00,84,3205.00,1388,100.00,10757,10.00,27575,5.00
15,2021-02-04,5,19,27,35,40,82,66,53,,101766950.00,0,,0,,1,195911.05,816,249.45,30010,20.15,420977,5.00,0,,7,24945.00,143,2015.00,2117,100.00,12501,10.00,25685,5.00
16,2021-02-06,36,49,50,61,66,76,82,87,,103068887.00,0,,0,,6,40179.23,476,522.51,19510,38.04,339281,6.76,0,,2,52251.00,88,3804.00,1501,100.00,10720,10.00,26845,5.00
17,2021-02-09,7,8,19,33,40,48,54,40,,104271518.00,0,,0,,6,33372.26,911,228.18,36234,17.05,495550,5.00,0,,3,22818.00,196,1705.00,2421,100.00,12244,10.00,21377,5.00
18,2021-02-11,5,34,47,60,69,70,64,21,,105404265.00,0,,0,,2,99310.90,503,410.06,20234,30.29,350029,5.40,0,,1,41006.00,86,3029.00,2028,100.00,13231,10.00,29112,5.00
19,2021-02-13,36,39,46,58,63,77,57,65,,106703896.00,0,,0,,9,26611.81,564,438.20,21838,33.77,353564,6.45,0,,2,43820.00,86,3377.00,1627,100.00,11140,10.00,28001,5.00
20,2021-02-16,9,19,30,52,61,76,54,30,,107898012.00,0,,0,,6,33127.34,762,270.87,28013,21.89,413161,5.00,0,,9,27087.00,177,2189.00,2224,100.00,11913,10.00,22404,5.00
21,2021-02-18,28,52,56,62,66,72,58,13,,109016615.00,0,,0,,9,21750.75,508,400.38,19398,31.14,310620,6.00,0,,1,40038.00,223,3114.00,3546,100.00,25583,10.00,65401,5.00
22,2021-02-20,3,18,25,31,65,75,29,65,,110320867.00,0,,0,,11,21972.01,816,305.55,31942,23.29,477949,5.00,0,,3,30555.00,231,2329.00,2575,100.00,13127,10.00,24799,5.00
23,2021-02-23,7,37,42,57,59,87,15,17,,111522279.32,0,,0,,6,33284.80,787,263.46,24042,25.63,340519,5.58,0,,12,26346.00,252,2563.00,2783,100.00,19286,10.00,42959,5.00
24,2021-02-25,13,26,42,71,72,73,62,30,,112639055.22,0,,0,,6,32493.80,550,368.37,21129,28.48,340677,5.45,0,,7,36837.00,113,2848.00,1615,100.00,10076,10.00,23521,5.00
25,2021-02-27,10,37,42,69,72,86,85,2,,113951440.85,0,,0,,7,34850.27,715,351.87,27341,27.47,425849,5.45,0,,2,35187.00,112,2747.00,1938,100.00,13235,10.00,30197,5.00
26,2021-03-02,3,32,39,56,77,89,90,82,,115169363.37,0,,0,,3,67616.63,552,374.77,21321,29.18,349620,5.52,0,,2,37477.00,85,2918.00,1489,100.00,10129,10.00,23273,5.00
27,2021-03-04,2,4,13,45,51,77,5,64,,116302895.53,0,,0,,8,24729.25,709,284.71,28306,21.44,423825,5.00,0,,4,28471.00,117,2144.00,1940,100.00,11997,10.00,24163,5.00
28,2021-03-06,4,36,43,61,72,89,22,29,,117619676.16,0,,0,,6,40656.69,550,450.84,21974,34.01,381027,6.09,0,,1,45084.00,129,3401.00,1908,100.00,14117,10.00,32745,5.00
29,2021-03-09,8,15,20,52,54,72,81,79,,118820457.59,0,,0,,9,22079.64,818,247.85,31196,19.54,434803,5.00,0,,1,24785.00,144,1954.00,1736,100.00,11230,10.00,22527,5.00
30,2021-03-11,9,31,51,68,84,90,33,41,,119946251.08,0,,1,611340.44,9,21945.56,660,305.35,23848,25.40,388304,5.00,0,,3,30535.00,98,2540.00,1599,100.00,10103,10.00,21543,5.00
31,2021-03-13,28,29,43,59,70,79,52,79,,120957954.94,0,,0,,1,244204.38,483,513.93,21974,34.05,381754,6.09,0,,2,51393.00,126,3405.00,1986,100.00,12421,10.00,26127,5.00
32,2021-03-16,28,43,48,65,84,89,9,2,,122154604.17,0,,0,,3,65873.53,478,421.85,18882,32.10,306437,6.14,0,,1,42185.00,119,3210.00,1471,100.00,9779,10.00,25158,5.00
33,2021-03-18,11,38,51,58,62,63,47,56,,123270449.47,0,,1,605175.32,2,97759.09,442,451.45,19441,30.85,320447,5.81,0,,5,45145.00,87,3085.00,1667,100.00,11628,10.00,28159,5.00
34,2021-03-20,6,10,57,71,74,83,39,40,,124270413.76,0,,0,,7,34481.53,735,333.87,30708,24.08,483099,5.00,0,,10,33387.00,162,2408.00,2165,100.00,12854,10.00,26804,5.00
35,2021-03-23,2,11,13,45,66,72,25,84,,125471825.89,0,,0,,7,28546.98,940,216.86,30176,20.31,431235,5.00,0,,3,21686.00,107,2031.00,1539,100.00,9521,10.00,19993,5.00
36,2021-03-25,15,28,30,52,75,86,37,32,,126593101.92,0,,1,606679.48,6,32667.36,472,423.79,21631,27.80,328122,5.68,0,,2,42379.00,79,2780.00,1545,100.00,9503,10.00,21503,5.00
37,2021-03-27,16,19,41,72,78,82,70,46,,127609945.29,0,,0,,3,81814.99,829,300.93,29048,25.88,449505,5.20,0,,1,30093.00,113,2588.00,2098,100.00,13288,10.00,29692,5.00
38,2021-03-30,10,25,41,58,78,87,73,33,,128819499.73,0,,0,,5,40054.45,531,384.74,20799,29.53,340793,5.59,0,,1,38474.00,117,2953.00,1797,100.00,12373,10.00,27881,5.00
39,2021-04-01,22,37,57,62,83,90,3,87,,129962306.47,0,,0,,4,50258.90,740,276.20,21973,28.03,346045,5.53,0,,0,,67,2803.00,1518,100.00,9252,10.00,20990,5.00
40,2021-04-03,1,39,53,60,75,76,36,8,,131317831.55,0,,0,,3,84032.07,588,434.44,23173,33.29,404323,5.93,0,,1,43444.00,137,3329.00,2860,100.00,20474,10.00,45449,5.00
41,2021-04-06,7,27,73,77,78,89,26,41,,132480324.13,0,,0,,4,46606.95,737,257.51,26221,21.79,365153,5.00,0,,30,25751.00,280,2179.00,1710,100.00,8922,10.00,19259,5.00
42,2021-04-08,19,29,35,49,66,81,61,87,,133605986.20,0,,0,,8,25258.63,655,313.62,25226,24.54,386447,5.00,0,,4,31362.00,99,2454.00,1503,100.00,9412,10.00,20558,5.00
43,2021-04-10,9,27,67,80,87,89,65,18,,134955603.29,0,,0,,5,50056.83,673,376.88,30392,25.20,471436,5.05,0,,2,37688.00,160,2520.00,2931,100.00,18129,10.00,38996,5.00
44,2021-04-13,1,36,48,63,68,87,23,36,,136199707.49,0,,0,,8,25850.51,475,442.44,20421,31.02,344127,5.72,0,,1,44244.00,149,3102.00,2058,100.00,12208,10.00,24352,5.00
45,2021-04-15,12,33,44,71,72,80,69,12,,137357426.62,0,,0,,6,33699.18,651,315.75,23212,26.69,363596,5.29,0,,7,31575.00,196,2669.00,2725,100.00,15799,10.00,28664,5.00
46,2021-04-17,7,20,63,68,74,88,13,11,,138706916.96,0,,0,,8,31275.81,789,321.37,30460,25.14,485132,5.00,0,,8,32137.00,169,2514.00,3012,100.00,20250,10.00,41582,5.00
47,2021-04-20,1,32,48,58,68,75,59,10,,139943907.07,0,,0,,7,29302.28,465,448.33,19523,32.19,325325,6.00,0,,4,44833.00,216,3219.00,3447,100.00,27550,10.00,66840,5.00
48,2021-04-22,8,11,46,47,72,81,68,80,,141106105.96,0,,0,,4,50976.76,923,224.55,29986,20.83,430217,5.00,0,,2,22455.00,123,2083.00,2049,100.00,12416,10.00,24720,5.00
49,2021-04-24,10,20,21,29,34,44,58,33,,142458651.05,0,,0,,10,25030.43,853,297.37,35634,21.50,537245,5.00,0,,6,29737.00,142,2150.00,2850,100.00,15569,10.00,31243,5.00
50,2021-04-27,41,49,56,58,60,68,59,79,,143718892.61,0,,0,,1,210691.78,581,368.41,18132,35.59,298744,6.71,0,,1,36841.00,58,3559.00,1335,100.00,9983,10.00,25457,5.00
51,2021-04-29,14,62,64,66,76,87,79,48,,144893914.59,0,,0,,3,68306.43,439,474.43,18167,34.56,309268,6.31,0,,2,47443.00,95,3456.00,1751,100.00,11647,10.00,31052,5.00
52,2021-05-03,15,18,40,43,57,72,39,12,,146188987.48,0,,0,,5,47210.70,692,349.55,25852,28.05,403191,5.57,0,,1,34955.00,136,2805.00,2252,100.00,14639,10.00,32915,5.00
53,2021-05-04,6,43,48,60,75,85,1,2,,147301407.39,0,,0,,6,30055.71,432,430.96,16857,32.94,298202,5.75,0,,4,43096.00,73,3294.00,1378,100.00,9939,10.00,22785,5.00
54,2021-05-06,5,28,38,55,79,89,31,26,,148425435.06,0,,0,,4,50987.70,896,234.14,29395,21.34,410148,5.00,0,,3,23414.00,148,2134.00,2174,100.00,13080,10.00,27285,5.00
55,2021-05-08,37,38,44,45,60,65,66,10,,149764862.07,0,,1,764899.75,5,49424.30,451,560.89,21105,35.96,366849,6.41,0,,5,56089.00,92,3596.00,2293,100.00,15954,10.00,43380,5.00
56,2021-05-11,23,30,50,59,60,83,16,86,,150622898.00,0,,1,641061.33,12,17259.35,867,245.62,25383,25.09,354235,5.56,0,,4,24562.00,87,2509.00,1556,100.00,9871,10.00,23718,5.00
57,2021-05-13,4,13,20,51,69,82,9,27,,151473054.14,0,,1,635174.12,9,22801.13,1014,208.13,33339,18.93,451258,5.00,0,,4,20813.00,166,1893.00,2668,100.00,15477,10.00,31187,5.00
58,2021-05-15,15,36,49,59,60,62,77,20,,152516120.60,0,,0,,3,83924.89,538,478.83,22046,35.07,376405,6.37,0,,4,47883.00,114,3507.00,1922,100.00,14498,10.00,38526,5.00
59,2021-05-18,10,11,15,19,47,78,68,90,,153769404.57,0,,0,,18,11581.29,1501,142.77,45701,14.02,542189,5.00,1,289532.25,8,14277.00,415,1402.00,4855,100.00,25199,10.00,44466,5.00
60,2021-05-20,27,31,36,39,46,67,19,88,,154940765.83,0,,0,,2,102434.12,560,376.26,20007,31.49,322498,6.05,0,,0,,89,3149.00,1503,100.00,11172,10.00,28920,5.00
61,2021-05-22,1,7,37,43,63,81,34,26,,156294151.36,1,156294151.36,0,,13,19242.16,897,285.38,31088,24.71,495951,5.00,0,,3,28538.00,123,2471.00,2078,100.00,14447,10.00,30900,5.00
62,2021-05-25,5,39,45,49,59,71,4,9,,31152006.93,0,,0,,7,25620.74,582,318.18,21351,25.87,311497,5.48,0,,3,31818.00,141,2587.00,1946,100.00,13412,10.00,30356,5.00
63,2021-05-27,24,38,81,86,88,89,54,71,,32165322.48,0,,0,,3,59198.89,520,352.76,18378,29.76,281394,6.01,0,,2,35276.00,86,2976.00,1474,100.00,9597,10.00,23523,5.00
64,2021-05-29,23,31,62,71,74,77,8,80,,33344589.87,0,,0,,4,54576.80,456,491.55,20237,33.16,345499,6.01,0,,2,49155.00,93,3316.00,1444,100.00,9870,10.00,24618,5.00
65,2021-06-01,9,21,27,41,45,53,66,27,,34447709.80,0,,0,,4,46179.70,566,332.97,24062,23.55,364114,5.00,0,,4,33297.00,194,2355.00,2518,100.00,13586,10.00,23841,5.00
66,2021-06-03,17,27,40,72,86,87,48,2,,35436898.12,0,,0,,3,56588.48,418,415.10,19148,27.21,301353,5.36,0,,3,41510.00,75,2721.00,1340,100.00,9327,10.00,20847,5.00
67,2021-06-05,53,73,75,83,84,85,27,76,,36599435.90,0,,0,,12,18099.54,627,352.37,21339,31.19,325770,6.34,1,452488.50,2,35237.00,116,3119.00,1385,100.00,9351,10.00,23800,5.00
68,2021-06-08,2,9,11,72,76,86,67,79,,37681972.01,0,,0,,8,22520.75,1005,182.99,32154,17.19,418176,5.00,0,,2,18299.00,151,1719.00,1901,100.00,10100,10.00,19577,5.00
69,2021-06-10,27,37,42,44,76,83,50,25,,38688896.64,0,,0,,7,25106.78,401,447.61,15752,34.24,268001,6.24,0,,4,44761.00,98,3424.00,1615,100.00,12071,10.00,32105,5.00
70,2021-06-12,2,9,27,54,69,78,16,62,,39842809.42,0,,0,,8,26609.74,969,223.55,34955,18.66,462553,5.00,0,,4,22355.00,117,1866.00,1750,100.00,11291,10.00,22623,5.00
71,2021-06-15,10,14,25,43,54,65,11,79,,40900507.10,0,,0,,6,29297.17,548,327.61,21101,25.56,331360,5.05,1,732429.25,3,32761.00,78,2556.00,1428,100.00,9108,10.00,19589,5.00
72,2021-06-17,20,33,39,42,43,78,40,49,,41881087.95,0,,0,,3,57008.63,370,472.36,15959,32.89,263733,6.17,0,,2,47236.00,100,3289.00,1515,100.00,11037,10.00,27182,5.00
73,2021-06-19,1,3,41,55,84,85,47,87,,43005597.56,0,,0,,7,29649.20,544,388.40,24919,25.53,410507,5.00,0,,2,38840.00,107,2553.00,1595,100.00,9946,10.00,21132,5.00
74,2021-06-22,30,51,56,59,65,68,83,40,,44033029.05,0,,0,,6,28411.63,436,399.58,15624,33.49,256105,6.33,0,,3,39958.00,80,3349.00,1114,100.00,8018,10.00,19745,5.00
75,2021-06-24,40,43,56,59,63,88,25,2,,44985442.38,0,,0,,7,23744.52,413,411.52,14818,34.43,239590,6.60,0,,3,41152.00,64,3443.00,1240,100.00,8287,10.00,21760,5.00
76,2021-06-26,28,39,44,57,61,88,43,26,,46280643.91,0,,0,,4,62636.08,695,365.88,27126,28.28,409760,5.82,0,,2,36588.00,142,2828.00,2822,100.00,19691,10.00,43523,5.00
77,2021-06-29,10,30,52,53,66,87,77,20,,47371471.07,0,,0,,3,56569.66,430,403.38,17499,29.77,305925,5.28,0,,4,40338.00,91,2977.00,1608,100.00,10740,10.00,23472,5.00
78,2021-07-01,8,11,44,86,88,89,31,8,,48340288.58,0,,0,,11,15495.96,799,301.19,28079,21.00,358037,5.00,0,,6,30119.00,292,2100.00,3011,100.00,14423,10.00,24140,5.00
79,2021-07-03,42,45,52,65,70,85,67,61,,49458066.73,0,,0,,8,25766.58,517,534.49,19964,34.98,313518,6.26,1,644164.50,3,53449.00,82,3498.00,1416,100.00,9655,10.00,24302,5.00
80,2021-07-06,11,15,20,40,69,73,65,48,,50499136.86,0,,0,,5,34857.85,735,332.63,26690,22.53,369473,5.00,0,,4,33263.00,138,2253.00,1883,100.00,10817,10.00,22812,5.00
81,2021-07-08,21,24,25,61,73,74,58,24,,51463567.93,0,,0,,3,55895.22,327,727.47,14718,39.49,269654,5.92,0,,3,72747.00,104,3949.00,1954,100.00,11875,10.00,21486,5.00
82,2021-07-10,8,13,16,27,32,62,4,31,,52574551.78,0,,0,,10,20552.74,760,362.79,29078,23.95,420482,5.00,0,,2,36279.00,121,2395.00,1922,100.00,11915,10.00,24377,5.00
83,2021-07-13,58,68,70,74,76,89,3,74,,53603119.70,0,,0,,2,85748.79,435,555.62,14478,40.94,242233,6.74,0,,0,,60,4094.00,1461,100.00,9264,10.00,20630,5.00
84,2021-07-15,2,25,37,54,57,87,80,77,,54575449.43,0,,0,,13,13125.78,538,447.64,19459,30.33,299925,5.41,0,,1,44764.00,107,3033.00,1671,100.00,10398,10.00,24139,5.00
85,2021-07-17,6,37,64,71,85,87,16,23,,55703963.63,0,,0,,5,41731.40,544,512.60,21222,33.27,358155,5.54,0,,6,51260.00,146,3327.00,2441,100.00,15731,10.00,36423,5.00
86,2021-07-20,28,34,49,65,79,90,1,80,,56740955.78,0,,0,,4,43090.47,486,499.09,19598,30.38,301889,5.43,0,,2,49909.00,74,3038.00,1312,100.00,8625,10.00,19198,5.00
87,2021-07-22,1,6,10,61,63,64,15,37,,57700331.41,0,,0,,13,12860.42,1021,232.50,28793,20.13,374314,5.00,0,,2,23250.00,98,2013.00,1704,100.00,9865,10.00,21244,5.00
88,2021-07-24,21,25,40,50,71,87,22,18,,58796116.57,0,,0,,5,40409.12,558,487.89,21662,31.66,346661,5.55,0,,5,48789.00,109,3166.00,1988,100.00,13458,10.00,31179,5.00
89,2021-07-27,1,6,24,36,82,83,58,78,,59803523.92,0,,0,,6,27948.42,593,401.16,22673,25.63,340111,5.00,0,,2,40116.00,98,2563.00,1399,100.00,9286,10.00,19788,5.00
90,2021-07-29,3,14,21,31,84,89,45,68,,,0,,0,,8,20953.16,610,389.87,22909,25.36,334631,5.00,0,,3,38987.00,87,2536.00,1449,100.00,9529,10.00,19584,5.00
91,2021-07-31,14,22,36,47,59,61,35,56,,61852371.95,0,,0,,6,33610.45,478,568.74,18562,36.89,315784,6.08,0,,3,56874.00,94,3689.00,1639,100.00,11566,10.00,28311,5.00
92,2021-08-03,14,55,65,68,78,88,36,82,,62881293.16,0,,0,,4,43256.64,449,404.72,17504,30.62,280981,5.86,0,,3,40472.00,65,3062.00,1164,100.00,7945,10.00,19205,5.00
93,2021-08-05,28,37,41,44,52,84,86,12,,63848945.38,0,,0,,8,21116.86,392,453.14,15595,33.57,254125,6.33,0,,2,45314.00,113,3357.00,1409,100.00,9821,10.00,25198,5.00
94,2021-08-07,1,7,34,37,45,49,57,57,,64943463.09,0,,0,,5,40217.22,633,331.40,25176,24.68,408434,5.00,0,,1,33140.00,102,2468.00,1763,100.00,10768,10.00,22308,5.00
95,2021-08-10,14,16,47,49,53,56,22,59,,65951632.00,0,,1,520720.43,4,42058.19,529,334.45,17695,29.46,280832,5.70,0,,2,33445.00,70,2946.00,1209,100.00,8607,10.00,19245,5.00
96,2021-08-12,17,55,59,61,62,90,21,72,,66631564.25,0,,0,,3,54707.20,573,301.60,20843,24.41,303831,5.14,0,,3,30160.00,103,2441.00,1382,100.00,8916,10.00,20508,5.00
97,2021-08-14,53,64,72,74,87,89,39,4,,67679390.61,0,,0,,3,63871.28,478,419.05,17765,33.36,293788,6.21,0,,3,41905.00,103,3336.00,1597,100.00,12096,10.00,31237,5.00
98,2021-08-17,2,3,10,38,64,70,69,39,,68645621.41,0,,0,,6,26941.38,780,218.39,26994,18.57,369141,5.00,0,,2,21839.00,136,1857.00,1572,100.00,9384,10.00,19053,5.00
99,2021-08-19,3,4,31,80,81,87,53,53,,69564087.14,0,,0,,3,53770.93,510,333.35,20161,24.81,323695,5.00,0,,8,33335.00,120,2481.00,1459,100.00,9404,10.00,20665,5.00
100,2021-08-21,8,19,35,59,86,90,33,53,,70602549.62,0,,1,589342.10,20,9520.15,909,219.03,31399,18.75,444957,5.00,0,,7,21903.00,158,1875.00,2031,100.00,11541,10.00,22566,5.00
101,2021-08-24,12,27,43,48,63,66,18,22,,71306366.40,0,,0,,4,42471.71,548,325.88,20358,25.85,322975,5.00,0,,1,32588.00,131,2585.00,2268,100.00,14437,10.00,30829,5.00
102,2021-08-26,17,21,32,40,55,76,89,4,,72264824.32,0,,0,,3,55962.82,408,432.80,17135,30.36,286430,5.58,0,,1,43280.00,117,3036.00,1651,100.00,10077,10.00,23703,5.00
103,2021-08-28,44,54,56,63,76,77,61,75,,73365984.87,0,,0,,4,50770.11,446,474.83,18405,34.09,309008,6.25,0,,3,47483.00,77,3409.00,1434,100.00,9573,10.00,27181,5.00
104,2021-08-31,3,5,10,44,76,77,19,71,,74407023.20,0,,1,542972.04,18,9745.66,1161,158.58,33572,16.18,421694,5.00,0,,5,15858.00,126,1618.00,1842,100.00,10310,10.00,19621,5.00
105,2021-09-02,5,15,39,72,76,80,12,6,,75131730.10,0,,0,,4,43732.32,536,331.75,20510,26.13,324879,5.12,0,,4,33175.00,94,2613.00,1699,100.00,11132,10.00,23752,5.00
106,2021-09-04,7,60,68,71,79,80,53,68,,76278329.96,0,,0,,4,52854.59,432,496.08,20815,31.09,362695,5.55,0,,3,49608.00,141,3109.00,1856,100.00,11720,10.00,22763,5.00
107,2021-09-07,7,20,21,31,67,89,63,89,,77347425.78,0,,0,,14,12791.40,1093,166.48,32241,17.01,401824,5.00,0,,9,16648.00,225,1701.00,2295,100.00,10783,10.00,21600,5.00
108,2021-09-09,6,58,64,73,76,86,59,45,,78351045.33,0,,0,,7,25050.79,365,488.34,16218,33.13,277730,6.01,0,,4,48834.00,66,3313.00,1330,100.00,9189,10.00,21281,5.00
109,2021-09-11,1,30,36,49,75,85,33,73,,79504632.41,0,,0,,8,26618.22,587,367.69,22090,29.50,368796,5.49,0,,0,,91,2950.00,1516,100.00,10415,10.00,23959,5.00
110,2021-09-14,3,14,42,52,69,81,63,3,,80574720.58,0,,0,,2,89374.23,652,278.58,21207,25.82,334991,5.08,0,,4,27858.00,130,2582.00,2158,100.00,13548,10.00,24574,5.00
111,2021-09-16,12,16,40,46,47,83,57,16,,81576841.36,0,,0,,6,29186.23,422,421.81,18327,29.27,311203,5.35,0,,1,42181.00,137,2927.00,2412,100.00,15856,10.00,27959,5.00
112,2021-09-18,22,56,60,73,76,80,81,4,,82737178.97,0,,0,,3,71554.70,460,472.94,18644,35.24,319586,6.39,0,,4,47294.00,105,3524.00,1541,100.00,11746,10.00,31177,5.00
113,2021-09-21,5,6,29,59,68,74,54,53,,83803988.90,0,,0,,5,35463.05,638,282.45,24945,21.77,370027,5.00,0,,2,28245.00,135,2177.00,1715,100.00,10621,10.00,21481,5.00
114,2021-09-23,8,21,38,42,49,51,2,58,,84807407.36,0,,0,,7,25138.01,510,350.69,20432,26.38,329640,5.08,0,,1,35069.00,83,2638.00,1441,100.00,9198,10.00,19990,5.00
115,2021-09-25,11,19,61,62,75,76,43,24,,85970989.42,0,,0,,8,26891.28,627,347.71,25575,25.74,407569,5.02,0,,3,34771.00,107,2574.00,2007,100.00,12498,10.00,26492,5.00
116,2021-09-28,14,18,19,33,34,80,48,19,,87049230.71,0,,0,,5,35980.09,458,399.10,20329,27.11,346997,5.00,1,899502.25,6,39910.00,184,2711.00,3416,100.00,18686,10.00,31023,5.00
117,2021-09-30,7,32,33,36,45,47,43,19,,88062134.90,0,,0,,5,35457.99,413,436.27,18311,29.66,304933,5.53,0,,2,43627.00,141,2966.00,1822,100.00,14108,10.00,32930,5.00
118,2021-10-02,9,19,40,62,67,71,52,58,,89233220.49,0,,0,,7,30920.98,751,293.37,30530,21.73,451635,5.00,0,,4,29337.00,104,2173.00,1827,100.00,10784,10.00,24181,5.00
119,2021-10-05,21,40,62,66,73,85,58,67,,90320968.19,0,,0,,3,60567.74,505,367.49,16563,33.66,277813,6.22,0,,12,36749.00,232,3366.00,3491,100.00,23179,10.00,59810,5.00
120,2021-10-07,15,18,22,26,66,77,67,78,,91347733.85,0,,0,,5,35992.47,624,294.61,23750,23.25,354154,5.00,0,,2,29461.00,84,2325.00,1401,100.00,9091,10.00,19261,5.00
121,2021-10-09,7,9,70,72,77,86,53,20,,92565355.18,0,,0,,1,226681.28,941,245.01,33999,20.43,494619,5.00,0,,4,24501.00,138,2043.00,2738,100.00,15979,10.00,30637,5.00
122,2021-10-12,46,53,55,60,64,90,77,72,,93697487.16,0,,0,,3,62864.49,470,409.51,19324,29.94,316118,5.68,0,,4,40951.00,88,2994.00,1481,100.00,9784,10.00,23438,5.00
123,2021-10-14,8,14,25,59,60,88,27,31,,94752174.33,0,,0,,5,36825.62,677,277.70,24238,23.31,359469,5.00,0,,4,27770.00,122,2331.00,1608,100.00,9876,10.00,20844,5.00
124,2021-10-16,32,41,50,57,67,89,13,90,,95974665.57,0,,0,,5,45260.13,569,404.53,21381,32.43,339047,6.35,0,,2,40453.00,131,3243.00,2418,100.00,17776,10.00,48047,5.00
125,2021-10-19,21,28,38,42,66,88,60,6,,97102154.16,0,,0,,6,31269.14,491,390.00,20942,27.48,320059,5.58,0,,2,39000.00,93,2748.00,1666,100.00,10963,10.00,25733,5.00
126,2021-10-21,9,10,26,27,77,86,16,23,,98153900.49,0,,0,,12,15315.32,920,203.98,31755,17.76,433471,5.00,0,,7,20398.00,210,1776.00,2888,100.00,16051,10.00,31046,5.00
127,2021-10-23,1,11,12,15,20,83,46,80,,99382507.62,0,,1,705421.70,39,5843.73,2974,77.93,65619,10.64,628102,5.00,0,,7,7793.00,231,1064.00,2509,100.00,12890,10.00,23506,5.00
128,2021-10-26,20,24,25,49,57,68,16,53,,100178275.22,0,,1,594539.01,8,24010.23,489,400.73,20977,28.09,343798,5.32,0,,3,40073.00,115,2809.00,1924,100.00,11989,10.00,25357,5.00
129,2021-10-28,2,25,34,67,73,77,36,11,,100957220.95,0,,0,,4,47005.35,506,379.25,19828,29.09,327813,5.46,0,,5,37925.00,161,2909.00,2139,100.00,15104,10.00,34149,5.00
130,2021-10-30,20,31,41,43,48,79,26,46,,102202782.82,0,,0,,3,76805.00,450,520.65,21126,33.42,362035,6.06,0,,0,,90,3342.00,1763,100.00,12328,10.00,28820,5.00
131,2021-11-02,22,27,51,55,77,86,33,42,,103317745.11,0,,0,,10,18305.43,704,267.10,23854,23.59,329639,5.28,0,,4,26710.00,200,2359.00,3150,100.00,20047,10.00,49966,5.00
132,2021-11-04,22,25,38,41,61,68,24,3,,104384561.09,0,,0,,5,37825.00,406,478.11,16586,35.05,285215,6.31,0,,2,47811.00,80,3505.00,1504,100.00,11122,10.00,28729,5.00
133,2021-11-06,6,21,56,63,81,85,51,61,,105642086.93,0,,0,,7,33270.09,846,281.18,30815,23.19,449355,5.00,0,,2,28118.00,148,2319.00,1768,100.00,10960,10.00,23944,5.00
134,2021-11-09,3,6,14,17,54,60,83,78,,106797458.50,0,,0,,10,19188.35,980,200.89,33723,17.48,449861,5.00,0,,0,,128,1748.00,1697,100.00,9909,10.00,19785,5.00
135,2021-11-11,4,23,52,65,79,88,37,53,,107879179.37,0,,0,,4,47356.11,785,247.66,27085,21.49,370086,5.00,0,,0,,100,2149.00,1758,100.00,11700,10.00,25476,5.00
136,2021-11-13,13,40,60,66,73,75,23,49,,109141176.81,0,,0,,1,233858.07,595,401.42,22461,31.95,373950,5.95,0,,2,40142.00,87,3195.00,1925,100.00,14609,10.00,34450,5.00
137,2021-11-16,7,17,19,38,66,71,90,35,,110297630.26,0,,2,296807.28,15,12785.55,1230,159.97,37625,15.66,460274,5.00,0,,6,15997.00,166,1566.00,2071,100.00,12177,10.00,24273,5.00
138,2021-11-18,22,24,38,42,44,87,67,13,,111086941.24,0,,0,,2,95261.67,521,375.26,17846,32.81,305376,5.94,0,,2,37526.00,120,3281.00,1952,100.00,14614,10.00,36843,5.00
139,2021-11-20,7,48,58,60,86,87,55,22,,112348163.30,0,,0,,5,46652.08,548,434.76,22993,31.13,391638,5.67,0,,4,43476.00,157,3113.00,2501,100.00,15630,10.00,34667,5.00
140,2021-11-23,6,17,23,24,43,72,81,30,,113600046.31,0,,0,,9,23893.47,857,256.74,31284,21.10,449546,5.00,0,,1,25674.00,138,2110.00,2461,100.00,14855,10.00,30802,5.00
141,2021-11-25,6,45,61,82,84,88,16,36,,114784622.84,0,,0,,3,68533.60,531,396.59,22541,28.01,354567,5.52,0,,4,39659.00,158,2801.00,1909,100.00,12687,10.00,28208,5.00
142,2021-11-27,24,30,38,47,48,78,8,57,,116115689.27,0,,0,,6,40747.84,625,399.16,25385,29.54,404119,5.76,0,,2,39916.00,120,2954.00,1953,100.00,13766,10.00,32749,5.00
143,2021-11-30,11,34,44,64,75,82,48,5,,117302052.86,0,,0,,2,97516.14,450,444.49,19157,31.28,319130,5.82,0,,2,44449.00,157,3128.00,2420,100.00,16060,10.00,36370,5.00
144,2021-12-02,15,24,48,60,70,89,34,17,,118388354.83,0,,0,,8,23669.25,528,365.31,19550,29.69,314167,5.74,0,,1,36531.00,198,2969.00,2604,100.00,19431,10.00,47438,5.00
145,2021-12-04,37,43,68,72,76,85,27,11,,119669980.18,0,,0,,4,59655.55,712,340.10,23874,30.60,366833,6.19,0,,6,34010.00,133,3060.00,2094,100.00,16052,10.00,44623,5.00
146,2021-12-07,9,12,23,38,59,88,76,18,,120878216.44,0,,0,,4,50625.69,838,245.86,30302,20.48,447458,5.00,0,,4,24586.00,175,2048.00,2740,100.00,16216,10.00,31243,5.00
147,2021-12-09,10,48,70,75,79,83,82,77,,121962695.17,0,,0,,1,186123.14,459,413.19,19807,28.81,320516,5.53,0,,2,41319.00,98,2881.00,1635,100.00,11774,10.00,26631,5.00
148,2021-12-11,7,17,45,64,76,81,42,72,,123240613.16,0,,0,,12,19911.19,830,292.12,30118,24.29,466580,5.00,0,,4,29212.00,182,2429.00,2071,100.00,13476,10.00,29720,5.00
149,2021-12-14,35,59,64,65,68,73,50,49,,124440857.65,0,,0,,2,100228.58,515,396.09,18884,32.53,297158,6.42,0,,0,,80,3253.00,1535,100.00,11587,10.00,29831,5.00
150,2021-12-16,12,35,37,41,75,76,16,13,,125563808.30,0,,0,,7,28024.81,459,435.08,18365,32.74,309086,6.04,0,,2,43508.00,121,3274.00,1825,100.00,14539,10.00,36005,5.00
151,2021-12-18,6,31,44,57,73,77,61,80,,126865914.60,0,,0,,5,48203.66,617,396.35,25255,29.22,419729,5.46,0,,1,39635.00,124,2922.00,1829,100.00,12665,10.00,27886,5.00
152,2021-12-21,30,49,61,62,79,87,63,48,,128096132.12,0,,0,,3,68971.17,451,466.61,17333,36.58,294940,6.68,0,,7,46661.00,103,3658.00,1564,100.00,12162,10.00,31260,5.00
153,2021-12-23,11,15,17,37,54,89,8,38,,129322585.18,0,,0,,9,24305.02,846,262.73,30446,22.01,454152,5.00,0,,4,26273.00,137,2201.00,2177,100.00,14271,10.00,29076,5.00
154,2021-12-27,6,10,11,41,61,80,76,47,,130554139.26,0,,0,,9,23950.73,1009,217.13,35676,18.51,479448,5.00,0,,5,21713.00,220,1851.00,2875,100.00,15870,10.00,32254,5.00
155,2021-12-28,13,19,47,70,77,83,31,59,,131508471.32,0,,0,,2,74916.01,540,284.00,20056,22.94,302487,5.00,0,,1,28400.00,93,2294.00,1302,100.00,7647,10.00,16471,5.00
156,2021-12-30,10,20,40,55,68,86,26,76,,132670329.26,0,,0,,15,14965.12,855,266.67,33069,20.79,443938,5.00,0,,0,,133,2079.00,1911,100.00,11366,10.00,24205,5.00
1,2022-01-03,9,47,50,67,73,74,85,49,,133911680.46,0,,0,,5,43156.05,658,342.35,25500,26.16,391695,5.24,1,1078901.25,1,34235.00,118,2616.00,1912,100.00,13804,10.00,30379,5.00
2,2022-01-04,5,18,59,78,81,89,10,9,,134984630.97,0,,0,,6,29730.09,595,315.74,22041,25.09,340469,5.00,0,,3,31574.00,135,2509.00,2048,100.00,13041,10.00,28023,5.00
3,2022-01-08,35,42,49,63,68,78,1,33,,136361482.00,0,,0,,4,66426.74,756,364.01,25730,31.84,389066,6.50,0,,2,36401.00,136,3184.00,2104,100.00,15402,10.00,39339,5.00
4,2022-01-10,3,25,30,58,66,84,72,55,,137323365.91,0,,0,,1,132920.52,440,323.65,16074,25.79,245218,5.16,0,,3,32365.00,92,2579.00,1420,100.00,9294,10.00,20775,5.00
5,2022-01-11,15,22,24,33,38,71,47,45,,138224077.07,0,,0,,7,23965.55,495,358.07,18954,27.47,300658,5.31,0,,3,35807.00,67,2747.00,1414,100.00,9081,10.00,19862,5.00
6,2022-01-13,10,34,56,66,78,87,52,29,,139293857.01,0,,0,,6,32592.37,733,279.73,22410,27.01,330447,5.63,0,,3,27973.00,67,2701.00,1870,100.00,12697,10.00,29034,5.00
7,2022-01-15,6,19,48,51,73,89,32,40,,140591983.88,0,,0,,14,17163.51,1065,234.53,34112,21.74,498298,5.00,0,,4,23453.00,180,2174.00,2153,100.00,13808,10.00,27890,5.00
8,2022-01-18,33,34,43,46,49,66,87,78,,141804641.73,0,,0,,6,33824.56,534,397.81,18489,33.96,305811,6.32,0,,2,39781.00,90,3396.00,1485,100.00,9502,10.00,23496,5.00
9,2022-01-20,32,33,37,53,77,79,76,61,,142939412.60,0,,1,613155.97,5,39619.31,505,411.05,19067,32.16,317055,5.95,0,,1,41105.00,81,3216.00,1232,100.00,8488,10.00,21276,5.00
10,2022-01-22,5,13,27,37,50,59,76,47,,143944085.12,0,,0,,4,60626.79,823,306.19,32175,23.26,478577,5.00,0,,5,30619.00,171,2326.00,2389,100.00,14901,10.00,31505,5.00
11,2022-01-25,4,13,16,21,23,50,63,79,,145158540.45,0,,0,,14,14468.05,1162,182.47,37472,16.72,460358,5.00,0,,5,18247.00,150,1672.00,2151,100.00,12315,10.00,24516,5.00
12,2022-01-27,30,53,63,74,83,88,44,27,,146307613.68,0,,0,,6,33616.05,442,477.79,18036,34.60,303630,6.32,0,,1,47779.00,113,3460.00,2048,100.00,13612,10.00,35212,5.00
13,2022-01-29,1,23,63,79,82,89,68,52,,147639580.42,0,,0,,6,41027.15,636,401.96,26912,28.22,445488,5.26,0,,2,40196.00,140,2822.00,2173,100.00,15539,10.00,33377,5.00
14,2022-02-01,5,10,29,31,47,58,34,44,,148881424.72,0,,0,,14,14842.73,978,216.81,33187,19.21,453996,5.00,1,371068.25,4,21681.00,140,1921.00,2180,100.00,12763,10.00,27191,5.00
15,2022-02-03,21,26,28,35,65,77,46,60,,150050660.59,0,,0,,3,68201.21,526,397.04,23251,27.00,362871,5.36,0,,4,39704.00,136,2700.00,1723,100.00,10136,10.00,22452,5.00
16,2022-02-05,30,39,48,55,76,81,82,11,,151398146.39,0,,0,,6,41470.47,574,440.88,23143,32.94,394397,6.00,0,,4,44088.00,137,3294.00,2382,100.00,17732,10.00,43967,5.00
17,2022-02-08,36,38,57,62,64,81,68,28,,152645297.38,0,,0,,8,26010.68,531,399.86,19717,32.37,310152,6.38,0,,8,39986.00,153,3237.00,2436,100.00,15703,10.00,40280,5.00
18,2022-02-10,25,35,51,52,58,59,82,71,,153813722.65,0,,0,,4,51075.16,503,414.60,19270,32.53,316632,6.14,0,,2,41460.00,96,3253.00,1554,100.00,10604,10.00,26123,5.00
19,2022-02-12,14,22,27,47,68,77,44,45,,155166502.54,0,,0,,6,41702.32,899,283.04,32781,23.39,477916,5.00,0,,4,28304.00,165,2339.00,2133,100.00,13421,10.00,28521,5.00
20,2022-02-15,1,9,44,49,60,74,70,38,,156413572.32,0,,0,,4,51886.54,622,340.49,25088,25.38,408218,5.00,1,1297163.50,4,34049.00,111,2538.00,1767,100.00,11743,10.00,25180,5.00
21,2022-02-17,36,48,67,77,85,87,38,74,,157582473.55,0,,0,,5,40923.40,583,358.25,21297,29.48,329502,5.91,0,,2,35825.00,80,2948.00,1468,100.00,9758,10.00,23268,5.00
22,2022-02-19,9,13,15,65,74,81,66,24,,158937025.67,0,,0,,9,27835.95,780,326.62,31495,24.37,495420,5.00,0,,0,,142,2437.00,2346,100.00,14770,10.00,31997,5.00
23,2022-02-22,9,15,29,59,64,74,22,16,,160209422.94,0,,0,,15,14236.27,816,266.89,28201,23.22,404799,5.02,0,,4,26689.00,148,2322.00,2076,100.00,13897,10.00,30109,5.00
24,2022-02-24,16,28,38,52,69,73,17,47,,161394086.08,0,,0,,12,17181.75,604,348.38,23109,27.37,356007,5.51,0,,6,34838.00,124,2737.00,1756,100.00,12360,10.00,28342,5.00
25,2022-02-26,6,24,38,52,84,87,4,81,,162745510.98,0,,0,,8,31148.05,754,336.11,27728,27.54,432545,5.48,0,,8,33611.00,129,2754.00,2009,100.00,13507,10.00,32539,5.00
26,2022-03-01,15,44,60,79,81,83,64,64,,164005682.83,0,,0,,5,42218.66,433,497.54,19010,34.07,321959,6.24,0,,1,49754.00,76,3407.00,1448,100.00,9901,10.00,25045,5.00
27,2022-03-03,31,33,40,43,47,80,2,21,,165190641.70,0,,0,,4,51791.97,478,442.49,19335,32.87,315318,6.25,0,,1,44249.00,108,3287.00,1804,100.00,13417,10.00,34316,5.00
28,2022-03-05,3,9,58,66,68,80,35,77,,166551108.32,0,,0,,6,41833.04,804,317.58,32635,23.57,514777,5.00,0,,4,31758.00,157,2357.00,2644,100.00,16701,10.00,33737,5.00
29,2022-03-08,3,15,16,21,31,80,24,70,,167805124.85,0,,0,,22,9496.82,1138,187.41,34264,18.71,446117,5.00,0,,3,18741.00,178,1871.00,2046,100.00,11827,10.00,25913,5.00
30,2022-03-10,18,34,39,47,52,66,22,69,,168975656.86,0,,0,,9,22721.52,668,312.62,23227,27.01,336032,5.79,0,,5,31262.00,194,2701.00,2315,100.00,14650,10.00,34730,5.00
31,2022-03-12,24,32,41,56,76,80,10,11,,170322796.48,0,,0,,2,124390.16,493,513.43,21546,35.39,361840,6.54,0,,3,51343.00,171,3539.00,2213,100.00,16889,10.00,45204,5.00
32,2022-03-15,8,22,53,65,75,86,55,44,,171570340.66,0,,0,,9,23132.91,743,286.05,25796,24.76,395071,5.01,0,,2,28605.00,106,2476.00,1849,100.00,11620,10.00,24442,5.00
33,2022-03-17,14,52,53,54,55,86,34,29,,172742688.36,0,,0,,8,25650.76,772,271.43,19493,32.30,328288,5.95,0,,3,27143.00,99,3230.00,1689,100.00,11837,10.00,28256,5.00
34,2022-03-19,20,41,61,67,73,83,4,83,,174092479.36,0,,0,,5,49830.84,596,425.33,21576,35.39,375774,6.31,0,,5,42533.00,142,3539.00,2204,100.00,14963,10.00,31494,5.00
35,2022-03-22,27,30,49,68,74,88,64,11,,175337983.90,0,,0,,2,103782.09,484,437.82,20791,30.63,343090,5.76,0,,5,43782.00,136,3063.00,2019,100.00,15148,10.00,35916,5.00
36,2022-03-24,15,35,37,48,62,77,28,50,,176497939.36,0,,0,,2,101225.45,524,394.64,20937,29.67,332869,5.79,0,,1,39464.00,119,2967.00,1802,100.00,13011,10.00,29761,5.00
37,2022-03-26,22,38,74,81,84,89,72,45,,177838314.73,0,,0,,5,49582.14,632,399.13,24042,31.60,397762,5.93,0,,3,39913.00,102,3160.00,1849,100.00,12511,10.00,29231,5.00
38,2022-03-29,9,32,48,55,68,72,36,68,,179068734.22,0,,0,,5,40877.50,564,370.08,22372,28.03,369889,5.26,0,,5,37008.00,171,2803.00,2302,100.00,12562,10.00,22763,5.00
39,2022-03-31,15,43,51,59,64,74,11,39,,180223530.75,0,,0,,2,101196.17,710,291.17,18280,33.98,306864,6.28,0,,4,29117.00,85,3398.00,1524,100.00,11154,10.00,27802,5.00
40,2022-04-02,24,35,45,54,65,68,7,9,,181591416.65,0,,0,,9,28285.90,726,355.81,28009,27.83,410007,5.91,0,,1,35581.00,133,2783.00,2197,100.00,15280,10.00,40483,5.00
41,2022-04-05,5,21,48,63,83,86,30,70,,182857721.16,0,,0,,3,70186.87,637,336.43,23760,27.16,389194,5.15,0,,4,33643.00,82,2716.00,1597,100.00,10923,10.00,24352,5.00
42,2022-04-07,11,20,42,43,51,86,71,87,,184040638.41,0,,0,,5,41374.82,589,357.59,22339,28.39,372676,5.28,0,,2,35759.00,76,2839.00,1462,100.00,10377,10.00,22862,5.00
43,2022-04-09,2,22,27,42,52,89,36,19,,185398996.42,0,,0,,14,17899.93,1127,225.68,33167,23.13,490743,5.00,0,,7,22568.00,236,2313.00,3453,100.00,21691,10.00,46170,5.00
44,2022-04-12,15,27,32,51,74,77,44,22,,186664469.81,0,,0,,7,30263.51,676,318.92,24907,26.07,362855,5.56,0,,5,31892.00,133,2607.00,2187,100.00,15399,10.00,36732,5.00
45,2022-04-14,5,8,22,38,50,55,12,89,,187853231.90,0,,2,321603.36,7,29686.47,1077,196.43,34855,18.27,466409,5.00,0,,5,19643.00,180,1827.00,1873,100.00,11064,10.00,23437,5.00
46,2022-04-16,7,21,25,69,76,77,70,74,,188914928.64,0,,1,793221.70,10,25627.17,1042,249.54,39502,19.86,551555,5.00,0,,2,24954.00,147,1986.00,2253,100.00,13404,10.00,27947,5.00
47,2022-04-19,32,41,63,71,76,89,1,24,,189719272.80,0,,0,,2,97076.02,414,478.02,16538,36.00,268993,6.87,0,,1,47802.00,113,3600.00,1388,100.00,10170,10.00,26802,5.00
48,2022-04-21,17,32,46,49,77,88,48,19,,190887085.32,0,,0,,7,29908.25,683,312.01,23640,27.14,371846,5.36,0,,8,31201.00,158,2714.00,2469,100.00,15989,10.00,39044,5.00
49,2022-04-23,6,18,23,33,57,71,65,32,,192272553.58,0,,0,,4,64053.76,918,283.18,36076,21.74,531765,5.00,0,,5,28318.00,133,2174.00,2223,100.00,12933,10.00,27354,5.00
50,2022-04-26,20,44,62,64,67,78,79,40,,193502737.88,0,,0,,3,67076.18,485,422.63,18627,33.12,303063,6.32,0,,7,42263.00,85,3312.00,1323,100.00,10235,10.00,23748,5.00
51,2022-04-28,24,61,65,67,71,90,14,74,,194683762.36,0,,0,,9,23322.59,614,347.97,21946,29.32,352754,5.66,0,,2,34797.00,109,2932.00,1482,100.00,10010,10.00,22960,5.00
52,2022-04-30,22,25,34,52,72,85,14,71,,196061071.62,0,,0,,8,31755.23,833,309.47,29706,26.18,442909,5.46,0,,9,30947.00,136,2618.00,1961,100.00,13958,10.00,31239,5.00
53,2022-05-03,13,24,44,47,66,80,46,81,,197357555.07,0,,0,,2,109021.80,599,370.03,24424,27.35,381337,5.44,0,,2,37003.00,102,2735.00,1747,100.00,11102,10.00,26001,5.00
54,2022-05-05,25,31,37,38,77,82,43,8,,198583533.54,0,,0,,3,71490.92,478,456.23,20189,32.55,348123,5.86,0,,2,45623.00,113,3255.00,2325,100.00,16549,10.00,41602,5.00
55,2022-05-07,29,41,43,46,51,81,48,39,,200052413.23,0,,0,,3,91479.35,687,404.72,25272,33.23,411152,6.35,0,,6,40472.00,115,3323.00,2102,100.00,13808,10.00,35697,5.00
56,2022-05-10,25,37,47,55,73,81,67,5,,201410198.72,0,,0,,6,37536.90,786,291.13,25658,26.89,391741,5.47,0,,5,29113.00,181,2689.00,2544,100.00,16805,10.00,39270,5.00
57,2022-05-12,21,26,28,54,80,85,4,37,,202669534.32,0,,0,,6,36640.53,583,383.28,24259,27.76,383129,5.46,0,,7,38328.00,113,2776.00,1974,100.00,13969,10.00,30155,5.00
58,2022-05-14,13,19,39,42,73,83,60,11,,204118196.85,0,,1,828136.69,10,26755.19,1065,254.61,35334,23.17,508599,5.01,0,,11,25461.00,183,2317.00,3110,100.00,21685,10.00,48450,5.00
59,2022-05-17,26,29,32,48,65,79,53,61,,205033990.20,0,,0,,6,36842.27,485,463.22,21367,31.69,351743,5.98,0,,2,46322.00,80,3169.00,1596,100.00,10017,10.00,22851,5.00
60,2022-05-19,2,9,13,39,40,89,6,43,,206276766.68,0,,0,,7,31057.58,907,243.67,32411,20.55,461718,5.00,0,,1,24367.00,150,2055.00,2027,100.00,12300,10.00,26146,5.00
61,2022-05-21,2,20,25,67,78,80,71,28,,207715593.40,0,,0,,14,19006.38,794,339.67,33045,24.64,507991,5.00,1,475159.50,3,33967.00,162,2464.00,2462,100.00,16292,10.00,36625,5.00
62,2022-05-24,22,24,25,32,46,73,29,62,,209056590.41,0,,0,,7,32041.12,576,395.65,23053,29.80,374042,5.71,0,,4,39565.00,114,2980.00,1497,100.00,10367,10.00,24024,5.00
63,2022-05-26,10,14,17,32,45,87,18,70,,210349089.35,0,,0,,7,32599.55,779,297.56,29620,23.60,453280,5.00,0,,3,29756.00,152,2360.00,2143,100.00,13120,10.00,26050,5.00
64,2022-05-28,27,42,55,65,84,90,53,64,,211841578.97,0,,0,,4,68752.55,761,366.12,30511,27.58,494647,5.29,0,,5,36612.00,128,2758.00,2097,100.00,12897,10.00,29567,5.00
65,2022-05-31,21,34,35,48,63,82,17,14,,213238428.68,0,,0,,7,33491.00,574,414.71,22539,31.85,370284,6.02,0,,2,41471.00,112,3185.00,2130,100.00,15042,10.00,36303,5.00
66,2022-06-04,2,35,41,43,65,71,12,50,,214871673.18,0,,0,,7,43807.78,818,381.33,31094,30.22,502731,5.80,0,,4,38133.00,170,3022.00,2438,100.00,16798,10.00,39814,5.00
67,2022-06-06,8,22,31,53,59,86,75,74,,215989395.96,0,,1,480505.82,2,77620.17,571,281.11,18896,25.31,291506,5.07,0,,3,28111.00,84,2531.00,1030,100.00,8182,10.00,16942,5.00
68,2022-06-07,21,31,49,69,77,90,40,22,,216785973.70,0,,0,,3,64092.47,826,239.16,27064,21.84,379543,5.00,0,,3,23916.00,155,2184.00,2277,100.00,14870,10.00,30917,5.00
69,2022-06-09,4,12,20,32,56,88,25,78,,218018437.93,0,,0,,9,25073.74,1192,193.74,39282,17.64,516462,5.00,0,,4,19374.00,131,1764.00,1933,100.00,11577,10.00,24890,5.00
70,2022-06-11,5,8,18,28,33,59,9,83,,219497518.16,0,,0,,15,18181.32,1603,173.42,49360,16.94,627582,5.00,0,,8,17342.00,178,1694.00,2428,100.00,13730,10.00,28016,5.00
71,2022-06-14,7,34,48,50,53,67,52,52,,220875350.98,0,,0,,8,28837.79,629,375.16,25177,28.13,409891,5.36,0,,1,37516.00,140,2813.00,2017,100.00,13682,10.00,29986,5.00
72,2022-06-16,31,54,56,60,66,82,29,13,,222148744.30,0,,0,,3,73729.64,525,431.35,19726,34.44,327578,6.43,0,,3,43135.00,109,3444.00,2099,100.00,15358,10.00,42141,5.00
73,2022-06-18,2,12,16,27,74,78,58,65,,223614107.67,0,,0,,12,22590.03,1288,214.56,43717,19.01,588904,5.00,0,,4,21456.00,187,1901.00,2528,100.00,15183,10.00,32306,5.00
74,2022-06-21,12,16,32,46,60,83,54,52,,224989878.68,0,,0,,5,46163.41,507,465.66,22684,31.24,376948,5.83,0,,2,46566.00,99,3124.00,1764,100.00,12771,10.00,29226,5.00
75,2022-06-23,34,37,52,55,56,66,79,16,,226276995.78,0,,0,,7,32065.53,685,335.37,23929,28.80,367192,5.82,0,,5,33537.00,121,2880.00,1954,100.00,12791,10.00,33121,5.00
76,2022-06-25,4,30,42,46,58,89,29,88,,227734683.66,0,,0,,3,89335.40,581,470.36,24693,33.29,437829,5.82,0,,3,47036.00,137,3329.00,2203,100.00,15768,10.00,38993,5.00
77,2022-06-28,19,32,36,55,71,81,48,64,,229086618.86,0,,0,,2,113105.97,641,361.13,25070,27.70,403130,5.34,0,,3,36113.00,94,2770.00,1532,100.00,10945,10.00,24199,5.00
78,2022-06-30,6,9,12,16,32,79,26,40,,230359840.60,0,,0,,20,11141.25,1595,143.00,47428,14.42,552121,5.00,0,,3,14300.00,195,1442.00,2320,100.00,12374,10.00,24988,5.00
79,2022-07-02,1,5,25,34,38,66,51,21,,231835416.49,0,,0,,14,19495.31,1029,269.43,36980,22.60,574607,5.00,1,487382.75,9,26943.00,194,2260.00,3067,100.00,18651,10.00,38665,5.00
80,2022-07-05,16,17,49,66,82,86,1,67,,232960913.88,0,,1,714654.88,4,57722.13,592,397.29,23882,29.64,396115,5.55,0,,6,39729.00,150,2964.00,1979,100.00,13430,10.00,29016,5.00
81,2022-07-07,17,24,25,35,66,73,54,1,,233900906.63,0,,0,,8,28361.85,676,342.02,26810,25.95,416181,5.19,0,,5,34202.00,119,2595.00,2494,100.00,16850,10.00,38669,5.00
82,2022-07-09,28,31,41,51,70,83,80,24,,235174587.65,0,,0,,6,45589.41,634,438.24,25841,32.42,423255,6.15,0,,0,,113,3242.00,1834,100.00,14237,10.00,36958,5.00
83,2022-07-12,11,56,63,66,68,72,58,68,,236427314.96,0,,0,,8,32688.65,782,339.92,32145,24.92,492535,5.05,0,,4,33992.00,195,2492.00,3073,100.00,18306,10.00,34655,5.00
84,2022-07-14,3,11,28,39,65,75,48,51,,237630912.53,0,,0,,15,16763.17,1016,251.73,37566,20.51,527612,5.00,0,,9,25173.00,265,2051.00,3545,100.00,20143,10.00,41481,5.00
85,2022-07-16,28,29,38,43,62,71,75,49,,238979737.30,0,,0,,5,57601.16,653,447.65,30651,28.77,458896,5.97,0,,3,44765.00,207,2877.00,3164,100.00,19999,10.00,50041,5.00
86,2022-07-19,2,17,27,44,78,79,59,1,,240125188.30,0,,0,,7,33350.41,841,282.71,29753,24.05,454328,5.00,0,,3,28271.00,160,2405.00,2349,100.00,14788,10.00,31609,5.00
87,2022-07-21,7,14,24,43,44,90,66,19,,241205211.73,0,,0,,12,18817.63,833,276.25,32861,21.07,479992,5.00,0,,2,27625.00,265,2107.00,3767,100.00,20895,10.00,40684,5.00
88,2022-07-23,29,32,46,56,66,90,21,89,,242462943.65,0,,0,,10,26984.85,828,331.11,29766,27.77,459304,5.59,0,,2,33111.00,139,2777.00,2067,100.00,13829,10.00,30900,5.00
89,2022-07-26,8,31,34,44,56,77,36,9,,243590096.98,0,,0,,4,57937.33,618,381.97,25362,28.01,410212,5.38,0,,3,38197.00,148,2801.00,2228,100.00,15930,10.00,36860,5.00
90,2022-07-28,19,20,22,54,72,88,50,56,,244676503.83,0,,2,352248.82,11,20691.54,1082,214.34,37563,18.58,510772,5.00,0,,4,21434.00,190,1858.00,2630,100.00,14912,10.00,30635,5.00
91,2022-07-30,7,25,28,62,80,87,54,49,,245806064.43,0,,0,,4,68163.14,823,336.53,32308,25.85,518473,5.00,0,,5,33653.00,158,2585.00,2781,100.00,16793,10.00,38227,5.00
92,2022-08-02,9,25,26,49,68,74,81,59,,246976765.19,0,,1,748557.81,8,30230.22,806,311.99,32926,22.67,468038,5.00,0,,4,31199.00,162,2267.00,2036,100.00,13002,10.00,27996,5.00
93,2022-08-04,20,23,45,66,83,87,16,61,,247952874.71,0,,0,,6,39268.78,558,439.48,24143,30.14,412345,5.44,0,,1,43948.00,87,3014.00,1692,100.00,11459,10.00,24211,5.00
94,2022-08-06,1,21,29,40,42,58,25,70,,249227738.06,0,,0,,2,136259.58,719,392.40,29132,28.83,497290,5.21,0,,5,39240.00,129,2883.00,2282,100.00,14702,10.00,32557,5.00
95,2022-08-09,15,25,26,29,38,39,82,41,,250601260.13,0,,0,,13,22370.66,843,356.39,30805,29.08,522477,5.30,0,,5,35639.00,144,2908.00,2419,100.00,14529,10.00,32875,5.00
96,2022-08-11,6,32,34,56,58,87,23,88,,251905838.19,0,,0,,6,45240.42,644,436.43,27514,30.41,442942,5.83,0,,2,43643.00,149,3041.00,2075,100.00,15630,10.00,34709,5.00
97,2022-08-13,8,49,62,65,83,88,45,64,,253360268.91,0,,0,,6,51751.52,792,404.20,33667,28.39,546131,5.41,0,,3,40420.00,146,2839.00,2394,100.00,14725,10.00,35247,5.00
98,2022-08-16,13,19,59,74,81,84,2,51,,254552478.38,0,,0,,18,13409.83,906,277.04,28807,25.87,450859,5.09,0,,3,27704.00,153,2587.00,2038,100.00,13431,10.00,29493,5.00
99,2022-08-18,5,25,42,51,71,84,38,9,,255748680.51,0,,0,,9,28074.52,851,308.21,29631,26.31,449054,5.35,0,,2,30821.00,175,2631.00,2831,100.00,17185,10.00,38428,5.00
100,2022-08-20,19,28,31,58,77,85,73,88,,257113737.00,0,,0,,29,10060.04,972,310.04,34960,25.70,549650,5.05,0,,0,,139,2570.00,2652,100.00,16989,10.00,36112,5.00
101,2022-08-23,7,44,47,51,52,85,89,72,,258387900.25,0,,0,,9,29329.23,673,406.51,29023,28.04,473192,5.31,0,,2,40651.00,116,2804.00,2333,100.00,15421,10.00,33099,5.00
102,2022-08-25,33,41,42,84,86,88,38,79,,259616560.50,0,,0,,2,128565.21,564,472.96,22834,34.74,385142,6.35,0,,0,,100,3474.00,1829,100.00,12869,10.00,32246,5.00
103,2022-08-27,3,5,15,39,45,80,10,83,,260999571.63,0,,0,,19,15547.82,1391,219.28,44838,20.29,631129,5.00,0,,5,21928.00,177,2029.00,2427,100.00,15044,10.00,30645,5.00
104,2022-08-30,6,11,23,45,57,75,44,45,,262286644.87,0,,0,,17,15678.32,1478,186.84,40482,20.30,569076,5.00,0,,5,18684.00,233,2030.00,3048,100.00,16266,10.00,30465,5.00
105,2022-09-01,2,5,13,19,54,89,40,50,,263547161.87,0,,0,,23,11497.23,1867,144.38,56755,14.29,672541,5.00,0,,12,14438.00,232,1429.00,3202,100.00,16811,10.00,31277,5.00
106,2022-09-03,22,25,30,37,44,76,1,74,,265011117.47,0,,0,,6,52309.19,827,385.72,33432,28.76,554253,5.39,0,,1,38572.00,139,2876.00,2366,100.00,15671,10.00,34903,5.00
107,2022-09-06,11,13,19,34,49,52,37,27,,266311463.38,0,,0,,7,38139.82,1057,257.44,41567,19.69,586162,5.00,0,,7,25744.00,239,1969.00,3399,100.00,19188,10.00,38610,5.00
108,2022-09-08,18,26,39,50,71,90,41,35,,267552864.17,0,,0,,14,18553.94,922,287.30,32469,24.53,491851,5.02,0,,2,28730.00,151,2453.00,2362,100.00,14351,10.00,30680,5.00
109,2022-09-10,62,66,68,70,75,83,30,64,,268994939.53,0,,0,,23,13446.66,929,338.44,27701,34.21,450688,6.53,0,,5,33844.00,117,3421.00,2057,100.00,14001,10.00,35886,5.00
110,2022-09-13,5,9,16,20,23,69,31,46,,270293346.09,0,,0,,51,5239.13,3047,89.37,72750,11.26,739102,5.00,0,,13,8937.00,325,1126.00,3267,100.00,16688,10.00,31977,5.00
111,2022-09-15,27,34,42,59,72,76,25,35,,271546492.09,0,,0,,8,32819.73,641,417.62,25338,31.78,402651,6.21,0,,2,41762.00,136,3178.00,1719,100.00,12601,10.00,32169,5.00
112,2022-09-17,1,10,14,18,42,60,39,35,,273006237.33,0,,0,,12,26093.30,1482,214.74,52439,18.29,699782,5.00,1,652332.50,4,21474.00,230,1829.00,2963,100.00,17466,10.00,34970,5.00
113,2022-09-20,1,38,39,40,50,83,44,9,,274310360.44,0,,0,,14,19142.89,788,346.62,27154,30.26,433194,5.89,0,,19,34662.00,233,3026.00,2788,100.00,18627,10.00,43233,5.00
114,2022-09-22,15,30,42,65,75,81,72,85,,275560581.89,0,,0,,4,65432.89,655,407.43,26118,30.73,413071,6.03,0,,1,40743.00,115,3073.00,1999,100.00,13719,10.00,34268,5.00
115,2022-09-24,19,26,35,44,49,65,24,32,,277034179.53,0,,0,,18,17588.15,997,322.69,35846,27.05,580593,5.19,0,,4,32269.00,140,2705.00,2446,100.00,15593,10.00,33184,5.00
116,2022-09-27,5,22,42,49,62,63,80,36,,278337921.96,0,,0,,2,133695.20,620,439.56,28735,28.53,475377,5.35,0,,7,43956.00,147,2853.00,2235,100.00,14694,10.00,32457,5.00
117,2022-09-29,6,35,37,46,59,86,84,38,,279587081.57,0,,0,,1,261566.40,521,511.90,23645,33.93,412015,6.04,0,,0,,112,3393.00,2128,100.00,15072,10.00,35128,5.00
118,2022-10-01,3,11,14,26,67,82,75,59,,281071365.14,0,,0,,17,18775.93,1453,223.35,50087,19.52,702437,5.00,0,,6,22335.00,171,1952.00,2955,100.00,16743,10.00,34682,5.00
119,2022-10-04,4,9,55,68,80,84,38,55,,282394164.84,0,,0,,7,38800.19,903,306.68,36386,22.89,563718,5.00,0,,5,30668.00,400,2289.00,3958,100.00,20537,10.00,37098,5.00
120,2022-10-06,10,20,28,62,70,87,59,26,,283657427.85,0,,0,,6,44056.91,936,288.12,35736,22.69,534186,5.00,0,,8,28812.00,175,2269.00,2844,100.00,17235,10.00,36583,5.00
121,2022-10-08,26,33,41,51,80,84,15,44,,285134398.18,0,,0,,15,21134.06,810,397.96,29370,33.07,473534,6.37,0,,6,39796.00,146,3307.00,2281,100.00,16628,10.00,40456,5.00
122,2022-10-11,1,33,35,39,46,58,15,48,,286435899.13,0,,0,,2,133392.99,619,439.62,25029,32.69,425680,5.96,0,,4,43962.00,148,3269.00,2295,100.00,16826,10.00,39129,5.00
123,2022-10-13,4,20,64,65,69,79,81,20,,287681800.52,0,,0,,4,65217.57,688,386.93,30236,26.47,489818,5.07,0,,4,38693.00,200,2647.00,3270,100.00,20083,10.00,36852,5.00
124,2022-10-15,12,26,34,69,74,83,66,68,,289154590.08,0,,0,,3,105506.78,934,344.60,35383,27.41,565545,5.33,0,,0,,183,2741.00,2553,100.00,16942,10.00,38315,5.00
125,2022-10-18,4,5,31,56,57,59,51,75,,290454529.81,0,,0,,9,29609.16,919,295.78,30515,26.78,503626,5.03,0,,3,29578.00,158,2678.00,2195,100.00,14615,10.00,31255,5.00
126,2022-10-20,6,8,39,65,67,69,32,7,,291705094.44,0,,0,,7,37434.46,1238,215.97,37910,21.20,540324,5.00,0,,12,21597.00,272,2120.00,3966,100.00,25939,10.00,55317,5.00
127,2022-10-22,3,28,31,43,53,59,7,22,,293181406.18,0,,0,,9,35243.95,793,406.72,34890,27.85,561288,5.38,0,,6,40672.00,188,2785.00,3440,100.00,25313,10.00,56124,5.00
128,2022-10-25,1,19,41,48,68,71,25,45,,294482490.09,0,,0,,8,33332.22,1006,270.37,35541,23.01,546131,5.00,1,833305.50,4,27037.00,168,2301.00,2614,100.00,15508,10.00,31373,5.00
129,2022-10-27,27,28,32,40,49,72,53,70,,295725598.83,0,,0,,3,86738.45,667,398.13,27272,29.27,432529,5.72,0,,2,39813.00,117,2927.00,2056,100.00,13840,10.00,31467,5.00
130,2022-10-29,15,32,66,74,79,86,84,54,,297195635.32,0,,0,,8,39494.21,808,397.64,29866,32.41,483133,6.22,0,,12,39764.00,262,3241.00,3661,100.00,25457,10.00,62165,5.00
131,2022-10-31,12,17,32,64,81,84,11,5,,298216400.76,0,,0,,5,39836.04,539,379.44,22006,27.82,361936,5.24,0,,3,37944.00,148,2782.00,2247,100.00,15576,10.00,33262,5.00
132,2022-11-03,10,15,37,40,43,59,5,67,,299537272.37,0,,0,,5,57813.71,765,384.30,32017,27.66,515398,5.34,0,,2,38430.00,172,2766.00,2331,100.00,16041,10.00,35050,5.00
133,2022-11-05,11,18,41,50,63,74,81,21,,301387893.96,0,,0,,10,40350.77,1220,334.78,45109,27.37,734061,5.23,0,,5,33478.00,230,2737.00,3738,100.00,25953,10.00,57669,5.00
134,2022-11-08,15,31,33,44,46,73,79,3,,302982220.04,0,,0,,8,40567.89,811,406.25,31520,31.53,518655,5.95,0,,4,40625.00,205,3153.00,3197,100.00,21777,10.00,52440,5.00
135,2022-11-10,10,16,18,34,39,45,87,3,,304485142.67,0,,0,,13,24175.35,989,322.75,38838,24.78,606576,5.00,0,,2,32275.00,242,2478.00,3584,100.00,22385,10.00,46306,5.00
136,2022-11-12,19,32,51,61,71,82,48,35,,306261079.55,0,,0,,11,34701.20,1158,333.88,41722,28.00,633379,5.73,0,,11,33388.00,206,2800.00,3005,100.00,20623,10.00,46204,5.00
137,2022-11-15,13,21,23,33,48,86,28,1,,307815273.74,0,,0,,8,39764.10,1027,314.54,42170,23.10,619776,5.00,0,,5,31454.00,224,2310.00,3199,100.00,20001,10.00,42655,5.00
138,2022-11-17,3,6,39,48,52,88,9,6,,309299015.76,0,,0,,9,34512.29,1048,301.08,41122,23.13,644258,5.00,0,,8,30108.00,253,2313.00,4160,100.00,22745,10.00,40591,5.00
139,2022-11-19,19,30,44,48,58,72,40,33,,311054455.24,0,,0,,11,34301.25,1335,286.32,41292,27.96,681937,5.26,0,,9,28632.00,220,2796.00,3569,100.00,24549,10.00,52530,5.00
140,2022-11-22,14,22,23,35,41,64,17,14,,312549422.41,0,,0,,7,43496.28,819,377.78,33398,27.93,537019,5.39,0,,4,37778.00,257,2793.00,3583,100.00,20612,10.00,40370,5.00
141,2022-11-24,25,58,66,78,81,88,76,3,,313992335.85,0,,0,,7,43256.20,801,384.17,31050,29.87,497102,5.80,0,,8,38417.00,127,2987.00,2641,100.00,19151,10.00,48471,5.00
142,2022-11-26,3,8,42,48,61,72,56,34,,315685507.98,0,,0,,11,33041.07,1234,298.52,47057,23.64,728434,5.00,0,,25,29852.00,549,2364.00,7339,100.00,44902,10.00,98388,5.00
143,2022-11-29,18,33,43,60,61,78,20,52,,317177848.48,0,,0,,7,43701.61,616,504.60,27306,34.32,453721,6.42,0,,4,50460.00,132,3432.00,2301,100.00,17065,10.00,41382,5.00
144,2022-12-01,4,13,32,54,56,68,67,25,,318631563.22,0,,0,,8,38148.23,859,361.25,34175,27.36,549406,5.29,0,,4,36125.00,210,2736.00,3594,100.00,23853,10.00,52637,5.00
145,2022-12-03,4,37,38,53,73,79,29,90,,320360987.21,0,,1,1150947.88,5,74368.94,924,407.98,35874,31.73,610209,5.80,0,,13,40798.00,265,3173.00,4597,100.00,34043,10.00,87995,5.00
146,2022-12-06,12,21,31,39,70,83,16,59,,321713793.12,0,,0,,9,36282.16,1037,319.83,40758,24.54,615605,5.05,0,,3,31983.00,170,2454.00,2703,100.00,17402,10.00,37960,5.00
147,2022-12-10,29,50,55,56,76,81,9,47,,323630939.34,0,,0,,11,37633.30,1088,385.19,41260,30.70,668477,5.89,0,,12,38519.00,249,3070.00,3643,100.00,30409,10.00,61888,5.00
148,2022-12-12,16,33,51,54,68,86,42,82,,324796403.06,0,,0,,2,109730.91,603,372.45,21761,30.97,344091,6.07,0,,1,37245.00,121,3097.00,1639,100.00,11001,10.00,26372,5.00
149,2022-12-13,32,40,51,61,75,76,72,21,,326008019.89,0,,0,,11,23606.01,558,474.54,20595,38.67,342488,7.22,0,,16,47454.00,164,3867.00,1884,100.00,14564,10.00,41238,5.00
150,2022-12-15,3,4,30,32,39,65,43,66,,327416401.95,0,,0,,13,23165.67,1030,297.36,37249,24.77,587645,5.00,0,,6,29736.00,216,2477.00,4229,100.00,29913,10.00,68547,5.00
151,2022-12-17,8,21,24,54,68,70,12,76,,329137932.46,0,,1,1146915.35,11,33685.63,1467,256.08,49394,22.96,736814,5.00,0,,3,25608.00,236,2296.00,3289,100.00,20730,10.00,42864,5.00
152,2022-12-20,7,12,23,73,81,87,35,8,,330474134.17,0,,0,,9,35836.83,1494,219.31,52189,18.93,721405,5.00,0,,11,21931.00,374,1893.00,5017,100.00,27930,10.00,54947,5.00
153,2022-12-22,9,25,34,39,54,64,87,22,,332006282.83,0,,0,,9,35737.19,1072,304.81,39280,25.08,590431,5.18,0,,7,30481.00,268,2508.00,4383,100.00,27221,10.00,60384,5.00
154,2022-12-24,9,23,29,69,72,81,8,79,,333773399.78,0,,0,,18,21026.96,1634,234.77,57005,20.32,784184,5.00,0,,15,23477.00,294,2032.00,3577,100.00,21860,10.00,45741,5.00
155,2022-12-27,3,37,39,44,68,72,11,21,,335402330.63,0,,0,,9,37403.89,1180,289.63,39625,26.02,597900,5.36,0,,7,28963.00,217,2602.00,3632,100.00,24485,10.00,55988,5.00
156,2022-12-29,2,19,34,37,46,58,62,69,,337079335.83,0,,0,,11,32226.60,982,366.21,40448,26.83,654965,5.15,0,,5,36621.00,232,2683.00,3997,100.00,28927,10.00,61539,5.00
157,2022-12-31,9,15,30,37,44,72,75,21,,339069085.34,0,,0,,19,22490.23,1524,283.75,56382,23.18,827868,5.00,0,,3,28375.00,446,2318.00,5161,100.00,32412,10.00,67058,5.00
1,2023-01-03,8,10,30,34,51,71,20,27,,340757831.82,0,,2,532035.70,10,34377.70,1298,270.10,48309,21.82,708326,5.00,0,,10,27010.00,273,2182.00,4015,100.00,26137,10.00,52630,5.00
2,2023-01-05,5,9,13,15,50,64,68,43,,342181674.83,0,,0,,13,26437.41,2097,167.14,65486,16.09,820998,5.00,0,,8,16714.00,247,1609.00,3218,100.00,18794,10.00,38872,5.00
3,2023-01-07,17,41,54,60,67,86,51,12,,343900431.90,0,,0,,12,30293.09,835,443.52,33570,33.20,565175,6.12,0,,9,44352.00,195,3320.00,3591,100.00,25914,10.00,64987,5.00
4,2023-01-10,21,24,31,32,56,83,78,40,,345493504.71,0,,0,,4,82554.05,840,401.23,33427,30.31,547436,5.74,0,,1,40123.00,180,3031.00,2984,100.00,18819,10.00,42695,5.00
5,2023-01-12,9,10,22,41,44,85,5,51,,347039396.92,0,,0,,9,35978.20,1130,292.59,47222,21.04,704271,5.00,0,,2,29259.00,216,2104.00,3275,100.00,20575,10.00,40727,5.00
6,2023-01-14,37,44,52,58,74,78,65,67,,348852774.35,0,,0,,15,25955.16,975,406.30,35963,33.18,592686,6.25,0,,3,40630.00,245,3318.00,3185,100.00,20776,10.00,51025,5.00
7,2023-01-17,9,10,14,40,60,68,21,9,,350440698.51,0,,0,,13,25008.98,1176,282.26,48184,20.70,684532,5.00,0,,1,28226.00,399,2070.00,5072,100.00,28560,10.00,49502,5.00
8,2023-01-19,29,47,57,59,67,87,6,48,,351951979.21,0,,0,,14,22586.52,1375,234.93,34185,28.39,507264,5.93,0,,13,23493.00,219,2839.00,2723,100.00,18792,10.00,47221,5.00
9,2023-01-21,22,61,66,72,80,82,67,79,,353706890.40,0,,0,,10,37634.93,832,460.54,34806,33.14,600184,5.97,2,470436.63,14,46054.00,128,3314.00,2831,100.00,19224,10.00,46766,5.00
10,2023-01-24,3,7,20,55,75,80,88,44,,355266563.59,0,,0,,18,17790.93,1670,195.84,55853,17.59,745913,5.00,0,,4,19584.00,268,1759.00,3388,100.00,19809,10.00,40323,5.00
11,2023-01-26,6,25,34,60,79,86,48,81,,356766235.84,0,,0,,9,34904.27,782,410.43,33228,29.01,534666,5.59,0,,4,41043.00,181,2901.00,2829,100.00,17650,10.00,39739,5.00
12,2023-01-28,19,23,53,58,61,82,73,52,,358509736.83,0,,0,,12,31158.74,1359,280.15,45447,25.22,691503,5.14,0,,3,28015.00,213,2522.00,3397,100.00,21970,10.00,49153,5.00
13,2023-01-31,13,15,23,39,41,46,30,42,,360067603.22,0,,0,,3,106721.96,863,378.89,35745,27.48,584096,5.22,0,,3,37889.00,204,2748.00,2724,100.00,17423,10.00,38214,5.00
14,2023-02-02,3,14,19,28,70,80,83,7,,361582953.82,0,,0,,16,19870.84,1592,207.94,52999,18.52,710907,5.00,0,,11,20794.00,409,1852.00,5254,100.00,29019,10.00,53764,5.00
15,2023-02-04,3,42,46,49,68,81,4,81,,363352097.84,0,,0,,8,47440.94,980,400.64,38712,30.21,637855,5.66,0,,3,40064.00,244,3021.00,3586,100.00,21715,10.00,42627,5.00
16,2023-02-07,24,54,58,65,81,89,63,20,,364908655.97,0,,0,,8,39876.24,855,388.44,31230,31.55,510046,5.95,0,,5,38844.00,134,3155.00,2620,100.00,20029,10.00,52203,5.00
17,2023-02-09,3,10,25,44,57,90,53,68,,366377923.65,0,,0,,22,13953.76,1587,201.69,53723,17.65,727576,5.00,0,,12,20169.00,263,1765.00,3377,100.00,18708,10.00,36425,5.00
18,2023-02-11,4,24,25,28,31,68,79,65,,368115305.51,0,,0,,7,53356.73,1402,275.75,49739,23.14,731761,5.00,0,,6,27575.00,215,2314.00,3194,100.00,20744,10.00,44146,5.00
19,2023-02-14,19,22,67,71,79,85,23,13,,369663841.15,0,,0,,5,63594.92,858,385.87,37104,26.47,605975,5.00,0,,8,38587.00,239,2647.00,4292,100.00,27443,10.00,58588,5.00
20,2023-02-16,1,38,47,52,56,66,72,23,,371133424.51,1,371133424.51,0,,12,25601.14,909,352.38,34749,27.32,534817,5.47,0,,3,35238.00,260,2732.00,4116,100.00,29151,10.00,64604,5.00
21,2023-02-18,22,46,52,57,65,72,31,2,,55054467.22,0,,0,,4,75188.64,827,379.52,31911,29.13,490888,5.83,0,,1,37952.00,164,2913.00,2651,100.00,18981,10.00,48351,5.00
22,2023-02-21,7,31,44,63,80,83,87,77,,56301784.71,0,,0,,4,64034.08,634,424.67,24836,31.95,430062,5.67,1,1600852.00,2,42467.00,150,3195.00,2786,100.00,18935,10.00,40426,5.00
23,2023-02-23,6,29,34,52,58,68,59,12,,57494636.92,0,,0,,8,31207.08,727,361.43,27293,28.35,442151,5.37,0,,3,36143.00,163,2835.00,2678,100.00,17759,10.00,39831,5.00
24,2023-02-25,6,42,52,72,85,89,56,28,,58898230.14,0,,0,,10,30149.34,838,375.42,31959,29.16,514598,5.57,0,,7,37542.00,154,2916.00,3031,100.00,19657,10.00,45833,5.00
25,2023-02-28,7,16,47,49,50,73,45,41,,60127338.27,0,,0,,10,25163.06,960,275.77,32157,24.25,474204,5.05,0,,0,,116,2425.00,2224,100.00,13920,10.00,29868,5.00
26,2023-03-02,9,24,28,37,44,81,51,72,,61330793.42,0,,0,,8,31611.16,870,314.79,31755,24.93,493999,5.00,0,,6,31479.00,196,2493.00,2543,100.00,15896,10.00,33814,5.00
27,2023-03-04,4,22,24,29,49,58,69,8,,62747322.84,0,,0,,9,33792.54,1216,267.36,43484,21.79,622985,5.00,0,,10,26736.00,261,2179.00,4071,100.00,25271,10.00,51457,5.00
28,2023-03-07,2,38,49,64,81,89,43,10,,63982288.24,0,,0,,1,252649.96,600,456.04,23597,33.51,411669,5.84,0,,8,45604.00,178,3351.00,3344,100.00,23219,10.00,55624,5.00
29,2023-03-09,1,19,30,41,42,77,61,32,,65148804.55,0,,0,,4,60955.16,695,381.00,31567,24.20,497551,5.00,0,,6,38100.00,172,2420.00,2186,100.00,13342,10.00,26093,5.00
30,2023-03-11,23,42,46,54,58,79,40,69,,66526232.95,0,,0,,7,42292.83,698,454.19,28667,32.20,467212,6.03,0,,4,45419.00,184,3220.00,2774,100.00,20142,10.00,47948,5.00
31,2023-03-14,8,20,25,64,87,88,75,34,,67722238.42,0,,0,,8,30556.71,915,290.08,34434,22.24,507873,5.00,0,,3,29008.00,129,2224.00,2454,100.00,15247,10.00,32177,5.00
32,2023-03-16,25,28,36,45,48,86,50,51,,68859619.35,0,,0,,4,59503.17,613,422.49,25504,29.26,402297,5.63,0,,6,42249.00,116,2926.00,2140,100.00,13780,10.00,31649,5.00
33,2023-03-18,35,37,43,47,69,73,16,47,,70208257.18,0,,0,,20,14498.41,992,313.45,33424,27.06,477867,5.77,1,362460.25,4,31345.00,288,2706.00,3277,100.00,20100,10.00,41502,5.00
34,2023-03-21,10,15,16,30,36,71,59,63,,71382200.93,0,,0,,8,30004.65,864,302.10,32656,23.04,487902,5.00,0,,7,30210.00,197,2304.00,3019,100.00,18628,10.00,40579,5.00
35,2023-03-23,6,8,41,42,66,80,79,11,,72492400.27,0,,0,,3,77370.51,787,321.58,28651,25.42,448432,5.00,0,,10,32158.00,215,2542.00,3582,100.00,22894,10.00,46770,5.00
36,2023-03-25,4,15,26,27,72,82,89,12,,73808593.28,1,73808593.28,0,,16,17688.66,1108,274.36,39679,22.26,584253,5.00,1,442216.50,2,27436.00,249,2226.00,3585,100.00,20394,10.00,42280,5.00
37,2023-03-28,42,52,62,64,76,79,55,56,,7931203.93,0,,0,,3,74187.69,444,548.51,18798,37.19,311401,6.80,0,,2,54851.00,112,3719.00,1698,100.00,12886,10.00,32662,5.00
38,2023-03-30,21,29,30,43,46,63,77,54,,8979963.56,0,,0,,3,73297.45,478,503.91,20174,34.25,353976,5.91,0,,3,50391.00,109,3425.00,2008,100.00,13441,10.00,31437,5.00
39,2023-04-01,5,22,36,47,73,75,51,78,,10246183.45,0,,0,,9,30309.09,879,471.35,33448,29.08,512792,5.06,0,,5,47135.00,166,2908.00,2352,100.00,14998,10.00,32156,5.00
40,2023-04-04,17,20,54,62,69,88,39,36,,11359258.58,0,,0,,8,28489.11,738,500.61,26420,31.64,421541,5.14,0,,2,50061.00,141,3164.00,2108,100.00,13872,10.00,29859,5.00
41,2023-04-06,4,28,30,42,45,50,27,55,,12428899.75,0,,0,,7,32019.05,557,656.50,24645,33.45,402964,5.29,0,,1,65650.00,121,3345.00,2417,100.00,15473,10.00,34412,5.00
42,2023-04-08,17,25,32,38,43,48,67,73,,13705218.69,0,,0,,12,22882.15,817,509.33,30411,32.17,473304,5.52,0,,4,50933.00,140,3217.00,2551,100.00,16380,10.00,36746,5.00
43,2023-04-11,9,40,55,60,69,70,34,70,,14728360.21,0,,0,,7,29419.31,686,506.52,25431,30.24,366592,5.35,0,,5,50652.00,168,3024.00,2219,100.00,12733,10.00,23621,5.00
44,2023-04-13,2,11,42,73,76,90,55,35,,15766802.87,0,,0,,3,73295.56,768,470.60,30205,26.87,462534,5.00,0,,2,47060.00,138,2687.00,1854,100.00,12709,10.00,26636,5.00
45,2023-04-15,7,22,36,52,79,86,38,51,,17015401.96,0,,0,,5,53705.88,910,450.62,34268,28.01,503481,5.07,0,,6,45062.00,146,2801.00,2461,100.00,15916,10.00,34535,5.00
46,2023-04-18,5,36,62,64,66,67,53,2,,18104175.77,0,,0,,13,17129.42,698,521.80,23084,35.53,361749,5.86,0,,1,52180.00,93,3553.00,1779,100.00,13023,10.00,30432,5.00
47,2023-04-20,4,5,7,21,45,52,77,37,,19131992.20,0,,0,,18,11934.41,1444,246.78,45406,17.53,560569,5.00,0,,4,24678.00,209,1753.00,2662,100.00,14416,10.00,27861,5.00
48,2023-04-22,6,18,22,25,26,47,60,61,,20354651.38,0,,0,,16,16439.08,1403,288.35,46713,20.19,609816,5.00,0,,1,28835.00,151,2019.00,2426,100.00,13754,10.00,27609,5.00
49,2023-04-24,3,7,46,69,75,82,81,28,,21214558.75,0,,0,,3,56087.08,561,552.23,23232,28.16,348644,5.00,0,,1,55223.00,117,2816.00,1781,100.00,11112,10.00,22479,5.00
50,2023-04-27,7,10,62,63,77,86,5,44,,22247701.52,0,,0,,4,56059.21,592,617.86,28407,29.03,452305,5.00,0,,7,61786.00,111,2903.00,2066,100.00,13543,10.00,28614,5.00
51,2023-04-29,21,43,55,56,73,89,13,2,,23466823.74,0,,0,,1,260764.23,602,668.28,25864,36.19,416003,5.96,0,,4,66828.00,118,3619.00,2004,100.00,14473,10.00,35300,5.00
52,2023-05-02,17,43,60,71,86,88,16,49,,24489476.24,0,,0,,6,34647.07,478,556.96,19705,35.11,331864,5.96,0,,2,55696.00,117,3511.00,2384,100.00,15858,10.00,38572,5.00
53,2023-05-04,6,9,23,57,62,72,16,22,,25512670.07,0,,0,,9,23990.55,954,287.48,33601,21.31,487598,5.00,0,,1,28748.00,214,2131.00,3238,100.00,18276,10.00,35419,5.00
54,2023-05-06,10,25,40,46,47,74,7,31,,26724800.61,0,,0,,4,65080.02,710,448.82,30492,27.93,469583,5.27,0,,1,44882.00,150,2793.00,2324,100.00,15675,10.00,34255,5.00
55,2023-05-09,18,25,41,44,60,78,36,72,,27787491.91,0,,0,,4,54403.33,473,583.42,20092,35.91,343233,6.03,0,,3,58342.00,103,3591.00,1710,100.00,11951,10.00,28183,5.00
56,2023-05-11,1,6,35,48,62,65,43,83,,28806179.33,0,,0,,5,42674.63,538,505.05,25676,27.59,410939,5.00,0,,0,,93,2759.00,1599,100.00,10922,10.00,23256,5.00
57,2023-05-13,3,31,35,57,82,84,68,16,,30019279.77,0,,0,,1,260934.00,587,543.91,25634,33.29,434627,5.71,0,,4,54391.00,166,3329.00,2597,100.00,17581,10.00,40381,5.00
58,2023-05-16,20,42,52,67,72,77,82,3,,31069032.49,0,,0,,4,53599.62,660,413.24,23729,29.99,366380,5.57,0,,11,41324.00,164,2999.00,2148,100.00,15436,10.00,35126,5.00
59,2023-05-18,5,16,35,63,69,77,29,3,,32076242.31,0,,0,,2,105541.53,642,419.66,26843,26.13,397433,5.05,0,,2,41966.00,136,2613.00,2434,100.00,15930,10.00,33488,5.00
60,2023-05-20,18,32,37,46,64,70,30,44,,33269813.36,0,,0,,8,32070.28,673,467.91,24616,34.13,389040,6.28,1,801757.00,3,46791.00,136,3413.00,1861,100.00,13705,10.00,32992,5.00
61,2023-05-23,13,23,26,27,50,63,71,1,,34301898.90,0,,0,,4,52696.81,627,429.23,26812,26.13,407604,5.00,0,,3,42923.00,137,2613.00,2257,100.00,13736,10.00,28989,5.00
62,2023-05-25,20,22,33,38,40,51,44,76,,35282896.58,0,,0,,6,34215.94,623,423.17,22822,29.97,376864,5.18,0,,5,42317.00,93,2997.00,1532,100.00,9769,10.00,22422,5.00
63,2023-05-27,12,41,64,78,79,88,58,86,,36442450.44,0,,0,,6,41536.00,551,558.18,22700,36.02,396042,5.99,0,,5,55818.00,115,3602.00,1893,100.00,14126,10.00,31383,5.00
64,2023-05-30,10,22,37,55,76,87,60,43,,37451666.72,0,,0,,6,34394.13,570,464.40,23656,29.05,389761,5.04,0,,1,46440.00,84,2905.00,1464,100.00,10313,10.00,22699,5.00
65,2023-06-01,2,37,64,83,89,90,34,23,,38445485.65,0,,1,647063.27,2,104525.61,579,370.06,24315,26.41,376762,5.28,0,,2,37006.00,139,2641.00,2924,100.00,19362,10.00,42451,5.00
66,2023-06-03,27,39,56,58,63,64,55,38,,39428450.59,0,,0,,5,47453.48,636,381.25,24054,30.27,376036,6.00,0,,1,38125.00,143,3027.00,2005,100.00,13240,10.00,32559,5.00
67,2023-06-06,17,26,51,54,61,62,73,8,,40448081.52,0,,0,,6,35110.68,572,377.40,20801,31.11,342753,5.85,0,,1,37740.00,128,3111.00,2153,100.00,15297,10.00,38152,5.00
68,2023-06-08,3,8,58,66,82,87,69,55,,41428095.74,0,,0,,6,34179.44,677,310.62,26709,23.59,418818,5.00,0,,15,31062.00,193,2359.00,2269,100.00,14006,10.00,29435,5.00
69,2023-06-10,8,30,33,40,64,78,42,59,,42590153.89,1,42590153.89,0,,6,41642.20,588,433.78,26047,29.43,430324,5.52,0,,1,43378.00,140,2943.00,2118,100.00,13184,10.00,30183,5.00
70,2023-06-13,6,37,53,54,72,84,74,84,,11823096.97,0,,0,,4,50439.59,554,373.59,20676,29.99,348270,5.51,0,,8,37359.00,160,2999.00,2398,100.00,14382,10.00,26561,5.00
71,2023-06-15,4,9,21,24,52,71,8,58,,12768522.31,0,,0,,10,19805.84,1285,158.18,38669,15.74,479176,5.00,0,,7,15818.00,191,1574.00,2402,100.00,13553,10.00,26494,5.00
72,2023-06-17,12,18,26,40,53,63,54,58,,13888939.52,0,,0,,9,26761.18,777,316.68,29017,25.47,447468,5.12,0,,2,31668.00,129,2547.00,2130,100.00,13709,10.00,30110,5.00
73,2023-06-20,7,42,56,69,74,76,45,4,,14896367.34,0,,0,,2,103591.53,473,449.04,21173,30.06,357241,5.52,0,,5,44904.00,158,3006.00,2537,100.00,17468,10.00,41140,5.00
74,2023-06-22,21,30,38,65,67,90,77,7,,15853952.79,0,,0,,6,33363.83,543,378.26,21393,28.76,353560,5.39,0,,2,37826.00,137,2876.00,2414,100.00,17594,10.00,38443,5.00
75,2023-06-24,1,21,32,35,59,86,38,6,,16988183.59,0,,0,,2,121933.73,576,432.43,24679,30.32,418866,5.54,0,,2,43243.00,166,3032.00,2643,100.00,18029,10.00,38329,5.00
76,2023-06-27,31,46,57,70,71,80,75,8,,17960247.75,0,,0,,1,198196.21,364,558.81,16114,37.80,282210,6.68,0,,3,55881.00,101,3780.00,1808,100.00,13788,10.00,37614,5.00
77,2023-06-29,1,27,38,41,79,81,39,29,,18882732.96,0,,0,,1,193053.32,417,475.46,19198,30.91,328060,5.60,0,,13,47546.00,167,3091.00,2084,100.00,14886,10.00,34258,5.00
78,2023-07-01,17,39,41,43,87,89,33,44,,19998557.77,0,,0,,3,80163.33,543,451.67,23775,31.02,382342,5.99,0,,4,45167.00,110,3102.00,1942,100.00,12992,10.00,31284,5.00
79,2023-07-04,11,23,50,68,89,90,41,32,,20987661.26,0,,0,,9,22534.87,836,248.30,30873,20.17,447770,5.00,0,,2,24830.00,103,2017.00,1722,100.00,10071,10.00,20974,5.00
80,2023-07-06,5,17,27,38,53,57,30,16,,21933554.68,0,,0,,7,28287.66,718,282.43,27979,21.73,401818,5.00,0,,2,28243.00,122,2173.00,2138,100.00,13105,10.00,27817,5.00
81,2023-07-07,1,13,23,73,83,85,79,3,,22524797.40,0,,0,,2,56562.76,514,229.37,15469,22.59,235223,5.00,0,,5,22937.00,98,2259.00,1581,100.00,8499,10.00,17267,5.00
82,2023-07-08,8,18,20,28,41,56,58,55,,23403082.05,0,,0,,11,17736.00,1015,196.91,32701,18.32,426726,5.00,0,,4,19691.00,181,1832.00,2221,100.00,12918,10.00,27204,5.00
83,2023-07-11,39,41,58,64,71,77,9,74,,24330178.99,0,,0,,1,194629.76,522,381.99,17895,33.41,292109,6.34,0,,6,38199.00,85,3341.00,1359,100.00,9635,10.00,24545,5.00
84,2023-07-13,20,38,49,50,53,64,72,62,,25242197.32,0,,0,,1,191059.75,381,513.99,17347,33.84,304478,5.97,0,,0,,77,3384.00,1295,100.00,9212,10.00,22014,5.00
85,2023-07-14,38,41,43,55,61,71,59,75,,25835179.30,0,,1,354666.08,2,57292.22,252,473.63,9867,35.87,158753,6.87,0,,1,47363.00,46,3587.00,691,100.00,5212,10.00,13533,5.00
86,2023-07-15,40,45,51,52,56,78,30,5,,26640257.50,0,,0,,4,48582.31,414,480.92,17350,34.40,284188,6.51,0,,2,48092.00,95,3440.00,1680,100.00,13192,10.00,37217,5.00
87,2023-07-18,22,45,49,52,60,65,23,26,,27550646.03,0,,1,590296.75,3,63570.42,462,423.12,18487,31.69,305294,5.94,0,,3,42312.00,120,3169.00,1607,100.00,11573,10.00,28359,5.00
88,2023-07-20,14,41,47,62,65,88,39,37,,28323014.35,0,,0,,3,62144.58,419,456.33,17802,32.18,291240,6.09,0,,4,45633.00,111,3218.00,1587,100.00,10582,10.00,25415,5.00
89,2023-07-21,13,38,52,56,73,90,7,24,,28913369.08,0,,0,,6,19106.92,355,336.37,13349,26.53,201996,5.40,0,,2,33637.00,99,2653.00,1295,100.00,7079,10.00,15831,5.00
90,2023-07-22,2,37,50,65,68,90,67,60,,29788525.92,0,,0,,1,194114.42,534,372.44,22040,27.05,356274,5.18,0,,6,37244.00,106,2705.00,1578,100.00,10478,10.00,22680,5.00
91,2023-07-25,6,30,48,69,71,74,62,22,,30688983.96,0,,0,,4,47086.59,662,291.71,23976,24.13,351305,5.10,0,,2,29171.00,160,2413.00,2371,100.00,14825,10.00,32213,5.00
92,2023-07-27,18,39,48,50,57,83,38,55,,31581165.24,0,,0,,8,23401.30,501,383.19,19426,29.61,298752,5.96,0,,5,38319.00,169,2961.00,1749,100.00,11633,10.00,28051,5.00
93,2023-07-28,1,23,33,50,55,78,45,82,,32178898.68,0,,0,,4,29076.63,412,293.87,14560,24.67,224309,5.00,0,,1,29387.00,67,2467.00,984,100.00,5689,10.00,11929,5.00
94,2023-07-29,27,39,58,60,68,85,45,82,,33060731.57,0,,0,,6,32579.52,457,438.18,18553,32.36,298718,6.23,0,,1,43818.00,59,3236.00,1331,100.00,8789,10.00,22039,5.00
95,2023-08-01,11,32,36,40,54,63,78,57,,33990118.85,0,,0,,4,48781.41,539,397.34,20607,29.78,320389,5.80,0,,4,39734.00,117,2978.00,1792,100.00,11777,10.00,26959,5.00
96,2023-08-03,4,6,9,33,65,73,48,12,,34898396.35,0,,0,,11,17280.25,911,229.55,33443,17.89,460340,5.00,0,,2,22955.00,226,1789.00,2936,100.00,15353,10.00,27864,5.00
97,2023-08-04,5,21,57,71,72,84,66,11,,35518026.59,0,,0,,5,24232.56,343,408.75,13333,29.12,225143,5.12,0,,0,,74,2912.00,1603,100.00,10620,10.00,23052,5.00
98,2023-08-05,7,9,17,18,47,81,61,20,,36424009.03,0,,0,,17,11798.87,1611,136.32,48091,13.10,541210,5.00,0,,9,13632.00,317,1310.00,3221,100.00,15956,10.00,27036,5.00
99,2023-08-08,3,4,5,71,81,82,64,10,,37353807.63,0,,0,,10,19446.24,843,253.26,34994,17.47,458014,5.00,0,,7,25326.00,248,1747.00,3299,100.00,17790,10.00,32230,5.00
100,2023-08-10,9,21,43,49,53,86,68,62,,38264341.41,0,,0,,4,47681.61,665,315.44,23048,26.04,359372,5.05,0,,6,31544.00,115,2604.00,1457,100.00,8979,10.00,19111,5.00
101,2023-08-11,31,45,46,52,69,83,76,34,,38886530.29,0,,0,,0,,275,659.22,10140,42.45,176608,6.79,0,,0,,71,4245.00,793,100.00,5725,10.00,14992,5.00
102,2023-08-12,2,40,48,78,81,90,55,14,,39757902.12,0,,0,,2,96074.22,517,408.49,21870,27.64,350417,5.22,0,,0,,125,2764.00,1920,100.00,12519,10.00,28163,5.00
103,2023-08-14,6,28,46,64,77,82,20,15,,40491601.15,0,,0,,9,16487.55,531,315.30,16821,28.01,263238,5.36,0,,12,31530.00,254,2801.00,3919,100.00,26255,10.00,61095,5.00
104,2023-08-17,10,12,14,53,63,71,41,41,,41358498.39,0,,0,,7,26725.45,696,296.14,25804,22.83,393884,5.00,0,,4,29614.00,110,2283.00,1576,100.00,9851,10.00,20298,5.00
105,2023-08-18,5,13,41,58,70,73,1,28,,41963816.47,0,,0,,4,29539.27,298,460.39,13179,28.76,213555,5.26,0,,3,46039.00,63,2876.00,1113,100.00,7291,10.00,15759,5.00
106,2023-08-19,5,6,18,23,49,61,22,82,,42797852.94,0,,0,,5,36732.70,1013,200.10,33524,17.26,441202,5.00,0,,4,20010.00,109,1726.00,1604,100.00,9552,10.00,18499,5.00
107,2023-08-22,32,45,47,61,67,75,6,83,,43680192.93,0,,0,,4,46383.67,424,482.49,15537,37.61,264779,6.67,0,,3,48249.00,43,3761.00,1131,100.00,7563,10.00,20897,5.00
108,2023-08-24,3,34,54,67,71,77,2,49,,44545011.48,0,,1,560317.76,4,45256.44,433,462.04,19706,28.96,319653,5.39,0,,2,46204.00,110,2896.00,1912,100.00,13612,10.00,28458,5.00
109,2023-08-25,4,12,41,57,77,78,40,3,,45025739.86,0,,0,,1,116037.89,266,507.81,13313,27.99,222602,5.00,0,,1,50781.00,76,2799.00,1408,100.00,9095,10.00,18757,5.00
110,2023-08-26,8,11,23,59,73,75,14,11,,45881507.53,0,,0,,10,18922.57,886,235.06,32601,18.27,435489,5.00,1,473064.25,5,23506.00,336,1827.00,4154,100.00,18652,10.00,29583,5.00
111,2023-08-29,52,53,56,69,82,90,6,50,,46786098.61,0,,0,,4,47518.62,446,468.86,20244,29.55,324308,5.58,0,,0,,94,2955.00,1755,100.00,11341,10.00,26096,5.00
112,2023-08-31,9,15,61,66,72,73,2,79,,47686146.65,0,,0,,1,188851.04,547,380.05,22135,26.86,355054,5.06,0,,1,38005.00,128,2686.00,1731,100.00,10876,10.00,22903,5.00
113,2023-09-01,18,53,57,67,75,80,77,39,,48317959.83,0,,0,,3,41429.17,316,403.31,11641,32.80,188530,6.27,0,,1,40331.00,65,3280.00,958,100.00,6760,10.00,17041,5.00
114,2023-09-02,7,14,15,49,86,90,82,19,,49234107.84,0,,0,,9,22507.50,816,252.11,30982,20.02,448270,5.00,1,562687.50,8,25211.00,263,2002.00,3558,100.00,21203,10.00,40686,5.00
115,2023-09-05,14,19,20,26,33,65,15,36,,50175488.39,0,,0,,7,28137.30,850,235.43,29977,20.12,429509,5.00,0,,3,23543.00,112,2012.00,2006,100.00,11598,10.00,22877,5.00
116,2023-09-07,2,15,34,40,57,89,88,73,,51094916.48,0,,1,595833.19,2,96249.98,483,405.09,19372,30.44,324527,5.64,0,,4,40509.00,96,3044.00,1468,100.00,9790,10.00,22444,5.00
117,2023-09-08,13,30,42,58,80,86,33,72,,51604111.30,0,,0,,1,122909.09,289,436.22,10769,35.07,186949,6.26,0,,1,43622.00,43,3507.00,838,100.00,6065,10.00,15570,5.00
118,2023-09-09,6,17,28,43,46,76,61,84,,52524143.15,0,,0,,7,29101.57,655,315.83,25269,24.69,387014,5.01,0,,1,31583.00,86,2469.00,1467,100.00,9538,10.00,20938,5.00
119,2023-09-12,26,28,41,47,81,84,70,70,,53456090.55,0,,0,,8,24314.16,399,495.42,17050,34.95,301312,6.14,0,,6,49542.00,79,3495.00,1410,100.00,9872,10.00,24648,5.00
120,2023-09-14,23,29,41,55,76,79,11,5,,54370453.72,0,,0,,2,95821.58,492,395.94,19637,29.90,325721,5.60,0,,1,39594.00,114,2990.00,2007,100.00,14489,10.00,32311,5.00
121,2023-09-15,5,12,42,51,55,80,35,60,,55006051.51,0,,0,,5,24956.77,472,271.06,16933,22.64,251896,5.00,0,,1,27106.00,44,2264.00,915,100.00,6142,10.00,12498,5.00
122,2023-09-16,23,27,53,55,74,86,79,65,,55937296.90,0,,2,319022.34,4,51534.38,594,352.35,22867,27.61,366220,5.36,0,,2,35235.00,102,2761.00,1672,100.00,10614,10.00,24068,5.00
123,2023-09-19,9,11,41,52,86,89,36,9,,56742873.40,0,,0,,6,32408.25,633,312.17,26661,22.34,404639,5.00,1,810206.25,5,31217.00,279,2234.00,3619,100.00,18880,10.00,31171,5.00
124,2023-09-21,4,21,29,31,45,59,42,2,,57656343.53,0,,0,,4,47859.28,543,358.37,23089,25.40,363779,5.01,0,,1,35837.00,110,2540.00,2035,100.00,11982,10.00,25515,5.00
125,2023-09-22,3,58,67,69,70,84,5,11,,58286830.24,0,,0,,3,41193.64,261,485.59,11916,31.87,207132,5.68,0,,2,48559.00,78,3187.00,1479,100.00,10702,10.00,24322,5.00
126,2023-09-23,22,27,38,51,80,82,24,31,,59218002.57,0,,0,,5,41259.93,586,357.43,20766,30.42,341598,5.75,0,,0,,86,3042.00,1513,100.00,10583,10.00,24734,5.00
127,2023-09-26,41,43,45,60,66,78,30,75,,60148329.77,0,,0,,3,64578.46,415,474.44,16528,35.91,267009,6.91,0,,4,47444.00,63,3591.00,1193,100.00,8846,10.00,22943,5.00
128,2023-09-28,9,25,40,58,85,86,11,34,,61050578.93,0,,0,,4,47208.83,548,350.35,22001,26.30,348981,5.15,0,,1,35035.00,109,2630.00,1503,100.00,9954,10.00,21304,5.00
129,2023-09-29,6,35,48,53,81,86,47,71,,61685653.64,0,,0,,6,20846.19,386,332.21,14364,26.75,218432,5.45,0,,3,33221.00,88,2675.00,1139,100.00,7786,10.00,17827,5.00
130,2023-09-30,17,25,64,66,74,76,49,78,,62621780.90,0,,0,,5,41454.42,584,360.32,20934,30.32,346564,5.69,0,,1,36032.00,122,3032.00,1560,100.00,10422,10.00,23547,5.00
131,2023-10-03,12,13,20,54,67,84,66,77,,63569797.65,0,,0,,6,32976.66,617,328.15,25736,23.60,399121,5.00,0,,2,32815.00,125,2360.00,2248,100.00,13808,10.00,28973,5.00
132,2023-10-05,20,22,39,65,69,71,38,53,,,0,,0,,11,17550.42,622,317.78,23672,25.04,366041,5.02,0,,2,31778.00,255,2504.00,3353,100.00,22241,10.00,47950,5.00
133,2023-10-06,33,36,48,62,82,90,8,61,,65138000.26,0,,0,,3,42354.87,289,455.62,12814,30.58,206125,5.87,0,,1,45562.00,67,3058.00,861,100.00,5862,10.00,12799,5.00
134,2023-10-07,12,35,37,42,55,58,63,13,,66083635.74,0,,0,,2,104635.09,580,368.75,22027,29.16,352209,5.65,0,,4,36875.00,183,2916.00,2382,100.00,16618,10.00,40142,5.00
135,2023-10-10,1,39,45,49,87,88,30,41,,67024234.65,0,,0,,7,27967.27,586,341.94,22219,27.05,342423,5.44,0,,0,,71,2705.00,1398,100.00,9440,10.00,21089,5.00
136,2023-10-12,5,7,10,14,20,36,54,11,,67941634.51,0,,0,,55,3494.34,2851,69.02,60197,9.80,568813,5.00,0,,22,6902.00,512,980.00,4494,100.00,19225,10.00,32127,5.00
137,2023-10-13,24,29,40,55,56,77,49,79,,68596957.75,0,,0,,2,64731.85,304,441.03,13045,30.59,219488,5.61,0,,3,44103.00,45,3059.00,1016,100.00,6727,10.00,15399,5.00
138,2023-10-14,4,6,52,79,81,83,45,53,,69557917.75,0,,0,,8,26576.34,814,266.85,28289,23.06,426827,5.00,0,,6,26685.00,134,2306.00,2356,100.00,13931,10.00,30478,5.00
139,2023-10-17,16,28,39,40,63,85,12,33,,70502139.44,0,,0,,2,98073.09,460,436.42,17960,33.54,310223,6.02,0,,0,,102,3354.00,1806,100.00,12617,10.00,30047,5.00
140,2023-10-19,10,18,45,55,66,70,75,53,,71413196.00,0,,0,,5,38120.21,643,303.59,25166,23.26,373087,5.00,0,,2,30359.00,130,2326.00,2086,100.00,12494,10.00,26251,5.00
141,2023-10-20,14,21,24,49,71,81,5,17,,72051434.75,0,,0,,5,25115.41,426,305.60,14586,26.55,224950,5.31,0,,3,30560.00,171,2655.00,2740,100.00,18316,10.00,44031,5.00
142,2023-10-21,23,35,37,58,61,73,50,13,,72999566.87,0,,0,,6,35015.85,560,383.40,20655,31.22,330683,6.05,0,,6,38340.00,142,3122.00,2196,100.00,15535,10.00,39042,5.00
143,2023-10-24,8,18,41,54,75,79,42,8,,73917803.35,0,,0,,3,63416.59,526,370.45,21763,26.85,350086,5.17,0,,8,37045.00,185,2685.00,3008,100.00,18073,10.00,31259,5.00
144,2023-10-26,11,19,28,34,38,45,1,31,,74818700.94,0,,0,,1,189029.91,736,263.09,26802,21.66,400344,5.00,0,,3,26309.00,136,2166.00,1627,100.00,10120,10.00,20953,5.00
145,2023-10-27,23,40,49,57,68,69,56,56,,75456825.90,0,,0,,2,62892.16,342,381.26,13213,29.36,216566,5.53,0,,4,38126.00,55,2936.00,1167,100.00,7483,10.00,16842,5.00
146,2023-10-28,4,9,25,30,57,66,79,77,,76407640.71,0,,0,,19,11090.09,1267,169.94,37863,17.08,479402,5.00,0,,5,16994.00,194,1708.00,2413,100.00,13866,10.00,27481,5.00
147,2023-10-31,3,42,54,69,73,80,68,29,,77353025.15,0,,0,,6,32785.10,556,362.08,21519,28.07,343784,5.44,0,,9,36208.00,118,2807.00,1799,100.00,12687,10.00,28982,5.00
148,2023-11-02,17,29,40,56,60,80,33,2,,78228769.33,0,,0,,4,45498.25,446,415.25,18673,29.87,299777,5.78,0,,1,41525.00,104,2987.00,1713,100.00,11607,10.00,26957,5.00
149,2023-11-03,52,64,68,76,84,87,14,6,,78874172.75,0,,1,398024.95,6,21432.12,323,408.06,11364,34.76,181085,6.76,0,,0,,53,3476.00,995,100.00,7155,10.00,20120,5.00
150,2023-11-04,16,52,59,63,84,90,32,55,,79761851.50,0,,0,,3,71422.43,542,401.25,22128,29.65,353805,5.76,0,,2,40125.00,129,2965.00,2067,100.00,13792,10.00,32947,5.00
151,2023-11-07,10,30,36,64,69,76,68,88,,80708162.84,0,,0,,5,39280.61,555,359.66,20633,29.16,344234,5.43,0,,2,35966.00,106,2916.00,1874,100.00,12769,10.00,30052,5.00
152,2023-11-09,14,68,70,84,85,87,45,16,,81620686.13,0,,0,,0,,374,689.21,16686,38.87,278638,6.75,0,,0,,75,3887.00,1462,100.00,11617,10.00,29880,5.00
153,2023-11-10,7,45,58,62,69,76,66,37,,82270388.48,0,,0,,2,64148.47,309,425.59,11989,32.88,211010,5.79,0,,4,42559.00,71,3288.00,1073,100.00,7298,10.00,16432,5.00
154,2023-11-11,16,22,23,25,62,82,5,11,,83236488.15,0,,0,,5,42805.14,530,409.88,24683,26.55,405966,5.02,0,,6,40988.00,211,2655.00,3264,100.00,22429,10.00,45662,5.00
155,2023-11-14,35,38,39,51,74,80,4,20,,84180941.52,0,,0,,7,27998.67,371,536.93,16666,36.03,279243,6.68,0,,2,53693.00,98,3603.00,1736,100.00,11897,10.00,33886,5.00
156,2023-11-16,9,10,19,40,52,56,50,42,,85102812.24,1,85102812.24,0,,12,16102.88,1069,183.76,38409,15.41,493591,5.00,0,,2,18376.00,126,1541.00,1921,100.00,10858,10.00,20559,5.00
157,2023-11-17,14,23,63,70,75,89,59,83,,18216543.36,0,,0,,1,125013.24,280,457.94,11945,32.16,204851,5.81,0,,1,45794.00,38,3216.00,794,100.00,5582,10.00,13215,5.00
158,2023-11-18,5,51,52,60,62,80,22,23,,19138242.77,0,,0,,4,50949.76,393,526.74,18670,33.43,323906,5.99,0,,5,52674.00,135,3343.00,2469,100.00,18077,10.00,43616,5.00
159,2023-11-21,30,59,61,86,88,90,43,77,,20041289.99,0,,0,,15,12501.62,548,348.05,20715,27.74,305601,5.84,1,312540.50,1,34805.00,121,2774.00,1532,100.00,11095,10.00,26995,5.00
160,2023-11-23,1,37,61,68,71,83,52,25,,20921243.73,0,,0,,3,61460.59,377,497.59,16703,33.83,294389,5.96,0,,3,49759.00,90,3383.00,1878,100.00,13229,10.00,31514,5.00
161,2023-11-24,4,13,28,30,47,59,61,56,,21552982.28,0,,0,,4,31234.33,437,293.24,17075,22.48,252162,5.00,0,,3,29324.00,93,2248.00,1293,100.00,7365,10.00,15793,5.00
162,2023-11-25,11,27,28,55,58,73,49,12,,22467044.49,0,,0,,9,22440.77,665,308.53,26818,23.07,407865,5.00,0,,2,30853.00,141,2307.00,2411,100.00,14926,10.00,31097,5.00
163,2023-11-28,6,14,49,52,67,68,80,25,,23368288.87,0,,0,,4,46840.70,536,355.55,20659,27.79,342778,5.20,0,,1,35555.00,142,2779.00,1990,100.00,12624,10.00,27910,5.00
164,2023-11-30,27,38,41,81,84,86,49,69,,24244315.28,0,,0,,3,61152.64,409,456.40,16783,33.50,282171,6.19,0,,4,45640.00,97,3350.00,1590,100.00,11449,10.00,31252,5.00
165,2023-12-01,11,22,33,44,65,66,87,17,,24894347.84,0,,0,,288,449.63,1231,107.60,19303,20.59,261929,5.00,0,,5,10760.00,148,2059.00,2490,100.00,14987,10.00,31992,5.00
166,2023-12-02,19,24,29,53,74,83,70,40,,25851930.58,0,,0,,1,211791.41,687,312.60,26423,24.54,402414,5.01,0,,3,31260.00,101,2454.00,1994,100.00,12089,10.00,25772,5.00
167,2023-12-05,4,6,16,39,41,44,23,78,,26781393.24,0,,0,,10,19270.61,708,276.37,26322,22.42,395157,5.00,0,,4,27637.00,132,2242.00,1758,100.00,10196,10.00,21313,5.00
168,2023-12-07,5,19,42,44,68,84,72,38,,27705424.49,0,,0,,8,24280.86,589,334.82,23683,25.12,385561,5.00,0,,4,33482.00,100,2512.00,1922,100.00,11730,10.00,24086,5.00
169,2023-12-09,3,20,27,41,59,82,24,31,,28746928.74,0,,1,688294.85,4,55593.05,706,319.17,27555,24.70,435233,5.00,0,,6,31917.00,132,2470.00,2001,100.00,12174,10.00,25507,5.00
170,2023-12-11,1,41,46,50,84,89,37,19,,29265854.37,0,,0,,2,62628.96,256,500.87,10521,36.56,197434,6.04,0,,5,50087.00,68,3656.00,1339,100.00,10531,10.00,26088,5.00
171,2023-12-12,4,27,47,57,59,89,7,4,,30018100.76,0,,0,,2,81430.01,540,307.08,20067,24.88,292358,5.30,0,,0,,179,2488.00,2147,100.00,12545,10.00,24269,5.00
172,2023-12-14,22,28,37,39,53,86,78,70,,30902017.10,0,,0,,2,94511.86,517,371.35,18913,30.61,312677,5.75,0,,3,37135.00,85,3061.00,1461,100.00,10345,10.00,23125,5.00
173,2023-12-15,52,63,67,71,83,89,23,46,,31543825.63,0,,0,,2,63337.19,301,430.69,11465,33.93,190199,6.34,0,,1,43069.00,59,3393.00,972,100.00,7063,10.00,17979,5.00
174,2023-12-16,13,22,23,42,47,87,67,69,,32487844.90,0,,1,646713.99,5,41787.68,683,310.25,26691,23.96,409822,5.00,0,,6,31025.00,132,2396.00,2388,100.00,14768,10.00,30294,5.00
175,2023-12-18,3,4,14,15,65,85,33,43,,32927667.80,0,,0,,1,106164.15,444,245.78,16819,19.41,239787,5.00,0,,2,24578.00,77,1941.00,1028,100.00,5594,10.00,11248,5.00
176,2023-12-19,20,26,30,33,54,83,89,64,,33657617.90,0,,1,496263.38,3,53443.75,379,430.86,16530,29.73,277621,5.50,0,,0,,65,2973.00,1309,100.00,8981,10.00,19977,5.00
177,2023-12-21,19,32,38,62,77,79,90,83,,34460878.18,0,,0,,5,38778.09,583,337.66,20800,28.55,329097,5.61,0,,4,33766.00,70,2855.00,1374,100.00,9415,10.00,21319,5.00
178,2023-12-22,1,8,46,57,73,79,67,32,,35157272.92,0,,0,,4,34780.79,356,399.12,15465,27.60,263613,5.02,0,,3,39912.00,45,2760.00,1046,100.00,6921,10.00,14624,5.00
179,2023-12-23,8,10,49,57,79,81,36,65,,36141157.02,0,,0,,5,43340.15,732,300.09,28636,23.16,438091,5.00,0,,3,30009.00,106,2316.00,1800,100.00,11727,10.00,24585,5.00
180,2023-12-28,15,36,57,58,79,86,35,47,,37237850.13,0,,0,,10,23233.85,665,353.84,21770,32.66,356278,6.21,0,,5,35384.00,144,3266.00,2149,100.00,15051,10.00,37728,5.00
181,2023-12-29,13,46,47,67,68,90,55,40,,38038810.93,0,,0,,4,39654.53,588,274.80,19473,24.97,284692,5.30,0,,1,27480.00,81,2497.00,1311,100.00,8981,10.00,20591,5.00
182,2023-12-30,23,43,45,53,66,69,4,59,,39101760.58,0,,0,,10,23287.25,697,338.36,26624,26.76,406704,5.45,0,,3,33836.00,130,2676.00,1917,100.00,12966,10.00,30011,5.00
1,2024-01-02,2,9,16,35,46,63,49,5,,40015477.30,0,,0,,3,61918.43,626,353.18,24428,24.62,379984,5.00,0,,4,35318.00,158,2462.00,2433,100.00,15446,10.00,31138,5.00
2,2024-01-04,7,9,29,51,60,70,59,41,,40955101.19,0,,0,,6,33174.88,895,261.88,30189,21.26,432597,5.00,0,,3,26188.00,108,2126.00,1705,100.00,10388,10.00,21475,5.00
3,2024-01-08,20,28,42,48,51,62,72,47,,41991866.82,0,,1,682533.38,2,110255.40,463,552.59,21839,32.39,358299,5.86,0,,1,55259.00,120,3239.00,1920,100.00,13398,10.00,30715,5.00
4,2024-01-09,10,19,23,39,40,83,73,13,,42688433.33,0,,0,,15,11209.12,971,209.55,28634,19.12,390130,5.00,0,,5,20955.00,219,1912.00,2902,100.00,15784,10.00,29668,5.00
5,2024-01-11,45,56,59,69,73,77,7,81,,43589159.20,0,,0,,6,32048.79,464,490.58,17667,35.17,296849,6.16,0,,2,49058.00,92,3517.00,1358,100.00,9754,10.00,23435,5.00
6,2024-01-12,11,23,25,72,78,84,20,40,,44221152.85,0,,0,,5,24763.36,426,373.60,17894,23.06,263684,5.00,0,,1,37360.00,70,2306.00,1066,100.00,6433,10.00,13979,5.00
7,2024-01-13,4,43,45,55,56,60,5,55,,45167419.20,0,,0,,1,209907.76,375,653.99,19104,35.33,333543,5.99,0,,2,65399.00,164,3533.00,2404,100.00,15506,10.00,31844,5.00
8,2024-01-16,21,39,51,59,68,86,63,48,,46107212.42,0,,0,,5,39096.23,567,407.09,19780,31.90,308055,6.04,0,,2,40709.00,98,3190.00,1765,100.00,12409,10.00,29834,5.00
9,2024-01-18,14,26,36,60,62,84,73,68,,47024696.52,0,,0,,2,96125.93,486,468.29,17033,36.47,280712,6.52,0,,0,,67,3647.00,1400,100.00,9735,10.00,26702,5.00
10,2024-01-19,21,22,28,50,55,68,38,35,,47663822.24,0,,0,,6,20924.08,395,407.30,15047,27.77,234257,5.10,0,,1,40730.00,64,2777.00,1051,100.00,7108,10.00,15324,5.00
11,2024-01-20,2,19,56,58,63,71,22,14,,48609856.32,0,,0,,0,,653,482.08,26197,28.39,412596,5.00,0,,4,48208.00,140,2839.00,2208,100.00,14057,10.00,30064,5.00
12,2024-01-23,11,15,16,42,48,52,1,16,,49545209.60,0,,0,,8,24307.05,672,341.96,27018,23.24,383512,5.00,0,,5,34196.00,176,2324.00,2574,100.00,14487,10.00,25227,5.00
13,2024-01-25,27,29,30,53,54,86,34,57,,50455973.22,0,,0,,8,23847.85,456,495.88,19607,31.45,320393,5.67,1,596196.25,1,49588.00,87,3145.00,1585,100.00,10512,10.00,23586,5.00
14,2024-01-26,24,32,36,47,50,78,62,72,,51096144.41,0,,0,,2,63008.15,245,658.60,11018,38.06,185078,6.48,0,,1,65860.00,44,3806.00,860,100.00,6443,10.00,16652,5.00
15,2024-01-27,17,33,38,43,49,80,69,30,,52040974.65,0,,0,,3,69744.15,688,355.48,24706,27.24,351477,5.66,0,,8,35548.00,408,2724.00,4689,100.00,26181,10.00,56030,5.00
16,2024-01-30,5,10,76,82,83,89,25,49,,52967105.43,0,,0,,5,38456.84,613,371.32,24738,25.11,381327,5.00,0,,2,37132.00,120,2511.00,1885,100.00,13412,10.00,28370,5.00
17,2024-02-01,3,44,74,81,87,89,85,66,,53885837.07,0,,0,,4,48257.68,521,382.32,21578,27.54,332379,5.53,0,,3,38232.00,123,2754.00,1801,100.00,11915,10.00,26199,5.00
18,2024-02-02,2,35,38,44,68,83,50,73,,54537884.18,0,,0,,1,128547.01,307,438.79,12921,30.79,201325,6.08,0,,4,43879.00,73,3079.00,937,100.00,6587,10.00,15075,5.00
19,2024-02-03,6,10,12,34,66,77,19,58,,55499851.68,0,,0,,8,26623.86,1222,179.33,42776,15.31,540901,5.00,0,,3,17933.00,197,1531.00,2470,100.00,13089,10.00,24628,5.00
20,2024-02-06,26,34,39,46,54,89,13,11,,56437516.98,0,,0,,5,38901.36,452,443.95,17198,34.82,290171,6.38,1,972534.00,1,44395.00,131,3482.00,2114,100.00,15506,10.00,43299,5.00
21,2024-02-08,2,4,24,62,73,75,1,49,,57349508.35,0,,0,,8,23883.96,633,311.58,25752,22.85,380402,5.00,0,,1,31158.00,133,2285.00,2056,100.00,11822,10.00,26713,5.00
22,2024-02-09,6,22,29,42,48,66,56,81,,57993234.41,0,,0,,4,31707.81,460,289.11,17628,22.27,258320,5.00,0,,2,28911.00,79,2227.00,1174,100.00,6594,10.00,13673,5.00
23,2024-02-10,43,62,72,73,85,86,58,17,,58930222.98,0,,0,,2,103608.93,384,555.67,16265,39.20,291683,6.76,0,,1,55567.00,116,3920.00,2248,100.00,18023,10.00,53044,5.00
24,2024-02-13,27,34,37,42,53,76,60,55,,59855681.98,0,,0,,3,64141.03,479,414.58,18475,32.07,293075,6.25,0,,1,41458.00,116,3207.00,1926,100.00,12342,10.00,30345,5.00
25,2024-02-15,34,38,61,71,74,83,80,79,,60758338.37,0,,0,,7,27018.53,430,454.16,16250,35.84,264275,6.81,0,,1,45416.00,75,3584.00,1357,100.00,9343,10.00,25233,5.00
26,2024-02-16,20,30,37,83,88,89,77,66,,61406281.18,0,,0,,3,42713.08,260,516.54,12501,31.73,214368,5.69,0,,1,51654.00,82,3173.00,1011,100.00,6850,10.00,15196,5.00
27,2024-02-17,3,11,25,34,46,64,53,75,,62356082.12,0,,0,,14,15008.22,828,261.20,29423,21.97,438302,5.00,0,,2,26120.00,116,2197.00,1877,100.00,11106,10.00,22787,5.00
28,2024-02-20,5,30,36,43,48,78,79,51,,63278494.95,0,,0,,4,47813.72,532,371.08,19338,30.45,320451,5.68,0,,4,37108.00,105,3045.00,1666,100.00,11644,10.00,26630,5.00
29,2024-02-22,29,30,43,44,75,87,1,85,,64174011.12,0,,0,,5,37516.16,374,518.02,15185,38.05,271412,6.58,0,,1,51802.00,77,3805.00,1249,100.00,9404,10.00,23591,5.00
30,2024-02-23,38,54,57,66,74,88,75,57,,64813788.43,0,,0,,2,63199.85,331,400.48,12203,32.07,190355,6.32,0,,2,40048.00,68,3207.00,1183,100.00,6949,10.00,14393,5.00
31,2024-02-24,41,43,46,47,63,87,30,44,,65764215.59,0,,0,,1,210526.14,493,439.52,18379,35.24,296299,6.76,0,,3,43952.00,103,3524.00,1698,100.00,12146,10.00,30938,5.00
32,2024-02-27,27,33,41,73,79,90,34,39,,66672728.67,0,,0,,6,31306.39,506,383.39,20148,28.71,329454,5.43,0,,5,38339.00,105,2871.00,1612,100.00,11106,10.00,24243,5.00
33,2024-02-29,13,28,36,41,79,88,30,32,,67570268.67,0,,0,,5,37715.96,499,390.26,18336,31.67,303078,5.92,0,,1,39026.00,72,3167.00,1238,100.00,8700,10.00,19815,5.00
34,2024-03-01,5,16,44,61,80,90,25,16,,68228708.92,0,,0,,2,65377.64,396,339.91,15744,25.55,249438,5.00,0,,3,33991.00,175,2555.00,1860,100.00,9312,10.00,16884,5.00
35,2024-03-02,26,50,51,55,85,87,14,19,,69198584.31,0,,0,,3,71523.24,526,415.24,21169,31.07,339175,6.02,0,,2,41524.00,167,3107.00,2214,100.00,16343,10.00,43034,5.00
36,2024-03-05,16,43,53,79,80,82,74,61,,70133862.27,0,,0,,4,48423.66,404,488.97,17429,34.09,287513,6.41,0,,1,48897.00,78,3409.00,1286,100.00,8660,10.00,21284,5.00
37,2024-03-07,3,13,24,60,70,75,71,30,,71037217.07,0,,0,,3,63036.10,673,286.71,24252,23.92,371061,5.00,0,,2,28671.00,123,2392.00,1848,100.00,11900,10.00,24547,5.00
38,2024-03-08,9,16,23,50,53,79,55,84,,71690907.20,0,,0,,7,18504.25,526,253.57,19254,20.70,272447,5.00,0,,3,25357.00,69,2070.00,1077,100.00,6223,10.00,13009,5.00
39,2024-03-09,10,30,36,49,55,62,32,66,,72647763.80,0,,0,,5,42322.08,623,345.84,22594,28.71,374265,5.38,0,,1,34584.00,114,2871.00,1732,100.00,11741,10.00,25090,5.00
40,2024-03-12,7,25,46,67,69,86,23,77,,73572733.14,0,,0,,4,47912.13,613,318.92,23125,25.42,363088,5.02,0,,3,31892.00,152,2542.00,2313,100.00,13720,10.00,27050,5.00
41,2024-03-14,14,23,51,55,68,76,77,86,,74468220.51,0,,0,,5,37503.00,544,351.77,21151,27.20,328065,5.44,0,,8,35177.00,99,2720.00,1345,100.00,9020,10.00,19900,5.00
42,2024-03-15,5,6,7,50,72,74,82,26,,75118942.29,0,,0,,6,21508.55,716,185.61,23265,17.07,311550,5.00,0,,3,18561.00,110,1707.00,1549,100.00,9009,10.00,16408,5.00
43,2024-03-16,12,38,45,66,70,73,58,85,,76070553.54,0,,0,,12,17534.65,663,323.17,23052,27.98,359643,5.57,0,,2,32317.00,105,2798.00,1380,100.00,9520,10.00,21656,5.00
44,2024-03-19,4,19,58,60,67,82,48,29,,76989689.98,0,,0,,3,63473.03,633,306.90,23585,24.76,372698,5.00,0,,3,30690.00,122,2476.00,2089,100.00,12750,10.00,26756,5.00
45,2024-03-21,2,8,17,73,77,84,4,84,,77877703.46,0,,0,,12,15491.23,935,202.93,32385,17.61,430338,5.00,0,,3,20293.00,136,1761.00,1886,100.00,9685,10.00,17307,5.00
46,2024-03-22,13,16,59,66,77,79,82,75,,78526144.41,0,,0,,3,42914.29,304,436.16,12697,31.20,219065,5.59,0,,3,43616.00,72,3120.00,863,100.00,6130,10.00,14210,5.00
47,2024-03-23,32,34,57,58,67,79,61,66,,79473221.80,0,,0,,4,52341.87,518,411.61,18817,34.11,297349,6.70,0,,2,41161.00,81,3411.00,1340,100.00,10285,10.00,27157,5.00
48,2024-03-26,2,24,43,74,81,85,63,40,,80380321.76,0,,0,,6,31278.40,476,402.35,19146,30.07,322818,5.53,0,,1,40235.00,100,3007.00,1459,100.00,9752,10.00,23234,5.00
49,2024-03-28,5,9,22,69,74,84,80,83,,81272230.02,0,,0,,6,31207.59,876,218.14,32176,17.85,430735,5.00,0,,1,21814.00,98,1785.00,1677,100.00,9634,10.00,18816,5.00
50,2024-03-29,20,30,32,38,61,67,60,6,,81944771.40,0,,0,,1,134358.36,251,550.63,11261,36.70,202345,6.32,0,,6,55063.00,63,3670.00,1044,100.00,8443,10.00,20228,5.00
51,2024-03-30,8,25,28,45,54,66,89,28,,82892081.75,0,,0,,4,52146.15,732,290.21,26777,23.88,410317,5.00,0,,9,29021.00,234,2388.00,2853,100.00,14617,10.00,26651,5.00
52,2024-04-02,28,39,40,44,72,76,52,52,,83740680.75,0,,0,,3,57888.81,340,520.86,15868,33.57,260559,6.34,0,,0,,86,3357.00,1479,100.00,10357,10.00,25751,5.00
53,2024-04-04,8,33,36,41,51,68,71,8,,84627192.00,0,,0,,5,37607.07,471,406.50,19737,29.20,319000,5.61,0,,6,40650.00,177,2920.00,2825,100.00,17221,10.00,31343,5.00
54,2024-04-05,23,40,42,60,62,63,26,80,,85283951.68,0,,0,,3,43476.99,341,392.55,11555,34.69,195630,6.34,0,,0,,58,3469.00,1359,100.00,9956,10.00,25855,5.00
55,2024-04-06,14,33,53,54,64,78,39,85,,86226447.96,0,,0,,8,26001.18,517,408.97,19729,32.30,322458,6.14,0,,2,40897.00,86,3230.00,1264,100.00,8879,10.00,22861,5.00
56,2024-04-09,15,23,31,45,51,58,60,64,,87132331.82,0,,0,,4,46894.94,448,426.35,20265,28.37,332802,5.36,0,,1,42635.00,83,2837.00,1391,100.00,9366,10.00,21488,5.00
57,2024-04-11,8,31,67,77,81,86,10,62,,88017918.73,0,,0,,5,37146.64,490,386.04,22861,24.91,330015,5.36,0,,0,,102,2491.00,1321,100.00,9028,10.00,19938,5.00
58,2024-04-12,10,23,47,49,84,85,5,24,,88664279.47,0,,0,,2,64132.44,340,387.33,15049,26.20,245709,5.00,0,,4,38733.00,77,2620.00,1362,100.00,9012,10.00,19526,5.00
59,2024-04-13,1,6,7,11,79,88,15,26,,89596374.60,0,,1,637069.52,31,6639.44,2188,95.63,57085,11.04,601387,5.00,0,,9,9563.00,243,1104.00,2681,100.00,12984,10.00,23318,5.00
60,2024-04-16,1,3,11,53,75,81,61,26,,90371640.86,0,,0,,10,18713.33,1049,181.66,36145,15.87,454257,5.00,0,,6,18166.00,176,1587.00,2236,100.00,11953,10.00,22697,5.00
61,2024-04-18,15,27,42,53,65,85,88,49,,91260747.54,0,,0,,6,31108.26,528,359.99,18651,30.68,306819,5.79,0,,1,35999.00,116,3068.00,1745,100.00,12216,10.00,27904,5.00
62,2024-04-19,9,18,65,70,75,87,53,81,,91910929.47,0,,0,,1,129050.31,330,401.45,16157,24.55,249841,5.00,0,,1,40145.00,59,2455.00,1134,100.00,6562,10.00,14490,5.00
63,2024-04-20,26,34,40,53,60,68,82,19,,92852797.82,0,,2,322004.05,7,29723.45,491,430.74,18926,33.68,306633,6.46,0,,6,43074.00,158,3368.00,2057,100.00,15720,10.00,42496,5.00
64,2024-04-23,8,12,20,24,45,73,4,3,,93627676.65,0,,1,578932.46,12,15586.65,1307,145.72,39337,14.57,458713,5.00,0,,3,14572.00,243,1457.00,3041,100.00,15645,10.00,28289,5.00
65,2024-04-26,9,13,51,61,81,83,24,59,,94402957.94,0,,0,,4,46784.22,512,372.19,21290,26.94,344264,5.17,0,,5,37219.00,108,2694.00,1530,100.00,10008,10.00,21078,5.00
66,2024-04-27,24,27,41,54,62,63,37,37,,95359617.74,0,,0,,2,101477.45,494,417.78,19494,31.90,324247,5.96,0,,1,41778.00,105,3190.00,1701,100.00,11648,10.00,27775,5.00
67,2024-04-29,17,27,44,50,66,85,3,32,,96009553.19,0,,0,,4,31638.60,301,431.83,13540,28.73,219944,5.47,0,,1,43183.00,50,2873.00,850,100.00,5850,10.00,12752,5.00
68,2024-04-30,6,7,11,20,33,81,74,8,,96744674.68,0,,0,,5,31706.54,1474,109.87,40470,12.02,444725,5.00,0,,10,10987.00,277,1202.00,3085,100.00,14854,10.00,24032,5.00
69,2024-05-02,14,43,54,69,80,90,1,57,,97563101.41,0,,0,,3,57954.17,540,326.77,19590,27.18,311919,5.30,0,,1,32677.00,82,2718.00,1352,100.00,9167,10.00,20850,5.00
70,2024-05-03,17,23,43,48,52,66,88,3,,98218255.85,0,,0,,5,26432.26,447,301.47,16733,24.22,252997,5.00,0,,1,30147.00,102,2422.00,1541,100.00,10127,10.00,21307,5.00
71,2024-05-04,5,18,22,34,52,66,33,46,,99166181.24,0,,1,647094.63,7,29865.91,817,259.06,30262,21.13,437626,5.00,0,,2,25906.00,140,2113.00,1959,100.00,12071,10.00,25242,5.00
72,2024-05-07,21,23,30,45,68,85,53,89,,99954669.44,0,,0,,3,63441.58,488,395.33,20233,28.79,341905,5.30,0,,3,39533.00,113,2879.00,1683,100.00,11654,10.00,25513,5.00
73,2024-05-09,23,36,38,62,75,81,82,62,,100850046.63,0,,0,,6,31281.04,466,408.33,16227,35.40,286000,6.24,0,,0,,80,3540.00,1387,100.00,9080,10.00,19032,5.00
74,2024-05-10,6,20,40,55,71,80,12,75,,101511953.21,1,101511953.21,0,,7,18817.93,428,313.84,17150,23.55,263593,5.00,0,,3,31384.00,56,2355.00,1043,100.00,6554,10.00,14622,5.00
75,2024-05-11,21,29,34,36,46,51,41,60,,20001321.91,0,,0,,2,96261.71,380,513.47,17977,32.78,297354,6.16,0,,4,51347.00,72,3278.00,1225,100.00,8981,10.00,21613,5.00
76,2024-05-14,11,27,39,43,61,85,52,43,,20856959.04,0,,0,,5,35553.05,495,364.37,18157,29.98,301216,5.62,0,,6,36437.00,92,2998.00,1607,100.00,9160,10.00,18205,5.00
77,2024-05-16,10,11,27,31,66,83,25,57,,21686275.19,0,,0,,3,57872.38,715,246.45,26455,20.09,383638,5.00,0,,6,24645.00,128,2009.00,1744,100.00,9735,10.00,19255,5.00
78,2024-05-17,13,14,41,53,60,65,5,45,,22321466.49,0,,0,,0,,248,695.31,11291,38.37,198139,6.33,0,,1,69531.00,61,3837.00,1092,100.00,7642,10.00,19378,5.00
79,2024-05-18,2,20,31,48,58,59,46,30,,23214944.22,0,,0,,3,65544.46,482,413.34,21118,28.49,364001,5.14,0,,15,41334.00,129,2849.00,1796,100.00,10840,10.00,24295,5.00
80,2024-05-21,3,28,49,72,83,84,5,17,,24072286.23,0,,0,,5,35512.53,511,352.56,19781,27.48,319865,5.28,0,,5,35256.00,147,2748.00,2608,100.00,18341,10.00,42579,5.00
81,2024-05-23,4,10,19,50,71,83,27,11,,24903096.82,0,,0,,4,43502.04,1050,168.19,34511,15.44,439432,5.00,0,,5,16819.00,308,1544.00,3398,100.00,17794,10.00,33465,5.00
82,2024-05-24,2,36,39,50,59,64,19,3,,25529082.28,0,,0,,1,125098.72,256,498.81,11644,32.96,191602,6.21,0,,6,49881.00,74,3296.00,1050,100.00,8188,10.00,21198,5.00
83,2024-05-25,2,10,28,37,56,75,41,58,,26416711.26,0,,0,,5,39112.48,737,268.87,27412,21.83,408617,5.00,0,,12,26887.00,152,2183.00,1728,100.00,10636,10.00,22092,5.00
84,2024-05-28,19,41,67,76,82,85,23,10,,27265218.67,0,,0,,2,87795.09,475,375.13,17459,30.79,287284,5.82,0,,0,,96,3079.00,1802,100.00,13739,10.00,33568,5.00
85,2024-05-30,10,14,16,40,50,55,4,31,,28087605.35,0,,0,,8,21533.69,651,268.61,25613,20.59,338123,5.00,0,,3,26861.00,97,2059.00,1494,100.00,10230,10.00,21389,5.00
86,2024-05-31,14,20,24,49,83,84,62,45,,28706718.34,0,,0,,4,30924.91,356,354.77,14184,26.76,223811,5.26,0,,1,35477.00,56,2676.00,921,100.00,6318,10.00,14457,5.00
87,2024-06-01,4,13,47,75,80,82,83,22,,29596426.76,0,,0,,10,19627.34,578,409.67,22797,28.01,353663,5.28,0,,2,40967.00,140,2801.00,2264,100.00,15705,10.00,34175,5.00
88,2024-06-04,4,18,28,41,61,75,17,72,,30455610.84,0,,1,551141.37,3,59353.69,432,505.96,19481,29.93,316461,5.35,0,,3,50596.00,69,2993.00,1474,100.00,9587,10.00,21464,5.00
89,2024-06-06,43,44,45,50,67,76,69,9,,31174804.90,0,,0,,6,28933.10,329,650.80,14684,38.78,242133,6.82,0,,4,65080.00,94,3878.00,1477,100.00,10987,10.00,32246,5.00
90,2024-06-07,39,51,52,58,72,84,11,37,,31794563.67,0,,0,,1,123656.93,288,570.04,11224,37.18,182879,6.43,0,,1,57004.00,68,3718.00,935,100.00,6384,10.00,15696,5.00
91,2024-06-08,6,8,14,15,59,79,66,2,,32666353.68,0,,0,,6,31992.44,962,241.65,32670,19.14,445932,5.00,0,,2,24165.00,177,1914.00,2297,100.00,12714,10.00,24466,5.00
92,2024-06-11,14,27,34,47,73,88,52,52,,33507154.13,0,,0,,4,43567.24,437,491.50,17663,32.36,291579,5.69,0,,4,49150.00,81,3236.00,1467,100.00,9991,10.00,22347,5.00
93,2024-06-13,5,22,47,54,63,84,85,82,,34327771.63,0,,0,,8,21504.99,521,407.97,20690,27.29,325598,5.03,0,,4,40797.00,103,2729.00,1291,100.00,8637,10.00,18329,5.00
94,2024-06-14,15,60,82,85,86,87,45,42,,34945745.03,0,,0,,5,24691.78,395,415.12,12931,32.23,180745,6.50,0,,1,41512.00,38,3223.00,750,100.00,5710,10.00,13497,5.00
95,2024-06-15,6,16,22,69,73,78,67,38,,35812307.91,0,,0,,11,17338.41,894,258.65,27239,22.82,392656,5.00,0,,7,25865.00,121,2282.00,1749,100.00,11230,10.00,23069,5.00
96,2024-06-18,20,32,49,50,51,58,44,59,,36640208.17,0,,0,,4,42834.81,344,615.86,15064,37.35,263363,6.19,0,,0,,53,3735.00,1068,100.00,8052,10.00,19624,5.00
97,2024-06-20,19,31,39,60,72,80,5,49,,37440701.63,0,,0,,4,41905.04,363,573.38,16462,33.49,282913,5.64,0,,2,57338.00,69,3349.00,1514,100.00,10752,10.00,24928,5.00
98,2024-06-21,21,23,28,59,79,82,74,81,,38038044.21,0,,0,,4,29784.87,339,470.96,13107,30.79,213904,5.30,0,,1,47096.00,48,3079.00,860,100.00,6033,10.00,13157,5.00
99,2024-06-22,3,25,57,69,71,87,48,62,,38884428.92,0,,0,,7,26642.48,647,350.87,22617,26.92,359528,5.00,0,,0,,78,2692.00,1256,100.00,8687,10.00,18759,5.00
100,2024-06-25,3,18,49,63,68,82,78,51,,39725493.78,0,,0,,3,58382.75,463,465.79,19743,29.08,321720,5.18,0,,2,46579.00,110,2908.00,1604,100.00,10656,10.00,23403,5.00
101,2024-06-27,13,28,63,76,80,85,21,54,,40545589.77,0,,0,,3,57260.88,320,663.43,15195,37.12,266143,6.14,0,,1,66343.00,90,3712.00,1532,100.00,11010,10.00,26362,5.00
102,2024-06-28,21,26,33,34,45,86,28,80,,41173196.42,0,,0,,4,31455.65,261,637.31,11494,36.88,196842,6.08,0,,0,,53,3688.00,913,100.00,6740,10.00,16048,5.00
103,2024-06-29,11,18,25,26,54,84,17,69,,42020844.61,0,,0,,6,30967.28,759,298.18,26666,22.75,384033,5.00,0,,3,29818.00,151,2275.00,2319,100.00,14021,10.00,29518,5.00
104,2024-07-02,4,7,39,71,79,89,1,11,,42855502.64,0,,1,537659.62,3,57901.81,608,290.41,24168,22.02,363421,5.00,1,1447545.25,4,29041.00,186,2202.00,2896,100.00,17005,10.00,33065,5.00
105,2024-07-04,15,25,42,53,56,73,60,61,,43569257.57,0,,0,,4,43071.42,431,406.39,17275,30.56,287932,5.69,0,,2,40639.00,71,3056.00,1119,100.00,7804,10.00,18023,5.00
106,2024-07-05,10,21,23,26,35,50,87,76,,44186560.65,0,,0,,5,24652.08,496,254.29,17864,21.18,268582,5.00,0,,3,25429.00,81,2118.00,966,100.00,6387,10.00,13077,5.00
107,2024-07-06,18,24,26,33,34,47,35,30,,45044097.81,0,,0,,5,37714.71,491,389.90,20256,28.51,331819,5.41,0,,2,38990.00,96,2851.00,1514,100.00,10643,10.00,22854,5.00
108,2024-07-09,8,26,32,34,53,58,25,78,,45871201.68,0,,0,,0,,520,445.18,19043,30.59,294170,5.74,0,,3,44518.00,90,3059.00,1270,100.00,8437,10.00,19771,5.00
109,2024-07-11,10,31,40,59,80,85,13,48,,46674213.17,0,,0,,3,56069.57,388,440.92,17795,28.96,279072,5.74,0,,3,44092.00,105,2896.00,1437,100.00,9716,10.00,24100,5.00
110,2024-07-12,43,54,60,70,75,89,30,20,,47285412.01,0,,0,,2,61198.06,221,566.81,9955,37.75,170731,6.82,0,,2,56681.00,49,3775.00,965,100.00,7347,10.00,20903,5.00
111,2024-07-13,6,9,54,63,64,68,43,84,,48131791.37,0,,0,,1,186009.39,627,301.24,24922,22.86,390817,5.00,0,,5,30124.00,88,2286.00,1484,100.00,9176,10.00,18766,5.00
112,2024-07-16,3,18,26,54,61,72,85,30,,48952690.41,0,,0,,7,24336.22,590,293.59,21931,23.80,326032,5.00,0,,2,29359.00,109,2380.00,1524,100.00,9982,10.00,20271,5.00
113,2024-07-18,13,23,35,36,57,64,47,5,,49748943.99,0,,0,,6,27790.67,482,351.89,17617,29.00,282127,5.62,0,,5,35189.00,125,2900.00,1812,100.00,12781,10.00,29852,5.00
114,2024-07-19,13,20,39,48,74,89,47,50,,50337818.58,0,,0,,3,39075.46,303,396.35,12464,28.89,209710,5.32,0,,3,39635.00,67,2889.00,1094,100.00,7324,10.00,15108,5.00
115,2024-07-20,45,48,50,57,70,71,80,52,,51175939.85,0,,0,,4,46197.14,415,452.18,16582,34.13,278504,6.31,0,,1,45218.00,123,3413.00,1513,100.00,9959,10.00,24285,5.00
116,2024-07-23,24,59,63,64,82,90,62,24,,51994275.96,0,,0,,2,84958.67,431,400.89,17086,30.47,280022,5.77,0,,3,40089.00,116,3047.00,1964,100.00,11928,10.00,23111,5.00
117,2024-07-25,2,21,23,56,69,87,52,42,,52789543.02,0,,0,,3,55523.69,574,295.19,22317,22.87,342407,5.00,0,,3,29519.00,87,2287.00,1281,100.00,8439,10.00,17118,5.00
118,2024-07-26,1,14,21,35,64,85,70,5,,53395795.45,0,,0,,6,20241.15,388,320.40,14041,26.56,225852,5.12,0,,2,32040.00,86,2656.00,1466,100.00,9321,10.00,19843,5.00
119,2024-07-27,13,14,25,34,59,84,71,17,,54228366.37,0,,0,,1,182818.16,432,429.83,18367,30.49,307037,5.67,0,,3,42983.00,126,3049.00,2623,100.00,18380,10.00,42747,5.00
120,2024-07-30,11,13,22,34,54,77,35,72,,55039716.71,0,,0,,12,14043.80,670,255.81,24733,20.88,359430,5.00,0,,2,25581.00,118,2088.00,1578,100.00,9540,10.00,19077,5.00
121,2024-08-01,33,39,78,79,83,84,60,88,,55845099.32,0,,0,,2,84610.36,382,457.03,14363,36.27,246218,6.54,0,,3,45703.00,86,3627.00,1427,100.00,9426,10.00,24888,5.00
122,2024-08-02,34,42,69,76,81,85,36,49,,56463247.22,0,,0,,2,61961.13,244,529.87,10247,37.38,175881,6.71,0,,1,52987.00,61,3738.00,1175,100.00,7755,10.00,18830,5.00
123,2024-08-03,6,37,69,73,79,88,4,7,,57310541.47,0,,0,,5,37200.44,510,375.23,21338,26.81,333694,5.30,0,,2,37523.00,166,2681.00,2393,100.00,16278,10.00,36257,5.00
124,2024-08-06,4,11,85,86,87,88,38,2,,58131565.50,0,,0,,7,24340.69,1872,93.88,22798,23.01,332778,5.00,0,,8,9388.00,96,2301.00,1624,100.00,10584,10.00,21387,5.00
125,2024-08-08,3,16,17,54,61,90,4,21,,58933800.09,0,,0,,12,14015.26,801,216.66,27638,18.73,374387,5.00,0,,3,21666.00,188,1873.00,2649,100.00,14517,10.00,28778,5.00
126,2024-08-09,23,40,60,79,80,87,50,69,,59547775.96,0,,0,,1,123070.27,257,499.75,11536,32.97,187664,6.24,0,,2,49975.00,59,3297.00,1090,100.00,7758,10.00,19829,5.00
127,2024-08-10,13,14,49,55,71,77,62,32,,60367436.06,0,,0,,7,25637.03,664,278.35,23063,23.94,333733,5.12,0,,2,27835.00,78,2394.00,1266,100.00,8330,10.00,18263,5.00
128,2024-08-13,41,43,55,65,80,85,76,74,,61172772.20,0,,0,,3,55858.58,365,473.81,15270,33.79,251661,6.34,0,,0,,51,3379.00,1237,100.00,8110,10.00,20773,5.00
129,2024-08-16,1,6,13,20,73,85,11,73,,61926268.96,0,,1,485452.42,8,19604.81,1082,149.91,32422,14.90,394564,5.00,0,,4,14991.00,158,1490.00,1920,100.00,8894,10.00,15970,5.00
130,2024-08-17,6,22,43,60,66,73,31,31,,62616344.50,0,,0,,5,33314.00,471,365.04,19820,25.88,309318,5.12,0,,2,36504.00,74,2588.00,1255,100.00,8289,10.00,18801,5.00
131,2024-08-19,4,7,15,24,36,78,65,85,,63205585.31,0,,0,,4,29335.20,616,199.20,20810,17.44,276846,5.00,0,,1,19920.00,65,1744.00,999,100.00,5975,10.00,11856,5.00
132,2024-08-20,17,23,45,57,64,89,15,31,,63859772.83,0,,0,,6,23395.61,495,294.42,16843,25.71,250312,5.34,0,,4,29442.00,80,2571.00,965,100.00,6954,10.00,15615,5.00
133,2024-08-22,17,18,24,34,57,82,68,21,,64618583.56,0,,0,,3,54061.95,478,350.52,18843,26.51,305518,5.05,0,,2,35052.00,118,2651.00,1864,100.00,10996,10.00,24240,5.00
134,2024-08-23,5,7,59,70,72,73,33,4,,65213437.23,0,,0,,1,119350.70,405,307.94,15992,23.08,248648,5.00,0,,1,30794.00,82,2308.00,1459,100.00,9133,10.00,17695,5.00
135,2024-08-24,17,28,63,72,75,81,79,51,,66015352.52,0,,0,,6,29288.63,436,415.36,18282,29.58,297018,5.63,0,,1,41536.00,130,2958.00,1427,100.00,9755,10.00,21899,5.00
136,2024-08-27,12,23,36,42,50,71,80,40,,66826837.81,0,,0,,3,56539.00,482,363.03,20616,25.33,320513,5.04,0,,7,36303.00,87,2533.00,1416,100.00,8960,10.00,19464,5.00
137,2024-08-29,5,23,46,52,60,80,79,54,,67620633.67,0,,0,,7,23751.55,485,353.87,19256,26.59,309140,5.12,0,,2,35387.00,80,2659.00,1408,100.00,9462,10.00,21379,5.00
138,2024-08-30,7,34,47,52,74,86,78,7,,68226984.18,0,,0,,7,17359.56,384,330.42,13813,27.19,213320,5.42,0,,2,33042.00,113,2719.00,1870,100.00,11179,10.00,20012,5.00
139,2024-08-31,1,20,27,41,60,77,7,43,,69058356.20,0,,0,,6,30419.72,497,378.03,21494,26.12,358770,5.00,0,,0,,74,2612.00,1407,100.00,8563,10.00,17728,5.00
140,2024-09-03,6,38,55,71,80,85,23,24,,69897388.61,0,,0,,5,35050.45,787,226.91,22486,23.90,306965,5.43,0,,1,22691.00,101,2390.00,1538,100.00,10827,10.00,24446,5.00
141,2024-09-05,4,5,29,32,69,89,15,46,,70714498.72,0,,0,,13,13157.42,738,236.28,24809,21.14,368375,5.00,0,,0,,96,2114.00,1593,100.00,9569,10.00,19646,5.00
142,2024-09-06,2,26,37,38,69,85,66,10,,71342991.33,0,,0,,2,63073.23,294,440.39,12477,31.07,213479,5.62,0,,2,44039.00,93,3107.00,1479,100.00,9872,10.00,22767,5.00
143,2024-09-07,1,16,64,70,72,82,34,86,,72209403.69,0,,0,,2,95142.27,427,453.43,18566,31.41,325169,5.57,0,,0,,85,3141.00,1221,100.00,8220,10.00,19269,5.00
144,2024-09-10,9,11,27,53,63,78,8,88,,73056991.63,0,,0,,8,22019.61,746,240.59,28130,19.20,396810,5.00,0,,3,24059.00,132,1920.00,1707,100.00,10808,10.00,21245,5.00
145,2024-09-12,29,35,65,67,70,80,10,79,,73886127.38,0,,0,,1,173813.93,391,453.05,16830,31.67,264297,6.26,0,,1,45305.00,63,3167.00,1229,100.00,8898,10.00,22623,5.00
146,2024-09-13,2,12,16,18,59,61,56,4,,74525998.60,0,,0,,4,32119.87,720,183.06,20769,19.01,277320,5.00,0,,6,18306.00,121,1901.00,1687,100.00,9188,10.00,17714,5.00
147,2024-09-14,1,31,55,65,76,88,52,34,,75414404.68,0,,0,,0,,394,669.17,19969,33.22,328929,5.85,0,,2,66917.00,83,3322.00,1395,100.00,10123,10.00,22776,5.00
148,2024-09-17,17,28,62,64,74,84,88,90,,76270169.85,0,,0,,2,88694.75,433,417.36,17382,31.29,290412,5.81,0,,3,41736.00,178,3129.00,2677,100.00,20299,10.00,48015,5.00
149,2024-09-19,3,13,44,45,56,61,33,34,,77102148.21,0,,0,,0,,439,537.01,18661,31.76,313426,5.48,0,,1,53701.00,68,3176.00,1274,100.00,8606,10.00,19105,5.00
150,2024-09-20,14,22,42,44,47,79,85,29,,77739147.43,0,,0,,3,42570.41,379,345.75,13972,28.09,214025,5.68,0,,1,34575.00,67,2809.00,1135,100.00,7780,10.00,17821,5.00
151,2024-09-21,8,33,35,39,78,83,52,72,,78624021.92,0,,0,,8,24313.39,665,297.50,21843,27.29,336095,5.51,0,,4,29750.00,78,2729.00,1556,100.00,10219,10.00,23758,5.00
152,2024-09-24,2,25,27,50,88,90,19,86,,79477486.22,0,,0,,5,35388.87,829,217.46,27532,19.70,378604,5.00,0,,1,21746.00,81,1970.00,1385,100.00,7856,10.00,16574,5.00
153,2024-09-26,2,13,14,41,52,79,84,12,,80304201.61,0,,0,,2,86556.02,493,357.89,20211,26.26,319872,5.15,0,,1,35789.00,111,2626.00,1933,100.00,13205,10.00,28619,5.00
154,2024-09-27,4,14,42,46,53,60,31,85,,80939161.24,0,,0,,0,,310,558.69,12365,35.10,212964,5.89,0,,1,55869.00,35,3510.00,831,100.00,5748,10.00,13551,5.00
155,2024-09-28,4,8,28,33,34,57,27,88,,81827143.66,0,,0,,7,27900.57,767,258.97,28551,20.96,421028,5.00,0,,1,25897.00,151,2096.00,2112,100.00,11737,10.00,22550,5.00
156,2024-10-01,57,60,68,70,80,83,25,64,,82698927.04,0,,0,,4,45311.78,365,503.69,16411,33.81,258034,6.68,0,,0,,90,3381.00,1314,100.00,8404,10.00,21280,5.00
157,2024-10-03,26,27,40,51,67,86,4,82,,83533699.25,0,,0,,1,174413.84,386,458.58,15868,33.66,275675,6.02,0,,3,45858.00,57,3366.00,1179,100.00,8177,10.00,19539,5.00
158,2024-10-04,5,43,57,58,72,87,3,72,,84182343.43,0,,0,,5,26101.49,275,484.02,12925,30.97,218527,5.68,0,,2,48402.00,67,3097.00,1257,100.00,7634,10.00,14588,5.00
159,2024-10-05,13,41,47,58,81,84,4,81,,85090034.06,0,,0,,6,33266.11,493,410.13,19149,31.90,315384,6.02,0,,4,41013.00,100,3190.00,1591,100.00,10443,10.00,21163,5.00
160,2024-10-08,6,21,25,59,63,68,8,70,,85946209.92,0,,0,,2,88419.18,663,270.64,23555,22.99,346615,5.00,0,,3,27064.00,98,2299.00,1568,100.00,9591,10.00,21131,5.00
161,2024-10-10,6,48,64,80,87,89,43,82,,86791092.63,0,,0,,6,29585.52,431,417.89,17343,31.34,297673,5.67,0,,5,41789.00,92,3134.00,1224,100.00,8506,10.00,18695,5.00
162,2024-10-11,31,34,49,66,75,88,1,16,,87439891.97,0,,0,,4,32520.45,286,463.92,11791,33.84,195066,6.35,0,,0,,64,3384.00,1119,100.00,7826,10.00,20917,5.00
163,2024-10-12,11,13,16,22,42,51,37,47,,88350909.00,0,,0,,5,40092.63,780,260.33,30114,20.37,430818,5.00,0,,8,26033.00,144,2037.00,2222,100.00,13395,10.00,27318,5.00
164,2024-10-15,1,23,44,45,47,60,14,19,,89221270.22,1,89221270.22,0,,6,30022.16,485,376.76,20133,27.39,327858,5.23,0,,4,37676.00,150,2739.00,2357,100.00,16413,10.00,34623,5.00
165,2024-10-17,2,23,24,42,46,88,61,27,,18397327.00,0,,0,,3,55844.85,497,342.32,20820,24.64,325276,5.00,0,,1,34232.00,144,2464.00,2147,100.00,14420,10.00,30792,5.00
166,2024-10-18,19,39,41,42,45,88,40,27,,19015369.74,0,,0,,2,62074.42,290,437.06,12879,29.57,202714,5.83,0,,2,43706.00,87,2957.00,1319,100.00,9151,10.00,21752,5.00
167,2024-10-19,14,67,73,86,89,90,8,77,,19881763.08,0,,0,,3,63526.15,481,401.61,20666,28.23,321963,5.63,0,,2,40161.00,129,2823.00,1803,100.00,12278,10.00,27969,5.00
168,2024-10-22,13,23,37,43,64,79,84,20,,20714435.68,0,,0,,9,19168.08,528,331.65,19609,26.94,295918,5.55,1,479202.00,1,33165.00,81,2694.00,1508,100.00,11135,10.00,26515,5.00
169,2024-10-24,7,21,23,28,29,31,20,66,,21520145.19,0,,0,,13,12977.22,1187,144.31,34044,15.17,398874,5.00,0,,4,14431.00,120,1517.00,1690,100.00,9907,10.00,20323,5.00
170,2024-10-25,5,11,39,41,62,80,78,33,,22145514.87,0,,0,,2,62871.34,367,349.70,14673,26.29,242557,5.00,0,,2,34970.00,65,2629.00,1319,100.00,8556,10.00,18748,5.00
171,2024-10-26,14,31,40,42,52,65,15,69,,23020275.13,0,,0,,4,48089.98,448,435.17,17168,34.29,284944,6.42,0,,4,43517.00,127,3429.00,1631,100.00,11998,10.00,30612,5.00
172,2024-10-29,6,17,26,35,57,64,14,23,,23854097.40,0,,0,,6,28754.01,558,313.84,33753,15.65,334582,5.00,0,,1,31384.00,257,1565.00,2506,100.00,16219,10.00,34709,5.00
173,2024-10-31,18,40,55,58,71,85,46,46,,24679325.74,0,,0,,1,173413.60,480,366.69,18331,28.97,283545,5.82,0,,0,,85,2897.00,1322,100.00,8849,10.00,20937,5.00
174,2024-11-02,3,19,27,43,61,77,80,41,,25622552.80,0,,0,,8,25220.39,739,276.33,29451,20.96,437584,5.00,0,,3,27633.00,112,2096.00,1667,100.00,10450,10.00,20913,5.00
175,2024-11-04,27,32,33,44,60,89,52,5,,26236921.17,0,,0,,2,59073.65,267,451.67,10307,35.17,175718,6.40,0,,1,45167.00,63,3517.00,1033,100.00,8368,10.00,21778,5.00
176,2024-11-05,32,43,53,75,77,88,81,79,,26923970.92,0,,0,,1,148185.40,344,437.89,12937,35.09,215098,6.56,0,,2,43789.00,56,3509.00,1101,100.00,7459,10.00,18416,5.00
177,2024-11-07,1,50,68,75,81,84,8,25,,27722687.45,0,,0,,5,34130.20,341,507.62,15828,33.01,276477,5.87,0,,0,,77,3301.00,1706,100.00,11257,10.00,27007,5.00
178,2024-11-08,13,22,49,58,64,75,20,16,,28346679.86,0,,0,,1,125119.29,339,376.31,12622,30.40,208525,5.71,0,,1,37631.00,53,3040.00,1082,100.00,8114,10.00,18121,5.00
179,2024-11-09,26,36,43,51,63,89,21,57,,29234450.92,0,,0,,2,97796.79,441,449.07,17199,34.80,285714,6.51,0,,3,44907.00,78,3480.00,1393,100.00,9939,10.00,24290,5.00
180,2024-11-12,13,28,29,32,39,81,82,36,,30079252.98,0,,0,,6,29115.19,415,426.84,17808,30.03,295352,5.63,0,,2,42684.00,83,3003.00,1358,100.00,9702,10.00,22172,5.00
181,2024-11-14,36,46,69,70,73,82,26,84,,30896049.98,0,,0,,5,34210.93,392,442.61,15670,33.42,252051,6.46,0,,0,,59,3342.00,971,100.00,7240,10.00,18900,5.00
182,2024-11-15,2,4,5,42,53,83,23,43,,31521216.94,0,,0,,1,125342.48,456,280.24,22214,17.30,285796,5.00,0,,1,28024.00,88,1730.00,959,100.00,6293,10.00,12162,5.00
183,2024-11-16,52,56,66,68,70,73,90,12,,32407159.58,0,,0,,11,17738.09,595,332.04,18684,31.95,303173,6.12,0,,2,33204.00,103,3195.00,1745,100.00,12021,10.00,31280,5.00
184,2024-11-19,20,34,36,68,72,74,44,49,,33246198.37,0,,0,,4,43342.73,349,503.78,16905,31.40,275719,5.98,0,,4,50378.00,99,3140.00,1570,100.00,10977,10.00,26801,5.00
185,2024-11-21,4,7,20,24,41,67,85,35,,34054013.39,0,,0,,5,33816.77,1236,138.78,36977,14.00,421933,5.00,0,,5,13878.00,159,1400.00,1794,100.00,9634,10.00,19397,5.00
186,2024-11-22,6,26,51,53,78,89,79,70,,34675662.28,0,,0,,5,24957.56,358,355.41,13311,28.75,216110,5.49,0,,4,35541.00,61,2875.00,871,100.00,6162,10.00,13873,5.00
187,2024-11-23,15,22,29,32,35,67,87,23,,35552752.10,0,,0,,4,48266.23,503,388.69,20119,29.36,340381,5.40,0,,2,38869.00,122,2936.00,2499,100.00,16278,10.00,38192,5.00
188,2024-11-26,13,23,26,31,46,89,43,24,,36379676.18,0,,0,,4,42688.40,541,320.15,20252,25.81,315640,5.15,0,,1,32015.00,96,2581.00,1702,100.00,11304,10.00,24181,5.00
189,2024-11-28,3,8,37,54,74,84,26,26,,37183735.03,0,,0,,4,42142.07,508,336.65,21550,23.95,340885,5.00,0,,8,33665.00,93,2395.00,1804,100.00,11108,10.00,22492,5.00
190,2024-11-29,21,33,44,55,75,80,53,64,,37802937.51,0,,1,384658.56,5,24854.86,384,330.01,13932,27.36,201260,5.88,1,621371.50,7,33001.00,56,2736.00,820,100.00,5340,10.00,13658,5.00
191,2024-11-30,27,48,50,69,74,81,13,36,,38604351.58,0,,1,598757.64,1,193444.78,614,319.04,21418,27.64,322135,5.71,0,,7,31904.00,131,2764.00,1431,100.00,9493,10.00,22200,5.00
192,2024-12-03,4,17,37,56,73,90,46,11,,39340631.54,0,,0,,13,13670.99,853,212.19,26237,20.76,372447,5.00,0,,8,21219.00,217,2076.00,3048,100.00,18507,10.00,37224,5.00
193,2024-12-05,4,42,45,72,82,84,25,10,,40175914.78,0,,0,,4,43765.96,491,363.22,17509,30.65,288494,5.77,0,,2,36322.00,106,3065.00,1932,100.00,13938,10.00,32434,5.00
194,2024-12-06,21,48,60,61,67,71,86,22,,40820597.00,0,,0,,4,32363.50,258,514.46,10930,36.39,190216,6.48,0,,5,51446.00,76,3639.00,1152,100.00,9572,10.00,23556,5.00
195,2024-12-07,21,30,55,60,70,75,13,25,,41720643.09,0,,0,,6,32984.80,538,373.95,21534,28.16,319836,5.89,0,,5,37395.00,124,2816.00,1712,100.00,12385,10.00,30323,5.00
196,2024-12-10,5,54,68,69,71,81,30,56,,42577872.33,0,,0,,9,19704.98,456,396.10,19673,27.63,319597,5.28,0,,3,39610.00,117,2763.00,1647,100.00,11434,10.00,23791,5.00
197,2024-12-12,20,61,76,78,85,87,44,72,,43413277.52,0,,0,,1,175149.73,345,517.18,14572,36.85,254953,6.54,0,,2,51718.00,55,3685.00,1181,100.00,9140,10.00,23233,5.00
198,2024-12-13,16,42,54,55,65,83,27,90,,44059640.93,0,,0,,0,,250,705.63,11834,37.37,200413,6.38,0,,2,70563.00,74,3737.00,1454,100.00,11603,10.00,31265,5.00
199,2024-12-14,34,50,52,59,70,83,13,74,,44966301.92,0,,0,,4,49861.70,408,496.87,17537,34.84,289085,6.57,0,,0,,76,3484.00,1264,100.00,8954,10.00,23644,5.00
200,2024-12-17,3,25,49,58,64,66,46,77,,45871422.01,0,,1,583993.64,7,26953.56,623,308.11,23295,24.82,349662,5.13,0,,3,30811.00,105,2482.00,2101,100.00,13011,10.00,28333,5.00
201,2024-12-19,2,4,8,20,22,76,72,60,,46637211.15,0,,3,190713.77,68,2718.32,3059,61.49,56939,9.95,512166,5.00,0,,11,6149.00,212,995.00,2165,100.00,10470,10.00,20797,5.00
202,2024-12-20,17,35,43,56,63,85,23,74,,47215438.38,0,,0,,10,13957.21,455,313.95,14431,29.70,226242,5.87,0,,3,31395.00,66,2970.00,992,100.00,6759,10.00,16402,5.00
203,2024-12-21,23,25,53,55,71,79,63,6,,48176391.02,0,,0,,5,42219.70,716,299.40,25627,25.23,395983,5.07,0,,2,29940.00,146,2523.00,2124,100.00,14155,10.00,32578,5.00
204,2024-12-24,6,18,27,30,52,56,83,80,,49146666.90,0,,1,627284.27,10,20266.11,770,267.45,28821,21.54,416465,5.00,0,,2,26745.00,125,2154.00,1886,100.00,11284,10.00,24177,5.00
205,2024-12-27,9,13,15,43,53,68,58,69,,49834980.48,0,,1,514257.28,4,41536.17,544,311.44,22549,22.60,343458,5.00,0,,3,31144.00,118,2260.00,1937,100.00,12436,10.00,25266,5.00
206,2024-12-28,28,29,46,68,81,88,79,40,,50663911.68,0,,0,,2,100043.42,478,425.45,19556,31.34,323608,5.88,0,,4,42545.00,109,3134.00,1496,100.00,10249,10.00,24401,5.00
207,2024-12-30,3,8,18,25,58,75,12,54,,51410442.87,0,,0,,10,15029.92,937,163.90,29178,15.81,356931,5.00,0,,5,16390.00,122,1581.00,1532,100.00,9237,10.00,19243,5.00
208,2024-12-31,5,16,23,40,47,80,17,13,,52224390.48,0,,0,,12,14500.97,681,260.33,24230,22.02,360451,5.00,0,,3,26033.00,181,2202.00,2905,100.00,17856,10.00,34702,5.00
1,2025-01-02,19,21,29,74,77,88,7,56,,53012387.06,0,,1,508251.51,6,27367.39,548,308.20,22413,22.53,337974,5.00,0,,4,30820.00,81,2253.00,1714,100.00,9821,10.00,19996,5.00
2,2025-01-03,13,30,43,49,74,89,4,32,,53567864.80,0,,0,,3,44693.61,280,495.62,12670,32.62,212153,6.01,0,,2,49562.00,56,3262.00,797,100.00,6220,10.00,14702,5.00
3,2025-01-04,31,42,43,63,83,86,37,86,,54476430.58,0,,0,,2,99636.96,423,482.19,16362,37.40,279685,6.78,0,,1,48219.00,77,3740.00,1299,100.00,9261,10.00,20436,5.00
4,2025-01-07,7,10,11,29,32,87,34,51,,55305361.32,0,,0,,10,17031.02,1184,147.80,36624,14.30,441256,5.00,0,,4,14780.00,138,1430.00,1915,100.00,10712,10.00,20440,5.00
5,2025-01-09,15,33,40,71,74,82,89,15,,56145657.38,0,,0,,1,177381.44,397,458.62,15940,34.20,270063,6.25,0,,5,45862.00,149,3420.00,1961,100.00,14965,10.00,28929,5.00
6,2025-01-10,19,25,33,49,57,72,46,38,,56803496.04,0,,0,,4,33070.85,408,335.72,16026,25.44,250667,5.02,0,,5,33572.00,62,2544.00,1175,100.00,7514,10.00,16261,5.00
7,2025-01-11,5,6,11,22,35,85,30,53,,57717015.26,0,,0,,12,16728.18,1552,132.36,51808,11.89,532555,5.00,0,,10,13236.00,263,1189.00,2629,100.00,14113,10.00,27598,5.00
8,2025-01-14,4,15,17,40,64,75,23,80,,58587672.00,0,,0,,10,18016.32,570,324.31,21780,25.42,352602,5.00,0,,3,32431.00,100,2542.00,1497,100.00,9231,10.00,19565,5.00
9,2025-01-16,31,38,59,69,72,88,64,73,,59431309.40,0,,0,,3,58905.23,402,451.26,15984,33.98,268290,6.27,0,,0,,68,3398.00,1186,100.00,8382,10.00,20966,5.00
10,2025-01-17,8,12,15,40,66,89,7,15,,60088972.90,0,,1,409625.58,4,33085.15,592,231.47,20323,20.07,295112,5.00,0,,5,23147.00,211,2007.00,1998,100.00,9928,10.00,16502,5.00
11,2025-01-18,2,10,21,29,46,70,31,59,,60921920.37,0,,0,,16,12566.02,1018,202.11,33046,18.68,447463,5.00,0,,3,20211.00,129,1868.00,1841,100.00,10791,10.00,22154,5.00
12,2025-01-21,3,18,41,58,62,73,64,20,,61791394.19,0,,1,556616.97,1,179830.10,462,399.40,19477,28.37,322172,5.31,0,,0,,108,2837.00,1844,100.00,12447,10.00,28024,5.00
13,2025-01-23,1,7,34,46,69,80,64,42,,62517069.40,0,,0,,7,25023.29,520,345.87,21677,24.84,354769,5.00,0,,1,34587.00,97,2484.00,1395,100.00,8831,10.00,18738,5.00
14,2025-01-24,14,20,46,62,84,85,1,78,,63168074.40,0,,0,,2,65482.68,229,592.39,11502,35.10,209100,5.96,0,,3,59239.00,55,3510.00,989,100.00,6369,10.00,14805,5.00
15,2025-01-25,5,6,24,44,45,76,58,64,,64078921.58,0,,0,,6,33381.69,693,295.79,27360,22.48,434178,5.00,0,,1,29579.00,111,2248.00,1800,100.00,10388,10.00,21230,5.00
16,2025-01-28,48,63,65,72,77,82,85,47,,64937508.78,0,,0,,4,44329.20,422,431.30,16609,32.81,270679,6.23,0,,0,,113,3281.00,1562,100.00,10908,10.00,26215,5.00
17,2025-01-30,23,32,34,35,41,47,65,2,,65770168.74,0,,0,,2,87245.64,445,402.66,16546,32.42,269047,6.17,0,,3,40266.00,98,3242.00,1353,100.00,9724,10.00,24453,5.00
18,2025-01-31,7,18,22,25,30,72,76,51,,66417255.51,0,,0,,6,21686.66,776,173.72,24340,16.48,307517,5.00,0,,1,17372.00,92,1648.00,1387,100.00,7644,10.00,14926,5.00
19,2025-02-01,21,25,26,45,49,59,68,82,,67340247.76,0,,0,,4,50837.01,510,410.53,20608,30.36,347219,5.57,0,,1,41053.00,83,3036.00,1388,100.00,9406,10.00,21684,5.00
20,2025-02-04,10,29,41,77,83,85,56,80,,68218973.20,0,,0,,2,90860.40,471,398.60,19214,29.13,323132,5.35,0,,1,39860.00,64,2913.00,1373,100.00,9088,10.00,20663,5.00
21,2025-02-06,4,11,41,72,83,86,30,30,,69066368.91,0,,0,,8,22173.77,586,312.99,22736,24.04,351757,5.00,0,,1,31299.00,96,2404.00,1734,100.00,10816,10.00,22727,5.00
22,2025-02-07,16,29,30,47,52,84,10,17,,69726501.69,0,,0,,1,132835.83,313,443.63,13217,31.08,218906,5.77,0,,5,44363.00,134,3108.00,1899,100.00,14986,10.00,35121,5.00
23,2025-02-08,29,46,57,66,72,86,64,40,,70643432.17,0,,0,,7,28782.72,465,446.23,18494,33.52,304466,6.30,0,,1,44623.00,79,3352.00,1443,100.00,9512,10.00,24515,5.00
24,2025-02-11,9,39,55,75,79,86,2,56,,71515251.60,0,,0,,10,18033.32,745,250.14,23828,23.31,330288,5.19,0,,4,25014.00,104,2331.00,1571,100.00,10185,10.00,23240,5.00
25,2025-02-13,31,41,62,64,74,87,84,68,,72358170.91,0,,1,546362.00,5,35303.39,329,554.83,13692,39.72,236610,7.10,0,,5,55483.00,70,3972.00,1274,100.00,9348,10.00,23778,5.00
26,2025-02-14,18,30,40,52,60,71,65,70,,72904308.92,0,,0,,2,65913.21,333,413.96,14899,27.36,211871,5.92,0,,0,,119,2736.00,1019,100.00,6521,10.00,15712,5.00
27,2025-02-15,22,37,48,72,77,85,39,72,,73816216.05,0,,0,,6,33402.89,611,337.87,22581,27.31,346344,5.51,0,,2,33787.00,142,2731.00,2093,100.00,12314,10.00,24846,5.00
28,2025-02-18,3,5,7,54,76,85,89,64,,74679708.81,0,,0,,6,29746.98,832,221.76,32342,17.00,427379,5.00,0,,1,22176.00,110,1700.00,1625,100.00,9542,10.00,18541,5.00
29,2025-02-20,6,19,27,63,71,77,13,70,,75515832.30,0,,1,542140.87,9,19461.47,776,233.47,28692,18.81,404098,5.00,0,,5,23347.00,122,1881.00,1636,100.00,9505,10.00,19025,5.00
30,2025-02-21,21,45,48,72,79,87,73,89,,76064522.47,0,,0,,5,26488.50,328,422.14,12956,31.61,209207,6.02,0,,0,,36,3161.00,922,100.00,6608,10.00,15995,5.00
31,2025-02-22,35,40,48,49,52,89,24,32,,76981403.31,0,,0,,5,40305.17,426,487.20,17358,35.72,298249,6.43,0,,1,48720.00,72,3572.00,1130,100.00,8264,10.00,21072,5.00
32,2025-02-25,6,58,68,83,89,90,73,50,,77840061.71,0,,0,,3,59049.78,519,352.93,21293,25.63,339008,5.00,0,,4,35293.00,80,2563.00,1494,100.00,10234,10.00,22073,5.00
33,2025-02-27,29,31,33,42,51,72,34,62,,78672152.28,0,,0,,10,17437.89,421,428.50,16920,31.76,278982,5.95,0,,0,,59,3176.00,1214,100.00,7949,10.00,18860,5.00
34,2025-02-28,4,12,37,59,63,90,70,15,,79325337.51,0,,0,,4,32902.20,555,247.98,18508,21.99,275667,5.00,0,,3,24798.00,101,2199.00,1426,100.00,8894,10.00,17669,5.00
35,2025-03-01,1,12,33,40,41,83,6,67,,80243065.83,0,,1,624789.13,10,20185.50,613,334.36,23801,25.97,379251,5.06,0,,2,33436.00,118,2597.00,1947,100.00,13140,10.00,28410,5.00
36,2025-03-04,9,28,52,63,77,79,11,39,,80991568.00,0,,0,,6,30112.16,475,386.90,20955,26.42,337008,5.10,0,,0,,113,2642.00,1652,100.00,10823,10.00,23662,5.00
37,2025-03-06,1,10,18,19,32,36,20,53,,81840092.44,0,,1,550392.57,9,19757.69,1179,153.45,35668,15.28,445072,5.00,0,,6,15345.00,156,1528.00,2006,100.00,11351,10.00,21768,5.00
38,2025-03-07,11,24,25,30,43,47,28,5,,82396585.68,0,,0,,6,22387.66,502,273.77,18564,22.21,279536,5.00,0,,2,27377.00,129,2221.00,2023,100.00,11675,10.00,22329,5.00
39,2025-03-08,11,16,35,59,65,87,9,52,,83323945.18,0,,0,,10,20377.37,691,299.39,21761,28.68,347901,5.57,0,,3,29939.00,96,2868.00,1742,100.00,12086,10.00,28429,5.00
40,2025-03-11,22,27,48,55,58,90,63,11,,84198471.55,0,,0,,2,90321.82,709,259.17,24233,22.84,359006,5.00,0,,6,25917.00,232,2284.00,3001,100.00,17888,10.00,38758,5.00
41,2025-03-13,7,25,33,51,58,70,79,31,,85045948.36,0,,1,549623.41,4,44392.66,623,290.01,21142,25.74,329431,5.13,0,,3,29001.00,96,2574.00,1445,100.00,10147,10.00,21564,5.00
42,2025-03-14,3,10,20,36,37,49,21,14,,85597642.96,0,,0,,1,133167.66,515,264.61,22370,18.28,312773,5.00,0,,2,26461.00,118,1828.00,1971,100.00,10803,10.00,20910,5.00
43,2025-03-15,2,8,50,77,79,82,85,36,,86523252.48,0,,0,,7,29074.91,799,258.61,29412,21.19,417598,5.00,0,,2,25861.00,100,2119.00,1670,100.00,11277,10.00,22838,5.00
44,2025-03-18,1,64,73,79,80,86,39,68,,87393033.73,0,,0,,2,89767.76,351,520.35,15538,35.41,285384,5.99,0,,2,52035.00,72,3541.00,1203,100.00,9145,10.00,21193,5.00
45,2025-03-20,36,40,49,54,66,83,14,44,,88232801.88,1,88232801.88,0,,4,43968.88,468,382.44,16021,33.65,256543,6.52,0,,4,38244.00,117,3365.00,1338,100.00,10346,10.00,25180,5.00
46,2025-03-21,7,15,48,49,65,80,67,39,,8668892.12,0,,0,,3,41777.82,331,388.04,14090,27.32,230932,5.16,0,,0,,56,2732.00,1082,100.00,6756,10.00,14215,5.00
47,2025-03-22,15,28,45,46,66,76,44,43,,9533992.19,0,,0,,2,95044.64,498,387.94,18125,32.13,295864,6.11,0,,3,38794.00,81,3213.00,1194,100.00,8499,10.00,20152,5.00
48,2025-03-25,27,29,31,60,74,88,71,23,,10352883.19,0,,0,,5,33851.84,399,431.99,15929,32.57,273669,5.89,0,,1,43199.00,99,3257.00,2008,100.00,13931,10.00,33944,5.00
49,2025-03-27,28,35,43,45,64,85,13,35,,11148617.08,0,,0,,9,18531.35,402,422.61,14732,34.71,242696,6.54,0,,1,42261.00,100,3471.00,1409,100.00,8806,10.00,18837,5.00
50,2025-03-28,17,26,46,56,71,90,6,22,,11777392.17,0,,0,,3,42283.95,476,273.02,17730,21.97,246153,5.00,0,,2,27302.00,125,2197.00,1708,100.00,9852,10.00,21011,5.00
51,2025-03-29,9,45,66,68,71,85,31,44,,12659105.24,0,,0,,8,24234.06,486,405.31,20709,28.68,338635,5.45,0,,2,40531.00,78,2868.00,1577,100.00,10753,10.00,24129,5.00
52,2025-04-01,4,19,32,47,74,81,10,90,,13500441.67,0,,0,,4,43527.94,741,239.55,24615,21.69,354763,5.00,0,,3,23955.00,171,2169.00,2768,100.00,17762,10.00,36760,5.00
53,2025-04-03,29,30,31,32,35,57,26,6,,14319617.70,0,,0,,5,34343.09,558,313.82,15496,33.99,254402,6.42,0,,3,31382.00,85,3399.00,1350,100.00,10000,10.00,25149,5.00
54,2025-04-04,42,51,71,77,80,82,72,5,,14958981.53,0,,0,,4,32167.65,306,431.59,11989,32.99,192599,6.36,0,,1,43159.00,67,3299.00,1170,100.00,8162,10.00,23780,5.00
55,2025-04-05,5,8,22,41,60,73,18,54,,15843456.11,0,,1,601303.33,8,24283.41,725,272.64,28674,20.76,421075,5.00,0,,0,,116,2076.00,1982,100.00,12087,10.00,24161,5.00
56,2025-04-08,11,20,34,46,48,90,68,81,,16558472.71,0,,0,,4,43147.56,626,281.12,23380,22.64,359442,5.00,0,,3,28112.00,79,2264.00,1566,100.00,9649,10.00,19714,5.00
57,2025-04-10,11,24,32,40,44,85,27,36,,17368028.37,0,,0,,11,15420.06,425,407.10,18100,28.74,293630,5.50,0,,1,40710.00,69,2874.00,1260,100.00,8915,10.00,19311,5.00
58,2025-04-11,9,20,43,49,52,57,61,8,,18000643.03,0,,0,,2,63677.24,335,390.30,14787,26.47,245208,5.00,0,,2,39030.00,100,2647.00,1841,100.00,12162,10.00,25847,5.00
59,2025-04-12,16,38,60,79,83,85,27,36,,18880591.99,0,,0,,3,64457.17,385,511.08,17049,34.76,285229,6.45,0,,0,,66,3476.00,1193,100.00,9148,10.00,22485,5.00
60,2025-04-15,40,57,60,66,80,81,36,9,,19707534.03,0,,0,,4,42678.03,395,440.78,15894,32.94,246609,6.59,0,,1,44078.00,93,3294.00,1583,100.00,11463,10.00,32117,5.00
61,2025-04-17,8,20,40,44,46,49,63,48,,20511920.08,0,,1,522022.57,7,24093.35,606,283.91,20579,25.14,318302,5.04,0,,5,28391.00,103,2514.00,1654,100.00,10695,10.00,23285,5.00
62,2025-04-18,4,11,18,23,83,88,89,70,,21057728.60,0,,0,,5,26349.38,1030,131.20,28177,14.37,343210,5.00,0,,5,13120.00,105,1437.00,1376,100.00,7242,10.00,14494,5.00
63,2025-04-19,8,32,51,54,62,69,18,30,,21941100.85,0,,0,,6,32256.92,487,404.39,18499,32.06,317630,5.80,0,,0,,69,3206.00,1437,100.00,10673,10.00,24318,5.00
64,2025-04-22,10,59,61,62,68,74,43,31,,22708828.24,0,,0,,1,156393.52,265,602.98,13658,35.14,233999,6.36,0,,1,60298.00,68,3514.00,1092,100.00,7792,10.00,18221,5.00
65,2025-04-24,13,14,20,31,55,60,89,25,,23513722.08,0,,0,,5,34183.12,503,346.54,20705,25.32,334741,5.00,0,,2,34654.00,117,2532.00,2020,100.00,12917,10.00,28394,5.00
66,2025-04-26,10,21,24,48,63,67,34,45,,24432163.41,0,,1,607142.17,6,32692.27,661,301.89,25250,23.80,401930,5.00,0,,1,30189.00,111,2380.00,1824,100.00,11991,10.00,23171,5.00
67,2025-04-28,13,18,30,44,51,81,38,52,,24910151.19,0,,0,,5,23075.28,317,374.67,12575,28.23,198175,5.54,0,,1,37467.00,59,2823.00,843,100.00,6444,10.00,14455,5.00
68,2025-04-29,20,31,39,59,60,82,57,10,,25570009.17,0,,0,,1,142035.92,307,473.72,12072,36.13,212048,6.37,0,,0,,71,3613.00,1375,100.00,10537,10.00,26526,5.00
69,2025-05-02,54,55,67,76,80,85,82,52,,26355729.90,0,,0,,6,28072.17,397,500.31,15640,34.75,255290,6.28,1,701804.25,4,50031.00,56,3475.00,1232,100.00,8741,10.00,22381,5.00
70,2025-05-03,1,4,22,44,70,72,18,53,,27235652.66,0,,0,,15,12481.80,891,244.01,30520,19.68,422928,5.00,1,312045.00,5,24401.00,133,1968.00,2086,100.00,11755,10.00,23304,5.00
71,2025-05-05,6,18,37,63,72,73,36,28,,27814895.34,0,,0,,1,111840.75,381,372.78,13531,27.42,208878,5.09,0,,0,,70,2742.00,1071,100.00,7227,10.00,16022,5.00
72,2025-05-06,2,35,51,58,63,88,8,51,,28476014.93,0,,0,,3,47622.92,371,466.46,14116,32.98,236366,5.75,0,,2,46646.00,80,3298.00,1298,100.00,8470,10.00,17222,5.00
73,2025-05-08,1,23,27,54,67,83,65,30,,29246684.76,0,,0,,7,23525.08,520,374.74,20944,25.40,327387,5.00,0,,3,37474.00,118,2540.00,1499,100.00,9783,10.00,19976,5.00
74,2025-05-09,3,47,51,77,85,88,52,39,,29869151.70,0,,0,,7,17949.14,416,374.60,15107,27.34,239130,5.00,0,,1,37460.00,62,2734.00,1020,100.00,6453,10.00,14472,5.00
75,2025-05-10,8,14,17,39,49,55,2,80,,30732211.07,0,,0,,7,27078.62,819,268.30,34100,17.82,418804,5.00,0,,0,,111,1782.00,1799,100.00,10134,10.00,20447,5.00
76,2025-05-13,2,15,25,62,76,81,89,5,,31548206.03,0,,0,,3,56213.57,498,399.26,18574,29.29,306292,5.24,0,,1,39926.00,114,2929.00,2103,100.00,13261,10.00,28582,5.00
77,2025-05-15,10,28,35,37,73,75,42,27,,32336456.48,0,,0,,2,82534.08,493,396.06,18088,29.48,287397,5.47,0,,3,39606.00,100,2948.00,1705,100.00,11618,10.00,25832,5.00
78,2025-05-16,15,21,30,31,42,80,69,42,,32958887.61,0,,0,,3,41858.88,272,572.67,13122,31.46,213842,5.59,1,1046472.00,8,57267.00,81,3146.00,980,100.00,6277,10.00,12479,5.00
79,2025-05-17,10,11,19,22,39,88,29,73,,33817408.80,0,,0,,14,13461.79,1559,140.25,45217,13.37,516052,5.00,0,,11,14025.00,144,1337.00,1981,100.00,10207,10.00,18639,5.00
80,2025-05-20,5,19,21,30,33,48,74,39,,34627099.07,0,,0,,10,16728.11,878,224.91,30721,17.57,404329,5.00,0,,4,22491.00,157,1757.00,1763,100.00,9788,10.00,18329,5.00
81,2025-05-22,2,19,23,46,49,72,71,88,,35415534.71,1,35415534.71,1,511692.48,17,9724.48,840,232.74,27343,19.53,368575,5.00,0,,1,23274.00,106,1953.00,1896,100.00,11201,10.00,23845,5.00
82,2025-05-23,2,8,10,18,20,79,13,10,,3919794.35,0,,0,,39,3118.11,2404,63.14,43736,9.16,369542,3.13,0,,30,6314.00,432,916.00,3500,100.00,11764,10.00,16480,5.00
83,2025-05-24,1,3,5,53,62,71,32,53,,4742721.66,0,,0,,9,20051.85,936,225.06,35724,16.24,432292,3.97,0,,15,22506.00,253,1624.00,2412,100.00,11765,10.00,21060,5.00
84,2025-05-27,7,10,35,40,53,75,60,33,,5522342.57,0,,0,,5,32243.62,561,341.19,21151,24.65,336937,5.00,0,,6,34119.00,124,2465.00,1757,100.00,10471,10.00,21352,5.00
85,2025-05-29,27,32,51,67,71,81,35,90,,6278259.51,0,,0,,1,158372.65,419,450.03,15134,33.88,245345,6.14,0,,1,45003.00,111,3388.00,1730,100.00,12983,10.00,35562,5.00
86,2025-05-30,31,34,62,63,82,87,81,77,,6875247.68,0,,0,,1,120435.71,214,703.86,9509,41.77,161978,7.08,0,,1,70386.00,54,4177.00,936,100.00,6760,10.00,20038,5.00
87,2025-05-31,4,8,47,48,63,90,77,12,,7690086.40,0,,1,553085.21,16,11168.07,1138,183.55,32111,17.89,419200,5.00,2,139600.88,10,18355.00,196,1789.00,2553,100.00,13946,10.00,25977,5.00
88,2025-06-03,1,6,31,37,47,71,26,72,,8324699.03,0,,0,,6,25530.40,682,231.51,21979,21.45,326593,4.75,0,,1,23151.00,123,2145.00,1498,100.00,9028,10.00,18648,5.00
89,2025-06-05,10,17,19,21,63,74,4,60,,9085493.07,0,,0,,9,17861.18,895,184.87,32146,15.38,401763,4.35,0,,2,18487.00,99,1538.00,1432,100.00,8546,10.00,15837,5.00
90,2025-06-06,2,10,33,55,73,74,80,49,,9689757.44,0,,0,,1,121836.71,398,317.95,15899,23.65,248586,5.00,0,,1,31795.00,101,2365.00,1453,100.00,9202,10.00,18677,5.00
91,2025-06-07,5,28,46,49,52,76,83,21,,10512576.21,0,,0,,4,45101.49,641,288.78,20776,26.69,314306,5.46,0,,6,28878.00,103,2669.00,1777,100.00,12794,10.00,27844,5.00
92,2025-06-10,14,45,55,62,76,80,51,17,,11289040.20,0,,0,,1,160465.13,328,503.57,14024,35.20,235046,6.50,0,,2,50357.00,124,3520.00,1968,100.00,15357,10.00,42229,5.00
93,2025-06-12,21,61,69,76,79,81,77,76,,12042223.77,0,,0,,3,52608.46,300,541.77,13421,36.18,236975,6.34,0,,10,54177.00,94,3618.00,1283,100.00,7732,10.00,16344,5.00
94,2025-06-13,8,23,25,48,78,83,80,39,,12639430.24,0,,0,,6,20095.03,444,282.15,18147,20.50,260832,5.00,0,,0,,62,2050.00,1061,100.00,6975,10.00,14225,5.00
95,2025-06-14,10,18,44,56,73,86,48,55,,13446746.97,0,,0,,8,22106.67,463,392.14,20018,27.16,327209,5.14,0,,2,39214.00,120,2716.00,1990,100.00,13416,10.00,29313,5.00
96,2025-06-17,17,48,52,58,86,87,74,49,,14215892.57,0,,0,,13,12248.43,418,392.19,15960,30.70,263544,5.75,0,,2,39219.00,103,3070.00,1477,100.00,10158,10.00,23009,5.00
97,2025-06-19,4,6,11,31,69,73,9,26,,14960102.66,0,,0,,8,19480.51,966,166.20,31604,15.17,398714,5.00,0,,10,16620.00,185,1517.00,2068,100.00,10640,10.00,19285,5.00
98,2025-06-20,34,67,76,77,86,90,40,43,,15571151.44,0,,0,,3,41402.50,333,387.13,13137,29.17,200721,5.89,0,,0,,48,2917.00,827,100.00,5697,10.00,13990,5.00
99,2025-06-21,4,17,28,36,42,50,5,71,,16396471.41,0,,0,,5,36131.09,589,314.70,22708,24.45,353768,5.00,0,,9,31470.00,137,2445.00,2048,100.00,12772,10.00,26473,5.00
100,2025-06-24,2,23,32,36,63,64,37,76,,17162667.17,0,,2,244445.37,6,26324.89,517,314.61,17378,27.97,276553,5.43,0,,2,31461.00,62,2797.00,1039,100.00,7111,10.00,16248,5.00
101,2025-06-26,10,56,69,70,79,81,53,45,,17800996.44,0,,0,,3,51359.83,370,429.15,16031,29.58,267957,5.47,0,,3,42915.00,84,2958.00,1268,100.00,8415,10.00,18064,5.00
102,2025-06-27,25,49,54,55,62,73,4,86,,18406318.37,0,,0,,2,61544.41,302,423.16,12096,31.40,197587,5.93,0,,0,,43,3140.00,766,100.00,5604,10.00,13242,5.00
103,2025-06-28,10,35,38,41,51,56,3,51,,19221882.02,0,,0,,4,44616.91,433,423.03,16885,32.49,288406,5.89,0,,1,42303.00,105,3249.00,1891,100.00,11552,10.00,21691,5.00
104,2025-07-01,6,9,25,28,75,79,83,20,,19994598.63,0,,0,,6,26641.71,980,178.72,29698,16.91,386207,5.00,0,,5,17872.00,216,1691.00,2521,100.00,12641,10.00,22836,5.00
105,2025-07-03,37,42,49,53,57,65,62,8,,20746333.64,0,,0,,10,15756.77,414,417.54,14994,33.04,235092,6.38,1,393919.25,4,41754.00,87,3304.00,1441,100.00,10510,10.00,32213,5.00
106,2025-07-04,26,45,58,65,70,82,27,73,,21341818.49,0,,0,,3,40064.38,223,607.58,10061,37.92,170185,6.72,0,,1,60758.00,45,3792.00,734,100.00,5186,10.00,14113,5.00
107,2025-07-05,16,46,61,71,75,85,64,12,,22147756.87,0,,0,,5,35315.39,307,624.99,15429,35.86,250359,6.71,0,,0,,56,3586.00,1362,100.00,10677,10.00,28579,5.00
108,2025-07-08,1,33,40,61,64,73,15,48,,22919143.54,0,,0,,2,79905.86,357,490.50,14143,35.51,247950,6.13,0,,2,49050.00,48,3551.00,1202,100.00,9030,10.00,22145,5.00
109,2025-07-10,5,15,20,32,65,75,12,24,,23681581.08,0,,0,,8,20019.60,642,273.29,22729,22.14,323089,5.00,0,,3,27329.00,98,2214.00,1713,100.00,10834,10.00,22205,5.00
110,2025-07-11,1,31,40,62,64,74,81,11,,24286315.51,0,,0,,4,30509.73,280,490.48,10718,36.12,186955,6.21,0,,5,49048.00,93,3612.00,1655,100.00,12065,10.00,30307,5.00
111,2025-07-12,16,24,25,43,64,78,54,12,,25102778.62,0,,0,,1,178841.60,434,447.32,18289,30.63,295628,5.76,0,,1,44732.00,118,3063.00,1671,100.00,12696,10.00,29105,5.00
112,2025-07-15,4,10,14,48,58,83,47,63,,25880718.53,0,,0,,5,32211.03,749,235.45,24319,20.81,349066,5.00,0,,4,23545.00,92,2081.00,1840,100.00,10322,10.00,21979,5.00
113,2025-07-17,16,35,37,42,43,68,58,8,,26635949.96,0,,0,,4,39557.89,358,484.71,15016,33.13,236252,6.37,0,,4,48471.00,95,3313.00,1613,100.00,11164,10.00,30641,5.00
114,2025-07-18,20,37,50,70,75,88,46,16,,27236185.30,0,,0,,4,30310.15,331,412.50,12325,31.22,193862,5.95,0,,2,41250.00,55,3122.00,1128,100.00,8480,10.00,19932,5.00
115,2025-07-19,5,43,46,56,58,90,23,54,,28046515.79,0,,0,,1,177480.60,375,514.07,18219,30.52,314943,5.36,0,,3,51407.00,87,3052.00,1531,100.00,10291,10.00,22825,5.00
116,2025-07-22,3,8,44,52,69,85,11,67,,28815716.98,0,,0,,6,26524.86,562,310.40,21517,23.25,335956,5.00,0,,2,31040.00,113,2325.00,1381,100.00,8824,10.00,17801,5.00
117,2025-07-24,10,14,37,66,88,89,34,88,,29562487.87,0,,1,484324.70,5,31294.83,447,384.27,18472,26.64,301997,5.00,0,,2,38427.00,142,2664.00,2061,100.00,10762,10.00,18905,5.00
118,2025-07-25,15,16,17,36,62,83,7,31,,30063455.13,0,,0,,2,60461.57,282,483.05,11840,32.41,202977,5.67,0,,2,48305.00,70,3241.00,962,100.00,6607,10.00,14189,5.00
119,2025-07-26,1,9,19,49,53,88,77,44,,30871586.69,0,,1,547848.68,8,22124.66,1356,141.81,37967,14.61,448180,5.00,0,,9,14181.00,192,1461.00,1991,100.00,10978,10.00,21161,5.00
120,2025-07-29,13,27,31,60,65,75,39,69,,31539597.71,0,,1,499088.69,0,,462,498.46,16822,33.31,273324,5.81,0,,0,,110,3331.00,1615,100.00,10928,10.00,26203,5.00
121,2025-07-31,14,55,56,57,58,66,46,65,,32196088.71,0,,0,,5,31692.67,617,281.62,15772,31.58,251113,6.00,0,,0,,63,3158.00,1251,100.00,8695,10.00,20493,5.00
122,2025-08-01,9,25,27,36,54,86,45,31,,32813744.41,0,,1,388176.52,4,31352.72,703,185.28,17020,22.74,250786,5.00,0,,1,18528.00,54,2274.00,1116,100.00,7016,10.00,14598,5.00
123,2025-08-02,42,54,66,78,80,88,60,14,,33564991.78,0,,0,,5,36267.12,438,425.06,15774,35.34,263626,6.55,0,,4,42506.00,82,3534.00,1408,100.00,10232,10.00,27372,5.00
124,2025-08-05,6,31,57,60,65,80,12,71,,34359944.93,0,,0,,3,54929.71,458,370.37,17389,29.15,270332,5.80,0,,2,37037.00,89,2915.00,1291,100.00,8995,10.00,21234,5.00
125,2025-08-07,43,55,70,79,83,85,24,4,,35129122.74,0,,0,,2,80519.97,425,390.31,19033,26.04,244647,6.26,0,,5,39031.00,109,2604.00,1300,100.00,9845,10.00,27370,5.00
126,2025-08-08,8,34,38,53,78,79,58,37,,35742854.88,0,,1,384053.44,3,41359.60,275,468.80,12753,30.03,205650,5.74,0,,1,46880.00,64,3003.00,998,100.00,7308,10.00,17429,5.00
127,2025-08-09,6,18,40,41,45,88,37,12,,36468148.51,0,,0,,6,29178.48,441,407.96,19049,28.26,313612,5.31,0,,2,40796.00,121,2826.00,1852,100.00,12587,10.00,26385,5.00
128,2025-08-12,7,11,26,59,82,83,24,54,,37235274.79,0,,0,,10,15900.84,733,223.53,24126,20.28,345852,5.00,0,,8,22353.00,107,2028.00,1623,100.00,9594,10.00,19635,5.00
129,2025-08-14,3,19,30,47,49,75,35,14,,38002788.32,0,,0,,8,20187.76,773,215.19,25829,19.24,355244,5.00,0,,2,21519.00,133,1924.00,1801,100.00,11160,10.00,22565,5.00
130,2025-08-16,6,15,25,31,72,79,54,31,,38767587.99,0,,0,,2,80237.17,613,269.68,22579,21.87,331111,5.00,0,,4,26968.00,161,2187.00,1817,100.00,9286,10.00,16550,5.00
131,2025-08-18,5,19,58,59,83,87,10,32,,39331984.89,0,,0,,3,37418.27,414,282.84,15232,22.77,226565,5.00,0,,1,28284.00,45,2277.00,848,100.00,5527,10.00,11097,5.00
132,2025-08-19,5,10,51,62,77,81,74,58,,39949774.53,0,,0,,1,132347.93,477,287.61,18642,21.89,279732,5.00,0,,0,,92,2189.00,1242,100.00,8067,10.00,16097,5.00
133,2025-08-21,49,56,57,61,62,86,16,53,,40671376.78,0,,0,,5,30880.75,329,484.03,12756,37.26,214974,6.84,0,,2,48403.00,58,3726.00,1165,100.00,8234,10.00,22211,5.00
134,2025-08-22,7,25,38,39,66,69,17,24,,41258901.71,0,,2,183771.32,4,29686.14,468,264.07,15250,24.04,235868,5.00,0,,3,26407.00,84,2404.00,1162,100.00,7517,10.00,15603,5.00
135,2025-08-23,5,29,40,47,52,80,4,61,,41960518.26,0,,0,,6,28225.96,576,302.42,19365,26.90,310415,5.19,0,,0,,73,2690.00,1225,100.00,7928,10.00,18084,5.00
136,2025-08-26,12,23,25,34,41,63,21,20,,42728753.22,0,,0,,4,40032.50,557,296.18,21100,23.35,321759,5.00,0,,1,29618.00,120,2335.00,1846,100.00,11416,10.00,23022,5.00
137,2025-08-28,56,59,64,67,72,78,51,86,,43477082.69,0,,0,,2,78351.89,358,451.24,13229,36.46,223107,6.68,0,,0,,70,3646.00,959,100.00,6404,10.00,15828,5.00
138,2025-08-29,18,22,32,34,52,56,62,45,,44073912.10,0,,0,,4,30161.69,368,341.00,12915,28.84,201116,5.71,0,,1,34100.00,53,2884.00,893,100.00,5997,10.00,14453,5.00
139,2025-08-30,30,43,46,62,73,90,35,73,,44881073.39,0,,0,,3,58934.79,340,534.25,15523,35.02,272588,6.17,0,,0,,117,3502.00,1614,100.00,9339,10.00,18651,5.00
140,2025-09-02,16,19,28,44,60,78,9,73,,45681620.49,0,,0,,2,83408.24,452,377.63,18727,27.35,300586,5.28,0,,1,37763.00,73,2735.00,1275,100.00,8564,10.00,19119,5.00
141,2025-09-04,5,16,38,45,63,83,46,83,,46460815.61,0,,0,,3,54385.00,361,462.68,16913,29.62,282094,5.50,0,,7,46268.00,103,2962.00,1446,100.00,8717,10.00,17871,5.00
142,2025-09-05,9,39,47,52,71,82,83,52,,47079252.88,0,,0,,7,17842.64,400,321.93,14606,26.32,224220,5.30,0,,2,32193.00,125,2632.00,1576,100.00,8304,10.00,14782,5.00
143,2025-09-06,59,73,75,76,78,88,57,5,,47913197.67,0,,0,,4,45658.51,486,383.76,15103,37.11,249904,6.96,0,,1,38376.00,73,3711.00,1519,100.00,12087,10.00,33971,5.00
144,2025-09-09,34,47,71,73,82,90,49,52,,48716301.16,0,,0,,4,41640.61,477,357.31,17838,28.67,272404,5.82,0,,2,35731.00,158,2867.00,1547,100.00,9670,10.00,21167,5.00
145,2025-09-11,3,9,11,35,65,74,26,29,,49497813.91,0,,0,,17,9632.50,910,184.20,31764,15.83,414188,5.00,0,,3,18420.00,197,1583.00,2321,100.00,12216,10.00,22677,5.00
146,2025-09-12,29,33,44,52,63,65,19,84,,50121350.95,0,,0,,3,42013.40,275,472.41,12098,32.07,193681,6.19,0,,0,,67,3207.00,834,100.00,5616,10.00,14137,5.00
147,2025-09-13,26,28,31,35,37,65,30,5,,50966782.85,0,,0,,4,46309.05,452,418.38,17417,32.63,292435,6.03,0,,3,41838.00,100,3263.00,1779,100.00,12437,10.00,32061,5.00
148,2025-09-16,1,12,26,44,51,90,72,45,,51770511.45,0,,0,,6,27720.75,784,217.09,27435,18.61,374864,5.00,0,,3,21709.00,120,1861.00,1645,100.00,8890,10.00,18760,5.00
149,2025-09-18,12,38,46,49,60,65,2,46,,52548112.88,0,,0,,1,162843.81,312,534.35,15010,33.32,256913,6.03,0,,1,53435.00,85,3332.00,1704,100.00,10176,10.00,19752,5.00
150,2025-09-19,11,16,23,31,49,78,63,13,,53164800.71,0,,0,,5,24904.54,435,295.16,16959,22.60,254274,5.00,0,,4,29516.00,144,2260.00,2023,100.00,11888,10.00,24970,5.00
151,2025-09-20,2,12,15,31,63,71,50,57,,54002347.90,0,,0,,8,22944.97,740,253.28,27090,20.79,387470,5.00,0,,4,25328.00,103,2079.00,1674,100.00,10151,10.00,21726,5.00
152,2025-09-23,1,6,20,43,59,73,58,89,,54799072.86,0,,0,,3,54961.49,673,250.75,24330,20.81,364807,5.00,0,,2,25075.00,102,2081.00,1518,100.00,9155,10.00,17592,5.00
153,2025-09-25,11,19,36,41,65,82,17,15,,55575109.77,0,,0,,5,32536.27,511,325.94,19986,25.00,320307,5.00,0,,2,32594.00,115,2500.00,1691,100.00,11049,10.00,23353,5.00
154,2025-09-26,2,17,23,39,58,82,75,6,,56192638.09,0,,0,,5,24949.97,494,260.37,16174,23.74,250636,5.00,0,,1,26037.00,97,2374.00,1302,100.00,8203,10.00,17324,5.00
155,2025-09-27,9,10,21,25,27,68,54,6,,57037663.76,0,,0,,20,9266.55,1743,108.55,49051,11.59,520023,5.00,0,,4,10855.00,231,1159.00,2443,100.00,12738,10.00,22264,5.00
156,2025-09-30,5,8,71,74,77,81,34,70,,57842255.73,0,,0,,7,23788.39,782,217.89,24348,21.00,361091,5.00,0,,2,21789.00,104,2100.00,1557,100.00,9285,10.00,19093,5.00
157,2025-10-02,1,21,39,42,52,89,6,17,,58635590.63,0,,0,,4,41653.13,454,372.83,17375,29.37,295624,5.36,0,,1,37283.00,126,2937.00,2664,100.00,18197,10.00,39449,5.00
158,2025-10-03,2,4,69,75,79,88,12,7,,59268578.00,0,,0,,1,127893.93,409,319.18,17179,22.84,267199,5.00,0,,3,31918.00,169,2284.00,2272,100.00,12372,10.00,24593,5.00
159,2025-10-04,48,54,61,68,79,87,80,45,,60133651.91,0,,0,,5,37940.08,468,411.01,16836,34.49,277001,6.52,0,,1,41101.00,72,3449.00,1302,100.00,8869,10.00,23295,5.00
160,2025-10-07,17,21,40,56,61,79,87,85,,60949135.82,0,,0,,2,84247.46,342,500.43,15589,33.11,273135,5.87,0,,3,50043.00,83,3311.00,1160,100.00,8326,10.00,19115,5.00
161,2025-10-09,38,49,50,54,78,82,90,43,,61739419.09,0,,0,,1,165580.63,421,399.60,14464,35.07,242036,6.51,0,,4,39960.00,54,3507.00,1044,100.00,7277,10.00,17613,5.00
162,2025-10-10,20,38,42,61,81,82,16,80,,62370837.47,0,,0,,6,21278.24,210,620.58,9810,39.93,180147,6.74,0,,2,62058.00,67,3993.00,909,100.00,6242,10.00,15573,5.00
163,2025-10-11,28,51,55,62,80,90,68,90,,63235814.57,0,,0,,8,23713.82,520,369.93,20436,28.42,322557,5.60,0,,1,36993.00,225,2842.00,3403,100.00,21212,10.00,35535,5.00
164,2025-10-14,9,31,44,59,70,86,37,81,,64048527.32,0,,0,,6,27970.75,359,474.87,15865,32.40,279989,5.70,0,,2,47487.00,59,3240.00,1194,100.00,8809,10.00,18975,5.00
165,2025-10-16,7,44,45,58,76,80,77,13,,64834440.28,0,,0,,2,82312.95,381,439.05,15504,32.53,267216,5.86,0,,2,43905.00,97,3253.00,1808,100.00,13682,10.00,31111,5.00
166,2025-10-17,2,9,10,32,66,77,72,44,,65468539.32,0,,1,397611.55,8,16057.39,655,200.17,24041,16.39,321839,5.00,0,,3,20017.00,97,1639.00,1535,100.00,8027,10.00,14930,5.00
167,2025-10-18,12,13,19,26,75,82,50,54,,66317514.90,0,,0,,4,51231.29,966,214.88,33643,18.64,458340,5.00,0,,1,21488.00,191,1864.00,2285,100.00,14181,10.00,27652,5.00
168,2025-10-21,4,9,14,33,36,77,66,15,,67137058.03,0,,0,,9,18577.76,733,231.72,25672,19.95,372615,5.00,0,,4,23172.00,146,1995.00,1946,100.00,11493,10.00,22474,5.00
169,2025-10-23,7,29,42,62,68,73,26,21,,67919675.87,0,,0,,3,54641.30,410,406.28,17303,29.02,283793,5.50,0,,3,40628.00,122,2902.00,1669,100.00,11697,10.00,26044,5.00
170,2025-10-24,5,12,23,31,84,90,68,77,,68547373.56,0,,0,,4,31754.72,894,145.04,26651,14.62,327231,5.00,0,,2,14504.00,159,1462.00,1751,100.00,9286,10.00,17709,5.00
171,2025-10-25,16,18,33,53,58,89,81,59,,69405959.66,0,,0,,3,62755.03,462,413.24,19250,29.94,319765,5.60,0,,2,41324.00,90,2994.00,1436,100.00,9634,10.00,21949,5.00
172,2025-10-28,8,25,40,54,58,63,50,63,,70213840.48,0,,0,,2,83437.08,505,335.69,19220,26.59,312251,5.08,0,,11,33569.00,137,2659.00,1677,100.00,9523,10.00,17602,5.00
173,2025-10-30,15,30,37,39,56,74,43,47,,70992903.74,0,,0,,1,163114.53,394,420.73,15021,33.27,255408,6.08,0,,0,,95,3327.00,1420,100.00,10007,10.00,23761,5.00
174,2025-10-31,8,30,32,61,67,85,22,9,,71661764.35,0,,0,,3,45691.90,324,431.26,13152,31.96,228166,5.72,0,,3,43126.00,60,3196.00,1428,100.00,10304,10.00,24270,5.00
175,2025-11-03,30,56,80,81,85,87,67,2,,72458242.44,0,,0,,3,57256.92,503,348.87,16214,32.51,253797,6.44,0,,5,34887.00,83,3251.00,1247,100.00,9711,10.00,25119,5.00
176,2025-11-04,5,18,28,38,44,76,23,89,,73173304.62,0,,0,,4,36733.58,451,334.03,17447,25.87,272025,5.14,0,,1,33403.00,52,2587.00,1048,100.00,7161,10.00,15985,5.00
177,2025-11-06,9,48,51,53,73,88,19,43,,73957195.99,0,,0,,6,27876.58,512,333.93,18817,27.28,299414,5.32,0,,1,33393.00,73,2728.00,1156,100.00,7810,10.00,16581,5.00
178,2025-11-07,5,24,32,67,82,88,43,89,,74596348.81,0,,0,,3,43095.16,374,355.61,13287,29.93,228995,5.37,0,,5,35561.00,55,2993.00,886,100.00,6431,10.00,14051,5.00
179,2025-11-08,17,18,19,33,35,62,80,58,,75470764.58,0,,0,,4,47936.84,569,343.51,23292,25.24,385737,5.00,0,,1,34351.00,103,2524.00,1620,100.00,10577,10.00,21695,5.00
180,2025-11-11,3,37,42,59,63,84,49,64,,76299453.81,0,,0,,9,19041.84,440,397.93,16742,31.41,274692,5.94,0,,4,39793.00,90,3141.00,1179,100.00,8372,10.00,19610,5.00
181,2025-11-13,7,9,17,54,73,90,89,3,,77098048.35,0,,0,,18,9286.46,1503,113.68,39654,12.94,449636,5.00,0,,15,11368.00,329,1294.00,3266,100.00,15525,10.00,26028,5.00
182,2025-11-14,26,38,43,46,72,73,45,45,,77740529.63,0,,0,,4,32526.08,282,474.53,12539,31.91,196119,6.31,0,,2,47453.00,72,3191.00,1011,100.00,6546,10.00,16611,5.00
183,2025-11-15,20,23,40,51,55,85,5,80,,78615607.44,0,,0,,3,63928.27,616,317.36,22992,25.58,357509,5.10,0,,2,31736.00,96,2558.00,1661,100.00,9937,10.00,21429,5.00
184,2025-11-18,18,40,54,83,85,89,4,57,,79434934.29,0,,0,,1,169111.05,400,432.06,16653,31.17,269067,5.98,0,,2,43206.00,98,3117.00,1298,100.00,8904,10.00,20497,5.00
185,2025-11-20,5,9,15,17,48,74,65,75,,80231293.06,0,,0,,10,16695.51,1178,144.88,35352,14.49,429203,5.00,0,,4,14488.00,152,1449.00,1899,100.00,10010,10.00,20002,5.00
186,2025-11-21,12,14,18,53,84,86,72,35,,80868610.75,0,,0,,6,21481.34,418,317.23,15909,24.92,245741,5.00,0,,1,31723.00,85,2492.00,1285,100.00,6997,10.00,15221,5.00
187,2025-11-22,2,8,29,47,59,65,86,26,,81738395.55,0,,0,,3,63562.98,697,278.91,27786,21.04,402958,5.00,0,,1,27891.00,177,2104.00,2076,100.00,12036,10.00,24254,5.00
188,2025-11-25,18,20,21,23,40,43,52,10,,82544051.74,0,,0,,7,23710.72,654,259.46,22965,22.18,341352,5.00,0,,8,25946.00,156,2218.00,2482,100.00,14307,10.00,29873,5.00
189,2025-11-27,9,28,43,50,61,88,83,62,,83334501.74,0,,0,,6,27666.24,375,452.56,16339,31.18,283008,5.58,0,,5,45256.00,63,3118.00,1184,100.00,8044,10.00,17277,5.00
190,2025-11-28,1,12,20,21,42,58,84,34,,83969236.21,0,,0,,5,25681.52,832,158.80,24964,15.82,308239,5.00,0,,4,15880.00,101,1582.00,1280,100.00,7416,10.00,15714,5.00
191,2025-11-29,8,16,29,61,65,69,17,85,,84840715.23,0,,0,,11,17379.07,877,222.21,26093,22.47,368905,5.00,0,,2,22221.00,91,2247.00,1372,100.00,8963,10.00,20209,5.00
192,2025-12-02,5,17,28,59,70,90,27,66,,85680482.30,0,,0,,9,19348.54,835,212.00,29091,18.34,392729,5.00,0,,3,21200.00,140,1834.00,1880,100.00,11260,10.00,22521,5.00
193,2025-12-04,12,30,45,48,59,60,40,90,,86498207.75,0,,0,,4,42840.39,464,375.54,19061,27.55,293215,5.56,0,,4,37554.00,195,2755.00,2602,100.00,16323,10.00,38102,5.00
194,2025-12-05,10,19,29,30,56,71,76,13,,87157519.67,0,,0,,6,22256.42,708,192.69,23769,17.24,316346,5.00,0,,2,19269.00,155,1724.00,2259,100.00,12266,10.00,23745,5.00
195,2025-12-06,1,38,42,78,82,84,24,71,,88053169.00,0,,0,,2,98118.60,377,528.18,17087,35.16,296308,6.30,0,,4,52818.00,55,3516.00,1335,100.00,10265,10.00,25679,5.00
196,2025-12-09,8,31,51,65,78,79,26,77,,88856478.98,0,,0,,2,82289.81,401,417.62,16143,31.24,274600,5.70,0,,3,41762.00,90,3124.00,1625,100.00,10490,10.00,24057,5.00
197,2025-12-11,14,44,72,81,85,86,80,47,,89667195.53,0,,0,,6,28516.31,449,387.50,17558,29.86,270381,6.02,0,,1,38750.00,89,2986.00,1551,100.00,9666,10.00,24567,5.00
198,2025-12-12,7,21,35,38,64,80,29,87,,90326170.15,0,,0,,4,33374.13,375,363.69,16416,24.95,239190,5.31,0,,1,36369.00,116,2495.00,1826,100.00,11752,10.00,24141,5.00
199,2025-12-13,2,5,7,36,58,64,14,62,,91223256.96,0,,0,,11,17871.86,821,242.97,31839,18.90,451076,5.00,0,,6,24297.00,117,1890.00,1581,100.00,9604,10.00,18362,5.00
200,2025-12-16,2,18,24,35,41,84,44,20,,92068315.63,0,,0,,8,21825.52,529,335.52,19794,27.02,318941,5.21,0,,9,33552.00,150,2702.00,1967,100.00,12412,10.00,26377,5.00
201,2025-12-18,7,28,63,69,73,77,64,14,,92896913.17,0,,0,,3,57972.02,642,275.39,24885,21.41,345340,5.00,0,,3,27539.00,242,2141.00,2186,100.00,11979,10.00,23002,5.00
202,2025-12-19,16,52,60,75,81,88,40,49,,93566668.21,0,,0,,3,45225.86,301,460.35,12150,34.27,208196,6.20,0,,0,,93,3427.00,1465,100.00,9287,10.00,22510,5.00
203,2025-12-20,11,24,42,50,89,90,36,44,,94611165.39,0,,0,,5,46369.27,783,299.79,30830,23.01,467754,5.00,0,,4,29979.00,200,2301.00,2645,100.00,16121,10.00,35705,5.00
204,2025-12-22,2,14,28,36,78,85,17,11,,95242010.35,0,,0,,2,58814.61,368,327.49,13124,27.53,204872,5.46,1,1470365.25,4,32749.00,125,2753.00,1710,100.00,11759,10.00,27635,5.00
205,2025-12-23,16,18,22,24,34,80,62,53,,95974554.59,0,,0,,4,39811.06,541,299.69,19926,24.50,308146,5.00,0,,2,29969.00,107,2450.00,1707,100.00,10110,10.00,22390,5.00
206,2025-12-27,8,19,20,41,74,84,45,74,,97013814.69,0,,0,,15,15137.39,1147,200.48,37630,18.46,505030,5.00,0,,8,20048.00,252,1846.00,2770,100.00,13778,10.00,24888,5.00
207,2025-12-29,36,38,45,61,79,83,12,52,,97752514.83,0,,0,,6,24063.06,283,520.38,11745,37.70,195167,7.04,0,,15,52038.00,121,3770.00,1213,100.00,7754,10.00,20792,5.00
208,2025-12-30,6,9,17,20,60,67,1,73,,98548712.14,0,,0,,16,10663.24,1265,137.15,36446,14.34,446907,5.00,0,,6,13715.00,124,1434.00,1715,100.00,9881,10.00,19267,5.00
1,2026-01-02,29,33,47,56,69,89,16,7,,99410229.33,0,,0,,6,30409.79,598,309.97,20931,26.70,309758,5.60,0,,8,30997.00,119,2670.00,2128,100.00,13756,10.00,34613,5.00
2,2026-01-03,16,30,32,43,68,76,36,58,,100341992.29,0,,0,,5,39528.88,397,505.17,16707,36.22,288148,6.53,0,,2,50517.00,73,3622.00,1304,100.00,9512,10.00,24422,5.00
3,2026-01-05,11,13,17,56,80,84,41,13,,101103934.19,0,,0,,19,8125.48,688,228.62,22444,21.09,326332,5.00,0,,6,22862.00,234,2109.00,3370,100.00,15801,10.00,24955,5.00
4,2026-01-08,35,42,45,53,55,88,66,52,,101995539.64,0,,0,,3,64048.75,450,433.45,19231,30.60,298390,6.13,0,,3,43345.00,115,3060.00,1465,100.00,10540,10.00,26751,5.00
5,2026-01-09,31,33,61,68,71,72,87,18,,102705483.61,0,,0,,1,142654.28,306,475.69,12475,35.08,208756,6.50,0,,10,47569.00,246,3508.00,4743,100.00,34395,10.00,85916,5.00
6,2026-01-10,11,19,24,66,82,88,58,48,,103639268.13,0,,0,,6,34013.36,1050,197.13,34593,18.06,467406,5.00,0,,6,19713.00,144,1806.00,2128,100.00,13188,10.00,26531,5.00
7,2026-01-12,1,11,40,73,75,81,70,22,,104237073.11,0,,0,,4,28450.76,403,289.60,14924,23.43,230596,5.00,0,,0,,95,2343.00,1525,100.00,9660,10.00,20220,5.00
8,2026-01-13,20,29,56,68,72,74,35,50,,104938574.66,0,,0,,5,30464.59,434,357.67,15654,29.84,256446,5.65,0,,4,35767.00,84,2984.00,1318,100.00,9139,10.00,20648,5.00
9,2026-01-15,44,49,60,69,73,85,36,1,,105777608.77,0,,0,,7,25680.66,454,402.36,16097,34.21,274583,6.23,0,,5,40236.00,168,3421.00,3039,100.00,21614,10.00,52714,5.00
10,2026-01-16,14,21,24,52,80,86,57,14,,106466748.94,0,,0,,2,69741.41,393,362.32,15329,27.92,242541,5.47,0,,2,36232.00,126,2792.00,1696,100.00,9941,10.00,19049,5.00
11,2026-01-17,3,7,41,56,65,83,79,82,,107404225.94,0,,0,,2,102722.65,814,255.96,25934,24.25,416906,5.00,0,,2,25596.00,118,2425.00,1804,100.00,10926,10.00,23422,5.00
12,2026-01-20,8,13,25,60,72,74,78,34,,108200000.00,0,,0,,3,60407.30,632,291.34,23988,23.14,363419,5.00,0,,0,,114,2314.00,1616,100.00,10109,10.00,20373,5.00
13,2026-01-22,2,30,52,56,57,78,59,25,,109100000.00,0,,0,,4,44708.44,396,458.94,16910,32.40,294428,5.78,0,,3,45894.00,110,3240.00,2023,100.00,13682,10.00,30923,5.00
14,2026-01-23,2,6,11,19,88,90,69,52,,109800000.00,0,,0,,36,3839.94,2429,58.10,49677,8.53,447312,5.00,0,,12,5810.00,204,853.00,2030,100.00,9620,10.00,17315,5.00
15,2026-01-24,22,37,55,61,68,71,21,18,,110753801.63,0,,0,,1,205068.50,529,393.15,19658,31.94,328406,5.94,0,,6,39315.00,213,3194.00,3050,100.00,19914,10.00,47318,5.00
16,2026-01-27,11,19,27,31,54,84,38,37,,111647136.99,0,,0,,8,23123.79,816,230.26,30874,18.35,422108,5.00,0,,4,23026.00,162,1835.00,2200,100.00,12182,10.00,24218,5.00
17,2026-01-29,29,30,34,56,66,80,88,11,,112504050.36,0,,0,,2,89599.47,412,442.00,16589,33.09,283782,6.01,0,,3,44200.00,113,3309.00,2227,100.00,15427,10.00,39640,5.00
18,2026-01-30,32,33,39,40,52,86,63,16,,113192808.64,0,,0,,3,46491.72,322,442.18,11737,36.46,199329,6.66,0,,1,44218.00,56,3646.00,1190,100.00,8288,10.00,23361,5.00
19,2026-01-31,2,6,7,33,37,80,11,80,,114133221.85,0,,0,,1,206155.18,839,249.18,32358,19.50,481539,5.00,0,,5,24918.00,205,1950.00,2526,100.00,12729,10.00,22321,5.00
20,2026-02-03,11,16,17,41,42,46,70,57,,115038943.79,0,,0,,9,20868.64,570,346.28,22425,25.95,366217,5.00,0,,3,34628.00,115,2595.00,1682,100.00,11203,10.00,23996,5.00
21,2026-02-05,6,8,26,27,57,90,41,30,,115916317.88,0,,0,,10,18371.53,1054,183.37,35857,15.88,460759,5.00,0,,4,18337.00,192,1588.00,2635,100.00,12704,10.00,23583,5.00
22,2026-02-06,6,8,17,31,36,75,90,82,,116623738.57,0,,0,,5,28661.01,613,249.37,22724,19.64,328890,5.00,0,,2,24937.00,61,1964.00,1195,100.00,7138,10.00,14217,5.00
23,2026-02-07,4,7,12,30,69,81,41,67,,117578670.42,0,,0,,19,11004.60,1586,137.86,45615,14.17,540624,5.00,0,,4,13786.00,178,1417.00,2428,100.00,12577,10.00,24754,5.00
24,2026-02-10,1,15,29,39,63,83,73,21,,118486834.68,0,,0,,9,20885.46,527,374.82,22047,26.41,348081,5.14,0,,4,37482.00,141,2641.00,1943,100.00,12989,10.00,28547,5.00
25,2026-02-12,5,11,35,52,80,85,66,29,,119354345.23,0,,0,,6,30218.63,740,257.93,25724,21.85,378953,5.00,0,,2,25793.00,164,2185.00,2010,100.00,12989,10.00,25573,5.00
26,2026-02-13,1,52,57,71,76,83,37,3,,120062563.26,0,,0,,2,71928.31,278,551.87,12690,35.30,227654,6.01,0,,0,,77,3530.00,1370,100.00,10414,10.00,24256,5.00
27,2026-02-14,5,23,40,47,80,85,6,47,,121010515.01,0,,0,,42,4936.20,819,264.81,26385,24.30,401831,5.00,0,,3,26481.00,207,2430.00,2638,100.00,14226,10.00,27237,5.00
28,2026-02-17,16,21,42,45,52,88,58,21,,121908466.95,0,,0,,3,61922.72,526,371.35,18513,31.09,313030,5.65,0,,4,37135.00,138,3109.00,2206,100.00,13673,10.00,25855,5.00
29,2026-02-19,20,39,40,43,76,90,53,53,,122767743.90,0,,0,,1,179653.22,384,492.75,17249,32.29,294820,5.80,0,,0,,91,3229.00,1560,100.00,10996,10.00,25266,5.00
30,2026-02-20,30,34,41,42,49,83,64,77,,123469081.31,0,,0,,7,20349.09,237,641.38,11225,39.52,198180,6.84,0,,2,64138.00,51,3952.00,1158,100.00,8405,10.00,22812,5.00
31,2026-02-21,49,58,60,66,68,81,75,58,,124419090.61,0,,0,,1,208027.92,470,462.96,18726,34.36,309145,6.40,0,,6,46296.00,155,3436.00,1821,100.00,11329,10.00,24345,5.00
32,2026-02-24,4,18,23,26,45,87,82,29,,125315316.29,0,,0,,5,37049.14,753,258.71,28052,20.46,397061,5.00,0,,3,25871.00,127,2046.00,1883,100.00,11798,10.00,24875,5.00
33,2026-02-26,18,30,36,52,67,72,69,47,,126178758.60,0,,0,,3,60245.58,501,379.84,18404,30.44,298529,5.76,1,1506139.50,5,37984.00,107,3044.00,1551,100.00,11009,10.00,25239,5.00
34,2026-02-27,10,14,49,55,71,79,80,36,,126878959.06,0,,0,,5,28401.46,482,314.46,19601,22.56,278056,5.00,0,,3,31446.00,74,2256.00,1241,100.00,8524,10.00,18039,5.00
35,2026-02-28,14,17,33,63,64,80,15,27,,127828255.29,0,,0,,3,69307.00,518,419.85,20741,31.01,355057,5.57,0,,2,41985.00,134,3101.00,2302,100.00,15586,10.00,37383,5.00
36,2026-03-03,4,16,42,48,56,68,26,83,,128740602.93,0,,0,,3,63051.07,545,353.06,22812,25.41,337047,5.34,0,,2,35306.00,69,2541.00,1428,100.00,9049,10.00,19655,5.00
37,2026-03-05,7,23,39,62,63,78,22,35,,129619135.40,0,,0,,6,30632.55,470,398.01,19979,28.20,333874,5.24,0,,0,,76,2820.00,1748,100.00,10391,10.00,21800,5.00
38,2026-03-06,4,17,22,37,50,88,20,2,,130331109.88,0,,0,,9,16043.59,668,221.05,20568,21.55,307704,5.00,0,,3,22105.00,113,2155.00,1551,100.00,9683,10.00,19554,5.00
39,2026-03-07,3,12,18,40,45,69,5,49,,131294717.25,0,,1,653154.14,6,35169.84,1028,208.45,33996,19.01,473658,5.00,0,,4,20845.00,157,1901.00,2495,100.00,14846,10.00,31650,5.00
40,2026-03-10,8,34,42,47,55,83,4,42,,132068894.61,0,,0,,4,46717.60,577,329.53,20351,28.14,325061,5.47,0,,8,32953.00,120,2814.00,1675,100.00,10283,10.00,21140,5.00
41,2026-03-12,8,24,25,62,63,64,43,54,,132942323.29,0,,0,,8,22863.06,660,282.08,22794,24.59,347598,5.01,0,,4,28208.00,102,2459.00,1739,100.00,11335,10.00,24195,5.00
42,2026-03-13,3,11,13,20,53,61,88,43,,133654903.36,0,,0,,8,18083.95,1185,124.84,33058,13.43,375494,5.00,0,,3,12484.00,131,1343.00,1394,100.00,7384,10.00,14426,5.00
43,2026-03-14,3,6,33,63,88,89,18,87,,134612879.50,0,,0,,11,19056.19,1106,192.48,34062,18.85,454467,5.00,0,,2,19248.00,168,1885.00,1876,100.00,11138,10.00,22899,5.00
44,2026-03-17,2,13,16,41,53,56,60,6,,135511469.08,0,,0,,2,92789.35,552,342.11,20378,27.91,342691,5.15,0,,4,34211.00,115,2791.00,1861,100.00,12704,10.00,26545,5.00
45,2026-03-19,19,39,45,54,62,89,42,45,,136378364.69,0,,0,,10,18152.06,533,346.69,19499,28.53,308763,5.59,0,,3,34669.00,151,2853.00,1974,100.00,11301,10.00,22040,5.00
46,2026-03-20,14,32,45,51,54,87,61,50,,137076335.53,0,,0,,3,47117.33,316,457.66,12353,35.13,206918,6.50,0,,1,45766.00,51,3513.00,968,100.00,7245,10.00,18281,5.00
47,2026-03-21,9,26,33,49,51,55,50,4,,138028954.53,0,,0,,4,52205.24,744,285.06,25851,24.74,409384,5.00,0,,3,28506.00,113,2474.00,2333,100.00,14904,10.00,31042,5.00
48,2026-03-24,6,54,60,64,74,87,10,65,,138900000.00,0,,0,,0,,415,595.83,16939,36.71,287562,6.27,0,,0,,83,3671.00,1415,100.00,9144,10.00,21157,5.00
49,2026-03-26,24,26,39,69,77,80,82,3,,139800000.00,0,,0,,0,,377,636.38,18278,33.00,298883,5.85,0,,2,63638.00,114,3300.00,1831,100.00,12464,10.00,28227,5.00
50,2026-03-27,6,22,27,43,58,64,10,74,,140500000.00,0,,0,,1,141615.23,463,312.92,17081,25.45,269605,5.00,0,,1,31292.00,93,2545.00,1071,100.00,7231,10.00,15133,5.00
51,2026-03-28,9,45,62,67,68,81,36,54,,141400000.00,0,,0,,7,29773.88,483,438.27,20893,30.55,347454,5.71,0,,3,43827.00,95,3055.00,1811,100.00,11905,10.00,26904,5.00
52,2026-03-31,1,3,39,46,47,61,25,67,,142300000.00,0,,0,,2,91109.66,465,398.90,20801,26.85,349269,5.00,0,,5,39890.00,92,2685.00,1465,100.00,9924,10.00,20738,5.00
53,2026-04-02,18,24,25,32,36,63,40,80,,143100000.00,0,,0,,5,36895.61,578,325.19,21826,25.91,327334,5.36,0,,2,32519.00,80,2591.00,1510,100.00,9695,10.00,22812,5.00
54,2026-04-03,28,52,53,64,66,72,44,6,,143900000.00,0,,0,,2,74122.59,350,433.51,15244,29.86,236145,5.97,0,,0,,51,2986.00,1163,100.00,8501,10.00,21450,5.00
55,2026-04-04,8,21,29,46,60,81,42,80,,144900000.00,0,,0,,7,34257.71,657,370.30,27502,26.70,448808,5.08,0,,4,37030.00,148,2670.00,2464,100.00,15306,10.00,33883,5.00
56,2026-04-07,10,16,18,47,50,59,7,60,,145900000.00,0,,0,,10,16789.62,556,308.24,22534,22.86,339159,5.00,0,,1,30824.00,110,2286.00,1541,100.00,9096,10.00,19085,5.00
57,2026-04-09,2,30,38,63,74,84,19,82,,146700000.00,0,,0,,4,46027.21,391,479.78,16590,34.03,293887,5.96,0,,1,47978.00,90,3403.00,1111,100.00,8305,10.00,19932,5.00
58,2026-04-10,3,10,13,17,58,90,32,7,,147400000.00,0,,0,,35,4121.31,1976,74.76,43251,10.24,417088,5.00,0,,14,7476.00,360,1024.00,3341,100.00,14928,10.00,23972,5.00
59,2026-04-11,19,28,38,48,77,85,59,57,,148500000.00,0,,0,,5,42156.88,750,285.69,28579,22.59,401563,5.00,0,,0,,91,2259.00,1836,100.00,11788,10.00,25307,5.00
60,2026-04-14,3,5,20,27,35,66,17,6,,149200000.00,0,,2,289411.83,8,23375.57,1147,166.07,37582,15.25,466932,5.00,0,,7,16607.00,179,1525.00,2576,100.00,13137,10.00,23643,5.00
61,2026-04-16,9,11,12,38,44,54,60,39,,150000000.00,0,,0,,7,26606.28,792,239.55,31233,18.28,452831,5.00,0,,5,23955.00,133,1828.00,2075,100.00,12022,10.00,23165,5.00
62,2026-04-17,13,27,45,53,57,84,34,63,,150800000.00,0,,0,,6,24640.69,394,384.08,15315,29.64,243978,5.77,0,,3,38408.00,105,2964.00,1293,100.00,7739,10.00,17866,5.00
63,2026-04-18,11,22,28,33,68,77,9,70,,151700000.00,0,,0,,15,14073.27,1201,178.67,32579,19.85,435696,5.00,0,,7,17867.00,130,1985.00,2002,100.00,12343,10.00,25575,5.00
64,2026-04-21,18,19,40,43,56,77,6,65,,152600000.00,0,,0,,2,93725.23,480,397.78,19681,29.20,340306,5.24,0,,3,39778.00,96,2920.00,1463,100.00,9948,10.00,20051,5.00
65,2026-04-23,18,24,28,35,56,58,72,57,,153500000.00,0,,0,,7,26361.88,632,297.49,21560,26.24,328625,5.34,0,,3,29749.00,116,2624.00,1490,100.00,10130,10.00,22308,5.00
66,2026-04-24,6,13,33,37,68,82,56,20,,154300000.00,0,,0,,3,51982.76,478,333.54,18901,25.32,296615,5.00,0,,0,,97,2532.00,1659,100.00,11260,10.00,24769,5.00
67,2026-04-27,40,57,62,64,85,87,23,56,,155300000.00,0,,0,,6,30594.94,391,478.40,15670,35.92,257164,6.79,0,,1,47840.00,88,3592.00,1406,100.00,10759,10.00,27552,5.00
68,2026-04-28,29,42,43,47,57,60,27,30,,156000000.00,0,,0,,4,39697.37,282,575.44,13581,35.88,225168,6.71,0,,0,,80,3588.00,1097,100.00,8590,10.00,21583,5.00
69,2026-04-30,6,7,15,44,52,58,40,16,,156800000.00,0,,0,,9,23184.16,772,274.79,28974,22.06,452416,5.00,0,,6,27479.00,192,2206.00,2506,100.00,14866,10.00,27541,5.00
70,2026-05-02,7,58,60,79,84,86,2,19,,157700000.00,0,,0,,9,24920.95,564,404.20,22338,30.76,369619,5.77,0,,2,40420.00,223,3076.00,5158,100.00,33341,10.00,73151,5.00
71,2026-05-04,3,14,31,46,61,63,75,24,,158700000.00,0,,0,,3,45862.79,354,399.07,15755,26.84,242553,5.40,0,,3,39907.00,90,2684.00,1251,100.00,9032,10.00,19889,5.00
72,2026-05-05,24,34,45,55,81,87,23,52,,159400000.00,0,,0,,6,27637.08,460,368.49,16001,31.81,259972,6.07,0,,2,36849.00,90,3181.00,1745,100.00,10140,10.00,23935,5.00
73,2026-05-07,1,34,48,66,69,73,75,58,,160400000.00,0,,0,,2,97033.26,450,439.44,20662,28.80,337347,5.47,0,,1,43944.00,88,2880.00,1428,100.00,10300,10.00,23587,5.00
74,2026-05-08,8,16,41,47,51,90,82,69,,161400000.00,0,,0,,6,25057.14,565,272.61,21037,21.95,310451,5.00,0,,3,27261.00,108,2195.00,1891,100.00,11817,10.00,24101,5.00
75,2026-05-09,9,27,30,42,43,62,11,11,,162100000.00,0,,0,,4,54019.52,496,443.07,22782,29.06,387370,5.31,0,,5,44307.00,153,2906.00,3105,100.00,20490,10.00,44558,5.00
76,2026-05-12,2,28,31,57,58,59,5,2,,162900000.00,0,,0,,6,32488.67,549,361.78,20513,29.14,325076,5.71,2,406108.38,6,36178.00,149,2914.00,1777,100.00,12907,10.00,25114,5.00
77,2026-05-14,31,56,72,74,84,85,18,34,,163900000.00,0,,1,596800.07,10,19281.24,493,398.57,16060,36.81,279780,6.56,0,,2,39857.00,80,3681.00,1235,100.00,9349,10.00,22804,5.00
78,2026-05-15,5,13,17,28,47,68,42,19,,164500000.00,0,,0,,6,25130.73,1021,151.29,30184,15.34,362258,5.00,0,,6,15129.00,220,1534.00,2953,100.00,15928,10.00,30801,5.00
79,2026-05-16,7,12,60,69,89,90,59,36,,165500000.00,0,,0,,3,73018.18,1205,184.84,37923,17.70,507079,5.00,0,,1,18484.00,130,1770.00,2180,100.00,12543,10.00,25374,5.00
80,2026-05-19,49,57,61,73,79,86,8,36,,166500000.00,0,,0,,4,48888.05,485,410.79,19806,30.27,279546,6.66,0,,11,41079.00,102,3027.00,1443,100.00,10009,10.00,25573,5.00
81,2026-05-21,1,38,57,58,64,81,28,50,,167400000.00,0,,1,590411.80,4,47687.11,392,496.00,16960,34.49,301436,6.02,0,,1,49600.00,116,3449.00,1476,100.00,10007,10.00,24077,5.00
82,2026-05-22,5,17,65,71,83,87,50,86,,168000000.00,0,,0,,3,49817.35,511,299.68,20422,22.48,306934,5.00,0,,5,29968.00,52,2248.00,1129,100.00,7101,10.00,15416,5.00
83,2026-05-23,14,29,34,57,59,69,20,16,,169000000.00,0,,0,,11,19436.43,538,404.24,22958,28.54,351881,5.78,0,,4,40424.00,127,2854.00,1926,100.00,12544,10.00,30564,5.00
84,2026-05-26,7,10,35,41,45,61,2,45,,169900000.00,0,,0,,13,14453.24,497,385.46,21123,27.28,357392,5.00,0,,3,38546.00,117,2728.00,2058,100.00,11718,10.00,21949,5.00
85,2026-05-28,22,33,36,74,78,86,81,34,,170800000.00,0,,0,,4,46324.95,448,421.84,16976,33.48,282620,6.24,0,,0,,72,3348.00,1300,100.00,8768,10.00,21983,5.00
86,2026-05-29,9,42,44,46,85,90,56,20,,171500000.00,0,,0,,10,14650.92,417,360.17,16145,27.88,268862,5.18,0,,1,36017.00,119,2788.00,1620,100.00,10380,10.00,22945,5.00
87,2026-05-30,8,13,21,39,63,71,72,56,,172500000.00,0,,1,640334.99,8,25859.69,845,249.18,29756,21.31,427984,5.00,0,,3,24918.00,164,2131.00,2032,100.00,12027,10.00,26145,5.00
88,2026-06-04,12,33,43,55,74,75,70,59,,173200000.00,0,,0,,2,111841.75,514,443.19,21850,31.38,380934,5.59,0,,2,44319.00,92,3138.00,1740,100.00,11818,10.00,27405,5.00
89,2026-06-05,9,25,51,63,73,89,90,40,,174100000.00,0,,0,,3,51189.62,517,305.00,17106,27.60,282596,5.17,0,,1,30500.00,100,2760.00,1374,100.00,9244,10.00,20342,5.00
90,2026-06-06,2,7,29,68,72,89,57,38,,175100000.00,0,,0,,13,16377.62,941,230.63,32487,20.09,460096,5.00,0,,7,23063.00,136,2009.00,2257,100.00,14729,10.00,30496,5.00
91,2026-06-08,28,33,51,59,82,87,88,87,,176100000.00,0,,0,,2,59161.00,290,422.21,10787,33.81,174413,6.46,0,,1,42221.00,52,3381.00,847,100.00,5570,10.00,12535,5.00
92,2026-06-09,18,36,47,55,73,80,90,54,,176800000.00,0,,0,,6,26057.18,451,355.79,16615,28.92,257228,5.78,0,,3,35579.00,67,2892.00,1354,100.00,8889,10.00,20853,5.00
93,2026-06-11,7,21,22,40,44,87,53,83,,177500000.00,0,,0,,2,92519.52,577,327.83,23635,24.03,372033,5.00,0,,7,32783.00,74,2403.00,1386,100.00,8828,10.00,18759,5.00
94,2026-06-12,18,24,42,68,75,83,26,20,,178100000.00,0,,0,,4,36395.34,420,356.43,14840,30.17,236622,5.85,0,,1,35643.00,68,3017.00,1356,100.00,9491,10.00,23303,5.00
95,2026-06-13,13,23,34,68,87,90,80,54,,179000000.00,0,,0,,4,51818.78,764,276.69,29866,21.28,406198,5.00,0,,4,27669.00,150,2128.00,1999,100.00,12328,10.00,26488,5.00
96,2026-06-16,4,28,33,35,66,80,48,72,,179600000.00,0,,0,,5,37673.36,471,408.67,20170,28.66,337236,5.31,0,,0,,90,2866.00,1945,100.00,12090,10.00,25548,5.00
97,2026-06-18,4,26,39,43,70,87,57,57,,180800000.00,0,,0,,7,26147.30,522,358.52,20136,27.90,318868,5.46,0,,3,35852.00,80,2790.00,1431,100.00,10101,10.00,23198,5.00
98,2026-06-19,14,18,25,69,81,89,11,69,,181500000.00,0,,0,,2,72123.89,470,315.67,18120,24.48,275535,5.00,0,,5,31567.00,135,2448.00,2028,100.00,10681,10.00,20270,5.00
99,2026-06-20,14,59,69,71,82,89,47,3,,182500000.00,0,,0,,7,29100.35,511,406.69,20248,30.86,318465,6.09,0,,2,40669.00,106,3086.00,1725,100.00,12967,10.00,32295,5.00
100,2026-06-23,1,12,17,27,66,84,61,4,,183300000.00,0,,0,,9,20374.71,997,188.05,32884,17.11,439353,5.00,0,,4,18805.00,171,1711.00,2513,100.00,13386,10.00,24940,5.00
101,2026-06-25,25,27,54,72,73,76,31,80,,184200000.00,0,,0,,1,179295.56,427,429.54,19534,28.18,308499,5.53,0,,1,42954.00,91,2818.00,1423,100.00,9353,10.00,22587,5.00
102,2026-06-26,1,22,30,45,73,76,64,49,,184900000.00,0,,0,,3,47288.21,380,384.17,15671,27.85,258792,5.22,0,,1,38417.00,91,2785.00,1407,100.00,10029,10.00,23334,5.00
103,2026-06-27,15,19,36,47,85,90,42,62,,185800000.00,0,,0,,4,49997.70,701,291.17,28985,21.17,428988,5.00,0,,3,29117.00,137,2117.00,1540,100.00,10440,10.00,20463,5.00
104,2026-06-30,1,7,51,64,78,83,13,66,,186700000.00,0,,0,,1,182126.42,432,431.12,20835,26.83,346658,5.00,0,,2,43112.00,103,2683.00,1701,100.00,11126,10.00,23435,5.00
105,2026-07-02,4,17,19,23,47,59,51,82,,187500000.00,0,,0,,10,18519.60,1309,143.82,38945,14.57,474000,5.00,0,,4,14382.00,132,1457.00,1850,100.00,9689,10.00,18522,5.00
106,2026-07-03,22,26,30,40,68,86,72,48,,188300000.00,0,,0,,7,21060.44,383,392.92,15654,28.89,249136,5.63,0,,3,39292.00,90,2889.00,1227,100.00,8753,10.00,20452,5.00
107,2026-07-04,2,37,55,62,72,76,34,75,,189000000.00,0,,0,,3,68740.19,399,524.53,18350,34.41,328659,5.97,0,,0,,106,3441.00,1533,100.00,10400,10.00,23750,5.00
108,2026-07-07,3,16,30,53,55,79,84,66,,190100000.00,0,,0,,11,17123.43,548,349.31,23226,24.84,363025,5.00,0,,1,34931.00,111,2484.00,1755,100.00,10730,10.00,22821,5.00
109,2026-07-09,9,17,20,31,40,79,58,47,,191000000.00,0,,0,,3,61599.93,746,251.83,28483,19.88,403906,5.00,0,,1,25183.00,176,1988.00,2287,100.00,13073,10.00,25813,5.00
110,2026-07-10,2,3,12,28,63,82,76,79,,191700000.00,0,,0,,13,11266.70,1005,148.79,29664,15.15,359388,5.00,0,,8,14879.00,122,1515.00,1955,100.00,11543,10.00,25434,5.00
111,2026-07-11,6,7,10,47,49,61,5,62,,192700000.00,0,,0,,8,25834.12,1044,200.90,37020,17.09,519796,5.00,0,,3,20090.00,103,1709.00,1766,100.00,9865,10.00,19823,5.00
112,2026-07-14,8,44,49,80,85,88,30,64,,193600000.00,0,,0,,2,94285.63,722,265.42,24955,23.15,351806,5.10,0,,2,26542.00,107,2315.00,1591,100.00,9723,10.00,21790,5.00
113,2026-07-16,1,15,21,46,52,67,41,76,,194500000.00,0,,0,,7,26298.54,575,325.49,23289,24.22,358087,5.00,1,657463.50,1,32549.00,95,2422.00,1684,100.00,10196,10.00,22818,5.00
114,2026-07-17,7,34,45,64,65,76,46,90,,195200000.00,0,,0,,1,147311.09,300,501.26,13464,33.57,239962,5.84,0,,16,50126.00,214,3357.00,2168,100.00,15892,10.00,37142,5.00
115,2026-07-18,1,28,52,62,79,86,61,31,,196100000.00,0,,0,,5,40819.11,489,423.64,20149,31.02,339749,5.72,0,,1,42364.00,123,3102.00,1676,100.00,11248,10.00,26050,5.00
116,2026-07-21,13,14,15,29,38,63,24,49,,197000000.00,0,,0,,4,46883.73,442,431.22,21041,27.30,339832,5.25,0,,0,,106,2730.00,1677,100.00,12602,10.00,28024,5.00
117,2026-07-23,2,12,22,34,70,74,41,8,,197900000.00,0,,0,,7,26640.08,755,251.05,27363,20.88,384573,5.00,0,,10,25105.00,181,2088.00,2956,100.00,18101,10.00,36093,5.00
118,2026-07-24,20,40,53,61,74,79,11,30,,198700000.00,0,,0,,5,29559.50,289,522.02,11635,38.97,213287,6.59,0,,4,52202.00,64,3897.00,1125,100.00,7656,10.00,19517,5.00
119,2026-07-25,18,19,33,34,61,85,15,59,,199600000.00,0,,0,,1,208092.12,520,406.07,20726,30.74,365535,5.42,0,,1,40607.00,85,3074.00,1685,100.00,11249,10.00,24088,5.00
120,2026-07-28,1,6,9,43,54,62,87,69,,200500000.00,0,,0,,5,38632.79,788,249.02,32457,18.23,449924,5.00,0,,4,24902.00,201,1823.00,2672,100.00,14367,10.00,27527,5.00
121,2026-07-30,20,47,75,76,78,89,9,89,,201400000.00,0,,0,,3,62817.27,388,493.60,17575,32.85,290248,6.18,0,,5,49360.00,103,3285.00,1597,100.00,10405,10.00,20918,5.00
122,2026-07-31,2,6,10,31,39,83,66,75,,202200000.00,0,,0,,9,16630.24,786,194.32,26759,17.16,355364,5.00,0,,0,,101,1716.00,1397,100.00,7937,10.00,14901,5.00
123,2026-08-01,8,11,21,24,72,88,33,11,,203100000.00,0,,0,,13,16296.19,1699,127.00,45010,14.43,541091,5.00,0,,17,12700.00,521,1443.00,5533,100.00,23600,10.00,35394,5.00
124,2026-08-04,49,56,58,70,76,78,29,16,,204100000.00,0,,0,,10,19735.68,440,457.47,16763,36.11,284671,6.60,0,,5,45747.00,92,3611.00,1507,100.00,11313,10.00,31206,5.00
125,2026-08-06,2,11,20,33,74,83,15,19,,205000000.00,0,,0,,10,19317.65,863,228.40,30704,19.30,429862,5.00,0,,5,22840.00,232,1930.00,3537,100.00,19516,10.00,36248,5.00
126,2026-08-07,1,7,29,32,60,63,68,37,,205800000.00,0,,0,,10,15344.32,733,214.70,23141,20.37,331227,5.00,0,,0,,122,2037.00,1487,100.00,9219,10.00,19321,5.00
127,2026-08-08,9,12,55,61,82,85,71,31,,206700000.00,0,,1,650153.56,7,30007.09,751,284.93,26993,23.86,426571,5.00,0,,1,28493.00,145,2386.00,1816,100.00,11691,10.00,24061,5.00
128,2026-08-11,8,19,38,53,66,79,90,49,,207600000.00,0,,0,,10,19431.76,693,286.07,28239,21.11,402707,5.00,0,,5,28607.00,178,2111.00,2321,100.00,14240,10.00,27476,5.00
129,2026-08-13,2,7,16,29,57,84,18,1,,208500000.00,0,,2,298087.96,10,19261.07,837,234.82,31751,18.61,432757,5.00,0,,1,23482.00,161,1861.00,2299,100.00,13099,10.00,26304,5.00
130,2026-08-14,9,18,20,25,53,90,49,23,,209100000.00,0,,0,,11,15363.47,1327,130.31,38339,13.53,442440,5.00,0,,16,13031.00,309,1353.00,3657,100.00,18847,10.00,34937,5.00
131,2026-08-17,18,24,69,71,73,82,29,41,,210100000.00,0,,0,,5,34968.49,500,357.55,19512,27.51,305416,5.45,0,,3,35755.00,235,2751.00,3040,100.00,18946,10.00,43594,5.00
132,2026-08-18,10,16,24,25,39,66,70,6,,210900000.00,0,,0,,4,40905.70,619,270.68,24441,20.56,343165,5.00,0,,7,27068.00,121,2056.00,1991,100.00,11813,10.00,22688,5.00
133,2026-08-20,14,18,26,51,64,71,77,49,,211700000.00,0,,0,,9,20809.46,490,390.24,20419,28.14,328489,5.42,0,,5,39024.00,107,2814.00,1776,100.00,12434,10.00,28477,5.00
134,2026-08-21,12,25,27,28,39,57,42,13,,212500000.00,0,,0,,2,74132.51,525,289.90,20002,22.78,299144,5.00,1,1853312.75,4,28990.00,149,2278.00,2253,100.00,14104,10.00,29424,5.00
135,2026-08-22,2,16,23,31,72,85,82,14,,213200000.00,0,,0,,5,40019.11,663,307.73,25869,23.72,392780,5.00,0,,2,30773.00,143,2372.00,2032,100.00,13011,10.00,29252,5.00
136,2026-08-25,15,36,62,67,69,70,32,15,,214100000.00,0,,0,,10,19398.97,442,447.79,17941,33.17,295811,6.24,0,,2,44779.00,155,3317.00,2133,100.00,14281,10.00,28591,5.00
137,2026-08-27,2,27,28,50,75,84,32,40,,215100000.00,0,,0,,3,63296.43,477,406.33,21260,27.40,341695,5.29,0,,1,40633.00,88,2740.00,1432,100.00,10201,10.00,22090,5.00
138,2026-08-28,4,8,27,62,70,79,60,55,,215900000.00,0,,0,,2,75110.35,521,295.88,21738,21.24,320491,5.00,0,,7,29588.00,121,2124.00,2190,100.00,12565,10.00,25703,5.00
139,2026-08-29,12,17,45,59,74,77,62,62,,216800000.00,0,,0,,8,25847.21,713,295.52,25799,24.57,401819,5.00,0,,7,29552.00,73,2457.00,1400,100.00,9493,10.00,20964,5.00
140,2026-09-01,42,47,59,64,67,71,88,75,,217800000.00,0,,0,,7,28673.74,471,432.80,18308,33.58,296125,6.45,0,,0,,60,3358.00,1198,100.00,8703,10.00,23134,5.00
141,2026-09-03,8,11,15,60,68,76,9,90,,218700000.00,0,,0,,7,28157.70,728,275.05,28670,21.06,426312,5.00,0,,14,27505.00,269,2106.00,3628,100.00,21023,10.00,41977,5.00
142,2026-09-04,8,44,60,73,86,89,57,42,,219500000.00,0,,0,,1,156649.12,357,447.58,14803,32.46,260187,5.73,0,,0,,49,3246.00,1123,100.00,8030,10.00,16415,5.00
143,2026-09-05,12,24,28,32,37,78,40,16,,220500000.00,0,,0,,1,214992.87,645,338.18,24533,26.83,386764,5.29,0,,3,33818.00,104,2683.00,2087,100.00,13918,10.00,30674,5.00
144,2026-09-08,23,26,41,52,59,85,49,47,,221500000.00,0,,0,,1,201314.74,542,377.21,20671,29.83,336652,5.69,0,,3,37721.00,100,2983.00,1675,100.00,12588,10.00,29146,5.00
145,2026-09-10,2,17,39,59,63,89,62,62,,222400000.00,0,,0,,9,21879.67,702,284.97,24472,24.65,362169,5.17,0,,4,28497.00,130,2465.00,1544,100.00,9642,10.00,19827,5.00
146,2026-09-11,8,13,16,52,64,70,17,21,,223173416.83,1,223173416.83,0,,5,31646.08,523,308.54,20899,23.22,317536,5.00,0,,5,30854.00,137,2322.00,1963,100.00,11790,10.00,24644,5.00
147,2026-09-12,3,7,14,40,78,81,1,54,,26500000.00,0,,0,,18,10512.88,821,234.31,30064,19.28,423731,4.69,0,,1,23431.00,155,1928.00,2108,100.00,11960,10.00,24244,5.00
148,2026-09-15,3,12,18,32,47,54,69,28,,27300000.00,0,,0,,5,34423.33,740,236.82,27067,19.49,385296,4.91,0,,5,23682.00,117,1949.00,2174,100.00,13118,10.00,27039,5.00
149,2026-09-17,6,7,16,35,46,54,21,51,,28100000.00,0,,0,,2,84597.61,610,282.51,23338,22.22,366620,5.00,0,,6,28251.00,124,2222.00,2042,100.00,12354,10.00,23051,5.00
150,2026-09-18,29,37,41,43,74,86,25,78,,28800000.00,0,,0,,1,135496.72,265,523.14,11254,36.97,188863,6.83,0,,0,,95,3697.00,1769,100.00,14093,10.00,34655,5.00
151,2026-09-19,20,42,45,48,68,85,49,41,,29500000.00,0,,0,,7,27251.50,456,425.21,18801,31.08,303074,5.99,0,,2,42521.00,76,3108.00,1372,100.00,9421,10.00,21321,5.00
152,2026-09-22,12,42,57,65,76,77,21,54,,30400000.00,0,,1,531144.82,3,57200.21,375,465.96,15412,34.13,271096,6.02,0,,0,,92,3413.00,1448,100.00,10163,10.00,23348,5.00
153,2026-09-24,1,28,31,50,63,85,86,48,,31100000.00,0,,0,,4,42243.75,429,401.19,17542,29.53,293744,5.47,0,,4,40119.00,79,2953.00,1470,100.00,9911,10.00,23425,5.00
154,2026-09-25,10,18,26,33,39,45,89,48,,31700000.00,0,,1,417320.75,2,67413.35,499,276.48,17846,23.20,272319,5.00,0,,3,27648.00,87,2320.00,1401,100.00,8490,10.00,17633,5.00
155,2026-09-26,52,54,55,64,68,78,31,6,,32600000.00,0,,0,,1,191286.35,387,502.38,16684,35.12,282350,6.45,0,,0,,75,3512.00,1427,100.00,10358,10.00,28090,5.00
156,2026-09-29,16,26,28,30,43,72,5,32,,33400000.00,0,,0,,7,24398.86,443,392.61,18828,27.81,297905,5.46,0,,1,39261.00,66,2781.00,1350,100.00,8855,10.00,19424,5.00
157,2026-10-01,5,12,28,41,56,66,73,42,,34200000.00,0,,0,,6,28421.35,695,250.85,25242,20.74,370069,5.00,0,,0,,98,2074.00,1302,100.00,8511,10.00,17188,5.00
158,2026-10-02,2,31,55,56,73,84,77,41,,34800000.00,0,,0,,3,45716.14,267,527.95,12336,34.19,219136,5.96,0,,0,,37,3419.00,875,100.00,6512,10.00,14891,5.00
159,2026-10-03,5,12,18,25,28,42,66,76,42 25 18 28 12 5,35700000.00,0,,0,,11,17645.46,1606,123.23,45188,13.17,504540,5.00,0,,5,12323.00,131,1317.00,1774,100.00,9459,10.00,18884,5.00
160,2026-10-06,22,32,34,70,74,77,30,14,32 70 34 22 77 74,36600000.00,0,,0,,5,34464.15,420,419.36,15248,34.69,266270,6.16,0,,0,,81,3469.00,1505,100.00,9757,10.00,24632,5.00
161,2026-10-08,29,52,57,60,65,72,62,50,29 60 52 57 65 72,37400000.00,0,,1,518173.27,3,55803.28,425,402.88,15584,32.98,253874,6.28,0,,2,40288.00,69,3298.00,1280,100.00,8950,10.00,22242,5.00
