data,concorso,n1,n2,n3,n4,n5,n6,jolly,superstar
1997-12-03,87,20,36,39,41,72,76,88,
1997-12-06,88,2,4,25,29,30,52,24,
1997-12-10,89,1,2,14,23,78,88,40,
1997-12-13,90,5,22,34,61,62,77,58,
1997-12-17,91,10,65,77,80,81,86,89,
1997-12-20,92,3,27,48,58,78,90,45,
1997-12-24,93,13,59,63,75,85,87,52,
1997-12-27,94,8,26,35,43,55,67,69,
1997-12-31,95,34,36,71,76,86,89,82,
1998-01-03,1,2,29,36,72,82,90,71,
1998-01-07,2,20,23,24,29,66,73,30,
1998-01-10,3,24,33,37,40,60,86,32,
1998-01-14,4,16,37,49,52,53,82,57,
1998-01-17,5,29,37,49,51,55,74,86,
1998-01-21,6,22,25,26,49,59,85,62,
1998-01-24,7,3,4,39,43,56,81,82,
1998-01-28,8,2,3,49,51,63,79,43,
1998-01-31,9,6,13,26,33,34,78,65,
1998-02-04,10,18,23,24,35,48,82,38,
1998-02-07,11,8,9,23,34,64,89,1,
1998-02-11,12,2,15,63,65,68,78,71,
1998-02-14,13,37,40,46,51,58,66,84,
1998-02-18,14,10,12,29,41,45,50,52,
1998-02-21,15,4,19,47,60,73,84,58,
1998-02-25,16,1,27,40,81,82,85,6,
1998-02-28,17,13,68,75,79,87,88,90,
1998-03-04,18,28,36,59,79,84,88,7,
1998-03-07,19,2,12,57,62,64,71,56,
1998-03-11,20,3,23,25,44,74,89,76,
1998-03-14,21,16,33,42,86,88,89,43,
1998-03-18,22,1,5,17,38,61,71,70,
1998-03-21,23,17,30,38,51,77,80,33,
1998-03-25,24,5,6,17,55,62,73,38,
1998-03-28,25,16,40,50,58,62,63,5,
1998-04-01,26,17,31,42,43,55,72,64,
1998-04-04,27,1,7,21,49,84,87,77,
1998-04-08,28,4,7,22,27,39,88,14,
1998-04-11,29,23,58,64,67,79,81,14,
1998-04-15,30,4,5,46,47,73,82,62,
1998-04-18,31,17,38,47,56,76,85,26,
1998-04-22,32,5,22,40,46,86,87,13,
1998-04-27,33,18,36,62,63,76,80,64,
1998-04-29,34,15,23,27,29,50,69,54,
1998-05-02,35,6,12,23,28,77,79,73,
1998-05-06,36,5,28,33,64,81,84,67,
1998-05-09,37,5,19,43,44,73,77,39,
1998-05-13,38,6,15,41,57,81,83,74,
1998-05-16,39,7,19,25,68,71,85,46,
1998-05-20,40,5,13,22,25,43,50,45,
1998-05-23,41,7,12,24,37,58,81,10,
1998-05-27,42,36,48,56,65,71,73,38,
1998-05-30,43,4,11,29,34,86,88,59,
1998-06-03,44,48,50,80,81,84,87,42,
1998-06-06,45,13,18,22,56,67,72,65,
1998-06-10,46,5,14,17,38,64,68,83,
1998-06-13,47,13,26,30,34,83,86,64,
1998-06-17,48,10,16,35,39,64,65,70,
1998-06-20,49,20,24,39,63,65,70,36,
1998-06-24,50,19,43,59,60,67,79,10,
1998-06-27,51,2,16,38,40,44,57,28,
1998-07-01,52,25,33,37,47,48,79,29,
1998-07-04,53,29,42,49,52,53,67,55,
1998-07-08,54,5,20,24,48,78,80,6,
1998-07-11,55,15,16,17,57,60,63,28,
1998-07-15,56,12,32,48,68,70,85,7,
1998-07-18,57,1,36,42,71,72,88,90,
1998-07-22,58,56,71,75,78,81,85,8,
1998-07-25,59,25,37,54,63,70,76,7,
1998-07-29,60,25,60,62,68,83,89,88,
1998-08-01,61,5,14,37,38,50,72,90,
1998-08-05,62,7,24,40,56,79,85,90,
1998-08-08,63,12,27,31,32,57,83,42,
1998-08-12,64,31,33,61,77,86,88,16,
1998-08-17,65,4,47,53,55,71,73,80,
1998-08-19,66,6,15,16,50,62,82,4,
1998-08-22,67,10,36,48,63,83,90,32,
1998-08-26,68,10,40,66,72,76,80,61,
1998-08-29,69,12,19,22,53,72,88,34,
1998-09-02,70,1,43,45,48,83,90,14,
1998-09-05,71,15,16,20,23,24,87,77,
1998-09-09,72,10,25,56,68,71,77,3,
1998-09-12,73,14,37,48,55,84,87,23,
1998-09-16,74,22,26,29,37,75,76,36,
1998-09-19,75,3,33,45,57,78,80,65,
1998-09-23,76,7,9,31,41,67,68,22,
1998-09-26,77,28,31,40,67,74,90,61,
1998-09-30,78,20,34,44,61,74,87,25,
1998-10-03,79,2,9,13,34,46,63,85,
1998-10-07,80,6,13,17,49,51,83,76,
1998-10-10,81,42,43,46,49,52,76,48,
1998-10-14,82,15,28,42,55,76,88,74,
1998-10-17,83,10,13,50,59,64,78,23,
1998-10-21,84,14,39,50,56,72,89,29,
1998-10-24,85,4,26,27,74,77,84,20,
1998-10-28,86,37,60,64,73,80,84,2,
1998-10-31,87,1,21,30,61,73,84,74,
1998-11-04,88,6,54,72,75,81,87,55,
1998-11-07,89,15,19,25,33,40,68,81,
1998-11-11,90,19,38,60,80,81,90,10,
1998-11-14,91,6,31,69,70,76,85,44,
1998-11-18,92,12,18,43,47,50,83,53,
1998-11-21,93,32,36,43,56,66,89,8,
1998-11-25,94,32,39,52,56,69,85,53,
1998-11-28,95,12,15,40,50,66,88,70,
1998-12-02,96,9,23,36,66,67,77,87,
1998-12-05,97,27,35,47,48,59,79,77,
1998-12-09,98,1,11,42,43,61,81,29,
1998-12-12,99,9,37,39,40,42,86,2,
1998-12-16,100,22,43,56,71,77,83,35,
1998-12-19,101,3,6,13,28,49,50,33,
1998-12-23,102,3,9,14,26,47,79,81,
1998-12-28,103,14,43,46,65,71,82,22,
1998-12-30,104,30,36,45,49,63,89,46,
1999-01-02,1,10,12,54,58,72,88,23,
1999-01-07,2,34,43,44,45,53,58,64,
1999-01-09,3,1,6,13,23,53,77,20,
1999-01-13,4,18,23,45,51,61,86,29,
1999-01-16,5,7,9,12,37,86,90,87,
1999-01-20,6,1,43,45,48,51,56,18,
1999-01-23,7,36,45,46,47,74,75,69,
1999-01-27,8,8,48,65,72,83,88,67,
1999-01-30,9,14,20,40,58,68,84,88,
1999-02-03,10,45,67,70,80,81,89,3,
1999-02-06,11,9,10,26,30,44,54,62,
1999-02-10,12,4,8,12,17,19,80,84,
1999-02-13,13,12,20,23,34,67,87,46,
1999-02-17,14,24,45,49,63,78,83,4,
1999-02-20,15,4,26,59,63,69,74,86,
1999-02-24,16,17,19,32,41,52,87,23,
1999-02-27,17,6,7,42,55,75,88,67,
1999-03-03,18,40,41,51,62,66,80,77,
1999-03-06,19,27,41,44,50,68,73,21,
1999-03-10,20,11,20,56,69,72,76,32,
1999-03-13,21,6,18,20,34,72,90,17,
1999-03-17,22,3,7,14,45,68,70,39,
1999-03-20,23,43,71,80,84,88,89,73,
1999-03-24,24,4,26,34,61,76,81,67,
1999-03-27,25,7,18,27,80,81,83,87,
1999-03-31,26,25,60,64,71,75,85,18,
1999-04-03,27,33,41,47,48,60,80,17,
1999-04-07,28,13,27,40,46,70,84,28,
1999-04-10,29,4,11,14,17,25,32,61,
1999-04-14,30,34,63,70,77,83,90,43,
1999-04-17,31,4,6,25,32,73,83,64,
1999-04-21,32,20,53,55,61,64,74,46,
1999-04-24,33,20,22,33,44,50,74,60,
1999-04-28,34,1,51,53,55,73,86,41,
1999-05-03,35,8,49,50,65,66,69,75,
1999-05-05,36,3,10,28,71,81,88,84,
1999-05-08,37,11,14,15,30,68,81,82,
1999-05-12,38,3,7,10,37,57,86,49,
1999-05-15,39,7,33,54,72,73,90,24,
1999-05-19,40,10,23,35,64,74,90,52,
1999-05-22,41,3,28,38,43,73,75,1,
1999-05-26,42,3,4,13,16,59,70,22,
1999-05-29,43,10,34,44,49,62,79,47,
1999-06-02,44,2,16,17,65,69,72,60,
1999-06-05,45,9,36,52,76,77,90,54,
1999-06-09,46,16,32,35,45,72,77,6,
1999-06-12,47,32,35,57,74,79,84,70,
1999-06-16,48,5,20,29,41,56,86,81,
1999-06-19,49,13,23,31,58,67,68,22,
1999-06-23,50,31,36,37,71,86,90,13,
1999-06-26,51,8,19,23,37,65,77,48,
1999-06-30,52,13,22,44,74,77,87,76,
1999-07-03,53,3,6,7,53,65,90,14,
1999-07-07,54,38,46,63,82,83,87,1,
1999-07-10,55,1,4,42,67,75,77,31,
1999-07-14,56,4,48,60,63,84,88,62,
1999-07-17,57,5,22,35,38,74,82,36,
1999-07-21,58,11,19,26,58,67,89,1,
1999-07-24,59,13,16,23,52,67,78,76,
1999-07-28,60,13,64,68,84,89,90,85,
1999-07-31,61,5,34,44,73,77,83,65,
1999-08-04,62,12,23,46,54,78,90,85,
1999-08-07,63,4,16,29,58,69,88,54,
1999-08-11,64,10,19,24,29,42,67,39,
1999-08-14,65,45,64,73,80,81,85,11,
1999-08-18,66,13,16,51,56,65,67,35,
1999-08-21,67,1,32,37,63,67,69,90,
1999-08-25,68,1,25,28,39,51,89,62,
1999-08-28,69,7,12,14,16,24,45,54,
1999-09-01,70,5,19,26,32,67,87,65,
1999-09-04,71,38,40,41,69,76,81,78,
1999-09-08,72,15,38,48,74,75,80,81,
1999-09-11,73,25,40,57,59,76,82,55,
1999-09-15,74,17,20,27,29,72,73,85,
1999-09-18,75,12,15,33,60,79,88,8,
1999-09-22,76,1,11,40,50,53,80,68,
1999-09-25,77,6,27,37,38,47,79,23,
1999-09-29,78,4,16,27,55,67,72,3,
1999-10-02,79,6,10,38,48,49,65,61,
1999-10-06,80,38,58,61,64,82,87,68,
1999-10-09,81,12,35,40,59,78,80,44,
1999-10-13,82,6,24,30,34,37,71,82,
1999-10-16,83,3,35,45,47,54,70,30,
1999-10-20,84,22,26,58,60,67,88,49,
1999-10-23,85,24,46,57,73,79,81,77,
1999-10-27,86,6,25,34,72,76,82,12,
1999-10-30,87,16,21,29,39,70,90,76,
1999-11-03,88,19,42,64,68,72,86,45,
1999-11-06,89,6,7,37,67,80,87,22,
1999-11-10,90,21,45,55,61,73,80,77,
1999-11-13,91,3,23,61,82,83,88,64,
1999-11-17,92,6,51,73,78,80,81,34,
1999-11-20,93,20,31,45,62,76,81,51,
1999-11-24,94,12,16,24,48,53,58,85,
1999-11-27,95,14,20,57,79,85,88,69,
1999-12-01,96,1,13,24,39,44,45,83,
1999-12-04,97,13,39,62,63,66,76,11,
1999-12-09,98,20,32,37,44,75,88,72,
1999-12-11,99,6,27,50,57,77,80,22,
1999-12-15,100,18,21,28,35,41,85,66,
1999-12-18,101,13,42,57,61,63,82,45,
1999-12-22,102,6,9,32,47,59,60,83,
1999-12-27,103,20,21,63,71,75,79,15,
1999-12-29,104,14,15,20,42,70,88,28,
2000-01-03,1,17,38,48,51,55,62,59,
2000-01-05,2,2,13,31,37,38,82,39,
2000-01-08,3,6,15,47,71,75,86,78,
2000-01-12,4,3,15,48,74,76,81,34,
2000-01-15,5,11,21,22,50,59,63,42,
2000-01-19,6,20,29,39,54,57,71,28,
2000-01-22,7,15,21,55,60,70,90,34,
2000-01-26,8,2,57,62,63,73,87,55,
2000-01-29,9,55,65,68,70,73,80,89,
2000-02-02,10,12,13,28,30,47,63,35,
2000-02-05,11,17,48,52,64,86,87,60,
2000-02-09,12,6,36,49,51,52,76,35,
2000-02-12,13,4,33,67,71,81,82,72,
2000-02-16,14,8,27,39,51,54,90,71,
2000-02-19,15,25,28,37,51,54,81,4,
2000-02-23,16,44,53,61,65,86,89,49,
2000-02-26,17,4,35,48,57,69,90,34,
2000-03-01,18,27,32,37,70,82,88,52,
2000-03-04,19,7,19,29,33,40,88,80,
2000-03-08,20,4,13,15,20,32,41,28,
2000-03-11,21,28,42,46,56,74,87,43,
2000-03-15,22,8,17,35,61,78,89,9,
2000-03-18,23,8,58,76,81,85,87,65,
2000-03-22,24,2,19,22,57,65,89,61,
2000-03-25,25,15,27,47,51,62,63,20,
2000-03-29,26,1,6,12,26,57,70,28,
2000-04-01,27,3,9,30,58,60,88,37,
2000-04-05,28,10,17,33,38,67,71,73,
2000-04-08,29,3,12,26,47,54,87,90,
2000-04-12,30,18,24,45,58,62,80,4,
2000-04-15,31,2,27,33,47,53,86,65,
2000-04-19,32,5,53,64,74,77,88,78,
2000-04-22,33,24,35,39,48,82,85,66,
2000-04-26,34,17,51,67,70,82,86,49,
2000-04-29,35,8,42,45,59,68,88,9,
2000-05-03,36,1,13,37,53,62,71,9,
2000-05-06,37,23,26,34,56,66,85,44,
2000-05-10,38,9,12,19,39,82,86,69,
2000-05-13,39,32,38,40,59,62,79,2,
2000-05-17,40,11,14,19,32,78,89,9,
2000-05-20,41,19,32,41,42,67,77,79,
2000-05-24,42,8,10,22,72,87,90,39,
2000-05-27,43,3,25,39,50,53,67,51,
2000-05-31,44,4,8,19,39,63,70,66,
2000-06-03,45,6,17,31,33,43,66,78,
2000-06-07,46,2,4,23,38,53,59,17,
2000-06-10,47,3,16,37,56,58,79,18,
2000-06-14,48,15,25,50,64,80,89,72,
2000-06-17,49,29,32,35,49,69,71,70,
2000-06-21,50,12,15,34,43,55,75,70,
2000-06-24,51,1,28,52,53,63,77,11,
2000-06-28,52,3,17,18,41,63,89,48,
2000-07-01,53,19,39,43,48,62,76,5,
2000-07-05,54,12,34,35,50,63,88,69,
2000-07-08,55,4,6,8,41,76,80,60,
2000-07-12,56,11,15,16,43,49,84,48,
2000-07-15,57,5,18,24,51,55,74,17,
2000-07-19,58,6,37,53,60,66,72,26,
2000-07-22,59,10,13,42,54,66,81,1,
2000-07-26,60,3,37,40,49,53,83,44,
2000-07-29,61,29,31,56,57,76,79,43,
2000-08-02,62,4,39,56,59,65,78,61,
2000-08-05,63,23,36,56,78,80,83,40,
2000-08-09,64,18,36,47,62,75,80,41,
2000-08-12,65,9,19,52,68,70,74,88,
2000-08-16,66,14,21,27,49,82,83,36,
2000-08-19,67,5,30,32,35,55,87,86,
2000-08-23,68,11,13,20,41,76,89,29,
2000-08-26,69,4,14,15,19,76,85,89,
2000-08-30,70,8,16,59,61,78,90,45,
2000-09-02,71,28,44,49,57,64,89,87,
2000-09-06,72,7,11,48,49,64,72,8,
2000-09-09,73,3,6,10,26,43,72,89,
2000-09-13,74,1,45,48,69,70,89,26,
2000-09-16,75,8,9,17,37,49,86,30,
2000-09-20,76,12,14,29,49,62,82,79,
2000-09-23,77,12,51,56,73,85,88,25,
2000-09-27,78,5,48,71,84,85,87,22,
2000-09-30,79,25,35,52,55,60,68,75,
2000-10-04,80,2,3,15,16,24,67,7,
2000-10-07,81,8,10,16,21,39,65,2,
2000-10-11,82,11,54,64,70,73,77,66,
2000-10-14,83,24,35,37,63,81,85,25,
2000-10-18,84,15,33,41,48,52,56,82,
2000-10-21,85,1,10,23,40,68,75,14,
2000-10-25,86,2,38,39,41,61,76,21,
2000-10-28,87,6,21,29,43,80,89,5,
2000-11-02,88,2,55,76,78,81,85,71,
2000-11-04,89,19,21,28,50,53,62,64,
2000-11-08,90,22,42,50,53,78,83,40,
2000-11-11,91,9,27,45,66,68,71,83,
2000-11-15,92,1,25,26,28,53,79,73,
2000-11-18,93,3,21,42,49,64,85,66,
2000-11-22,94,14,25,39,50,72,89,59,
2000-11-25,95,3,14,49,52,65,81,42,
2000-11-29,96,13,17,29,32,35,49,56,
2000-12-02,97,6,11,17,18,20,59,55,
2000-12-06,98,9,16,48,70,75,77,64,
2000-12-09,99,39,55,62,77,82,88,78,
2000-12-13,100,8,54,62,63,66,84,45,
2000-12-16,101,23,33,36,55,76,79,44,
2000-12-20,102,26,36,43,47,64,90,23,
2000-12-23,103,11,33,59,68,84,85,62,
2000-12-27,104,1,5,14,20,39,58,76,
2000-12-30,105,1,8,26,33,47,70,72,
2001-01-03,1,15,25,26,33,41,62,51,
2001-01-08,2,16,19,61,69,72,84,59,
2001-01-10,3,8,14,30,31,35,76,75,
2001-01-13,4,44,50,57,81,83,90,5,
2001-01-17,5,16,22,35,41,53,62,71,
2001-01-20,6,14,25,28,42,82,90,31,
2001-01-24,7,29,42,56,65,80,90,78,
2001-01-27,8,2,6,18,20,49,83,15,
2001-01-31,9,28,46,65,70,77,86,53,
2001-02-03,10,2,8,13,39,47,89,33,
2001-02-07,11,4,23,56,63,71,89,84,
2001-02-10,12,4,36,41,49,56,82,62,
2001-02-14,13,15,22,38,62,83,86,57,
2001-02-17,14,9,17,30,37,40,46,74,
2001-02-21,15,6,28,46,55,56,62,64,
2001-02-24,16,25,26,75,78,79,80,56,
2001-02-28,17,33,43,59,77,83,86,12,
2001-03-03,18,5,13,18,40,51,56,82,
2001-03-07,19,32,34,40,45,65,71,89,
2001-03-10,20,18,39,61,68,74,75,22,
2001-03-14,21,28,35,36,62,66,70,67,
2001-03-17,22,8,19,46,49,73,85,72,
2001-03-21,23,39,43,56,61,65,81,28,
2001-03-24,24,2,8,24,36,80,84,79,
2001-03-28,25,11,39,63,64,74,88,28,
2001-03-31,26,12,14,17,32,50,58,13,
2001-04-04,27,2,23,48,57,63,89,11,
2001-04-07,28,5,12,40,61,63,88,31,
2001-04-11,29,11,41,52,71,81,89,38,
2001-04-14,30,10,11,64,74,82,88,33,
2001-04-18,31,10,26,32,41,42,54,31,
2001-04-21,32,2,7,12,31,38,71,63,
2001-04-26,33,4,22,27,45,58,86,55,
2001-04-28,34,2,14,32,43,44,55,12,
2001-05-02,35,2,45,59,70,75,82,26,
2001-05-05,36,9,22,26,67,71,89,36,
2001-05-09,37,7,30,47,76,83,89,11,
2001-05-12,38,3,32,37,42,43,89,57,
2001-05-16,39,13,15,18,49,65,73,67,
2001-05-19,40,6,36,52,68,80,81,87,
2001-05-23,41,8,39,55,56,57,63,45,
2001-05-26,42,5,26,37,43,45,64,54,
2001-05-30,43,11,18,42,44,45,83,7,
2001-06-04,44,36,48,70,77,82,88,37,
2001-06-06,45,7,18,44,48,51,63,73,
2001-06-09,46,4,18,24,29,41,59,40,
2001-06-13,47,58,61,70,78,84,87,83,
2001-06-16,48,7,12,19,21,60,81,4,
2001-06-20,49,25,32,34,54,64,83,56,
2001-06-23,50,4,15,22,34,77,87,81,
2001-06-27,51,16,20,27,31,32,77,14,
2001-06-30,52,22,31,45,68,84,88,54,
2001-07-04,53,13,29,40,61,73,81,4,
2001-07-07,54,10,50,53,78,82,86,90,
2001-07-11,55,7,10,23,33,68,85,30,
2001-07-14,56,1,31,44,59,64,77,53,
2001-07-18,57,4,22,37,43,63,80,46,
2001-07-21,58,3,9,35,65,80,84,26,
2001-07-25,59,39,56,64,75,76,90,53,
2001-07-28,60,27,31,34,47,58,75,62,
2001-08-01,61,5,39,43,53,63,82,33,
2001-08-04,62,5,22,49,63,65,66,76,
2001-08-08,63,1,8,14,27,83,87,5,
2001-08-11,64,21,25,31,44,49,52,61,
2001-08-16,65,7,58,61,62,73,74,79,
2001-08-18,66,6,7,14,53,54,85,3,
2001-08-22,67,10,12,38,57,72,84,11,
2001-08-25,68,1,9,27,36,68,70,85,
2001-08-29,69,5,11,44,57,86,90,39,
2001-09-01,70,10,11,16,45,46,55,31,
2001-09-05,71,8,43,53,69,74,79,75,
2001-09-08,72,12,25,49,53,67,73,37,
2001-09-12,73,3,5,10,32,44,75,49,
2001-09-15,74,2,14,38,53,56,71,48,
2001-09-19,75,10,21,30,45,55,57,64,
2001-09-22,76,22,26,27,28,72,73,1,
2001-09-26,77,14,62,69,70,86,88,9,
2001-09-29,78,3,4,7,55,61,77,75,
2001-10-03,79,14,42,45,49,71,86,72,
2001-10-06,80,3,11,43,50,85,88,45,
2001-10-10,81,14,35,37,52,66,72,12,
2001-10-13,82,13,28,45,58,70,86,60,
2001-10-17,83,18,49,60,64,80,84,79,
2001-10-20,84,16,19,20,30,31,47,83,
2001-10-24,85,12,23,48,70,85,86,78,
2001-10-27,86,25,32,36,46,57,58,73,
2001-10-31,87,5,11,17,21,28,63,50,
2001-11-03,88,7,24,30,59,66,89,74,
2001-11-07,89,8,10,23,35,40,46,9,
2001-11-10,90,1,34,42,50,70,72,11,
2001-11-14,91,3,4,16,36,74,89,40,
2001-11-17,92,1,7,10,23,66,88,18,
2001-11-21,93,14,53,55,65,83,87,74,
2001-11-24,94,6,7,16,51,62,83,36,
2001-11-28,95,21,32,35,40,66,83,50,
2001-12-01,96,32,48,50,55,58,86,4,
2001-12-05,97,14,32,47,48,63,79,46,
2001-12-10,98,5,19,40,51,85,87,88,
2001-12-12,99,4,14,20,61,75,78,56,
2001-12-15,100,1,14,68,70,75,83,89,
2001-12-19,101,19,25,49,53,81,84,64,
2001-12-22,102,3,21,32,48,59,68,18,
2001-12-27,103,20,21,26,53,80,90,4,
2001-12-29,104,24,26,49,53,68,83,29,
2001-12-31,105,41,51,54,63,66,69,35,
2002-01-02,1,23,31,33,39,74,84,45,
2002-01-05,2,50,52,54,76,77,86,64,
2002-01-09,3,15,30,37,52,61,87,10,
2002-01-12,4,12,26,45,75,82,84,33,
2002-01-16,5,3,13,20,35,46,58,71,
2002-01-19,6,15,19,30,46,47,71,72,
2002-01-23,7,12,41,52,55,84,85,45,
2002-01-26,8,25,33,41,51,66,76,28,
2002-01-30,9,3,6,34,49,79,83,32,
2002-02-02,10,21,28,60,68,71,88,89,
2002-02-06,11,29,37,53,62,79,85,51,
2002-02-09,12,9,35,45,77,85,87,72,
2002-02-13,13,14,39,53,55,73,87,3,
2002-02-16,14,6,36,37,59,61,62,38,
2002-02-20,15,1,61,66,70,78,81,85,
2002-02-23,16,14,17,56,59,69,88,13,
2002-02-27,17,29,33,40,47,54,87,27,
2002-03-02,18,19,26,28,45,86,88,79,
2002-03-06,19,5,6,32,61,67,85,35,
2002-03-09,20,44,56,57,76,86,88,19,
2002-03-13,21,20,40,64,68,76,90,59,
2002-03-16,22,5,30,34,50,82,84,28,
2002-03-20,23,15,35,42,45,55,77,43,
2002-03-23,24,1,29,35,38,45,51,86,
2002-03-27,25,3,11,16,38,69,82,17,
2002-03-30,26,30,56,57,73,82,84,41,
2002-04-03,27,15,37,40,47,64,81,49,
2002-04-06,28,19,23,29,44,69,89,60,
2002-04-10,29,2,28,43,57,79,90,15,
2002-04-13,30,18,21,76,79,80,84,57,
2002-04-17,31,24,27,35,43,64,88,8,
2002-04-20,32,19,42,45,51,62,88,18,
2002-04-24,33,27,42,45,62,74,87,2,
2002-04-27,34,21,37,41,45,60,71,23,
2002-05-02,35,7,15,17,26,36,54,10,
2002-05-04,36,1,6,60,61,69,86,3,
2002-05-08,37,25,55,57,67,69,86,2,
2002-05-11,38,10,17,51,54,62,65,81,
2002-05-15,39,23,26,34,35,71,84,53,
2002-05-18,40,13,28,31,58,59,79,45,
2002-05-22,41,12,26,27,42,66,89,41,
2002-05-25,42,40,46,49,62,77,88,2,
2002-05-29,43,21,36,38,72,79,82,25,
2002-06-01,44,38,50,58,80,85,90,84,
2002-06-05,45,4,41,43,51,85,89,64,
2002-06-08,46,1,38,70,75,83,86,52,
2002-06-12,47,37,51,58,62,63,86,78,
2002-06-15,48,8,16,33,64,71,86,90,
2002-06-19,49,22,24,30,58,60,89,26,
2002-06-22,50,16,37,42,46,60,64,11,
2002-06-26,51,9,11,17,38,81,88,46,
2002-06-29,52,1,4,50,66,69,77,42,
2002-07-03,53,14,21,34,37,66,73,74,
2002-07-06,54,3,15,28,76,83,86,56,
2002-07-10,55,19,37,50,73,75,85,61,
2002-07-13,56,21,38,63,70,71,83,7,
2002-07-17,57,17,20,44,57,71,76,14,
2002-07-20,58,11,19,57,63,84,89,35,
2002-07-24,59,5,17,44,62,80,88,69,
2002-07-27,60,11,20,24,31,40,49,88,
2002-07-31,61,8,12,36,62,68,81,51,
2002-08-03,62,23,26,32,52,71,75,35,
2002-08-07,63,7,8,53,72,82,84,22,
2002-08-10,64,16,29,32,40,48,70,38,
2002-08-14,65,5,7,20,25,38,59,63,
2002-08-17,66,15,30,33,35,87,88,90,
2002-08-21,67,17,23,33,44,46,69,7,
2002-08-24,68,8,25,26,38,66,79,49,
2002-08-28,69,1,7,42,49,77,88,46,
2002-08-31,70,21,28,29,36,45,54,5,
2002-09-04,71,10,41,52,53,61,88,89,
2002-09-07,72,16,51,57,64,72,90,63,
2002-09-11,73,16,23,55,83,86,89,9,
2002-09-14,74,20,23,30,44,78,88,56,
2002-09-18,75,11,18,55,77,81,85,58,
2002-09-21,76,1,10,16,51,76,89,49,
2002-09-25,77,23,50,54,56,78,83,65,
2002-09-28,78,34,56,61,62,70,77,59,
2002-10-02,79,14,18,54,63,70,87,74,
2002-10-05,80,9,15,25,40,44,71,84,
2002-10-09,81,21,22,52,59,65,76,40,
2002-10-12,82,1,2,8,12,48,66,28,
2002-10-16,83,10,27,37,57,66,78,9,
2002-10-19,84,10,21,23,35,55,89,53,
2002-10-23,85,40,43,46,57,77,82,47,
2002-10-26,86,27,70,73,84,88,90,4,
2002-10-30,87,13,15,36,78,82,86,67,
2002-11-02,88,1,15,22,33,42,80,53,
2002-11-06,89,11,13,25,59,61,87,77,
2002-11-09,90,12,34,39,52,61,83,7,
2002-11-13,91,5,44,45,53,73,89,41,
2002-11-16,92,5,11,23,47,58,60,8,
2002-11-20,93,18,26,44,51,63,90,68,
2002-11-23,94,14,42,68,69,80,85,54,
2002-11-27,95,10,16,20,26,48,56,63,
2002-11-30,96,17,34,35,56,65,85,61,
2002-12-03,97,4,5,11,26,34,36,72,
2002-12-05,98,14,17,21,31,33,69,78,
2002-12-07,99,6,17,23,55,56,68,41,
2002-12-10,100,22,31,63,76,78,79,58,
2002-12-12,101,3,8,21,33,46,86,37,
2002-12-14,102,14,35,36,47,58,69,89,
2002-12-17,103,5,27,30,31,34,86,87,
2002-12-19,104,18,27,49,59,81,88,17,
2002-12-21,105,2,27,52,65,70,82,90,
2002-12-24,106,1,3,6,42,81,83,87,
2002-12-27,107,33,41,49,50,73,87,27,
2002-12-28,108,14,17,62,75,76,85,35,
2002-12-31,109,24,31,37,45,71,81,72,
2003-01-02,1,6,18,34,43,58,80,8,
2003-01-04,2,16,17,26,28,37,85,55,
2003-01-08,3,5,26,49,50,73,90,65,
2003-01-11,4,11,12,27,39,67,90,34,
2003-01-15,5,2,46,49,56,82,84,37,
2003-01-18,6,50,62,70,75,82,90,74,
2003-01-22,7,51,57,58,69,86,89,7,
2003-01-25,8,33,37,41,56,65,82,10,
2003-01-29,9,5,11,22,27,36,90,84,
2003-02-01,10,14,24,40,56,81,90,20,
2003-02-05,11,12,18,54,71,80,85,24,
2003-02-08,12,3,14,31,32,64,79,50,
2003-02-12,13,14,22,24,34,60,85,61,
2003-02-15,14,3,9,12,36,71,85,8,
2003-02-19,15,12,19,51,61,62,90,1,
2003-02-22,16,17,41,45,81,82,88,39,
2003-02-26,17,1,41,48,49,84,87,80,
2003-03-01,18,8,12,27,72,80,84,19,
2003-03-05,19,29,40,57,67,76,79,87,
2003-03-08,20,8,27,34,42,83,88,24,
2003-03-12,21,5,27,30,58,78,82,68,
2003-03-15,22,23,27,43,56,71,75,58,
2003-03-19,23,1,17,46,58,67,75,41,
2003-03-22,24,32,34,37,49,52,68,71,
2003-03-26,25,15,37,43,51,61,89,79,
2003-03-29,26,1,31,54,80,81,85,26,
2003-04-02,27,27,28,40,63,67,78,83,
2003-04-05,28,12,18,47,63,75,81,60,
2003-04-09,29,4,14,16,44,76,77,15,
2003-04-12,30,4,61,63,79,84,85,3,
2003-04-16,31,15,22,37,64,88,90,26,
2003-04-19,32,11,26,45,53,69,75,64,
2003-04-23,33,11,21,40,66,68,83,89,
2003-04-26,34,10,18,26,39,62,68,86,
2003-04-30,35,35,38,60,68,74,86,53,
2003-05-03,36,2,6,12,17,19,63,50,
2003-05-07,37,1,2,4,19,26,89,6,
2003-05-10,38,22,38,46,47,77,86,53,
2003-05-14,39,16,21,38,44,67,87,28,
2003-05-17,40,5,39,61,75,79,90,38,
2003-05-21,41,5,28,48,53,75,88,4,
2003-05-24,42,12,35,54,58,61,65,60,
2003-05-28,43,40,44,62,76,85,90,10,
2003-05-31,44,30,44,47,48,53,56,72,
2003-06-04,45,17,29,35,45,76,84,51,
2003-06-07,46,15,37,38,57,76,87,30,
2003-06-11,47,7,32,40,43,47,87,5,
2003-06-14,48,6,25,46,59,71,83,61,
2003-06-18,49,2,12,26,30,65,74,39,
2003-06-21,50,7,19,39,45,48,86,90,
2003-06-25,51,1,9,40,59,73,74,70,
2003-06-28,52,14,18,34,48,49,74,4,
2003-07-02,53,9,13,16,17,34,57,37,
2003-07-05,54,50,62,68,70,74,80,22,
2003-07-09,55,36,38,39,66,76,83,3,
2003-07-12,56,10,11,46,80,83,88,15,
2003-07-16,57,15,18,29,37,47,50,22,
2003-07-19,58,7,14,27,47,80,87,33,
2003-07-23,59,1,10,35,57,67,78,85,
2003-07-26,60,3,4,8,28,77,86,68,
2003-07-30,61,7,18,46,74,82,90,60,
2003-08-02,62,12,41,45,51,66,77,40,
2003-08-06,63,8,21,24,42,72,73,51,
2003-08-09,64,37,48,55,76,87,90,71,
2003-08-13,65,9,11,39,44,49,86,47,
2003-08-16,66,35,52,55,61,80,83,36,
2003-08-20,67,8,9,10,18,42,63,49,
2003-08-23,68,6,42,68,70,75,87,73,
2003-08-27,69,1,8,22,28,64,77,21,
2003-08-30,70,2,5,36,61,86,88,44,
2003-09-03,71,18,45,47,56,77,78,52,
2003-09-06,72,16,17,49,50,74,81,19,
2003-09-10,73,39,50,51,64,72,81,18,
2003-09-13,74,1,18,34,39,48,64,8,
2003-09-17,75,25,33,64,67,68,73,58,
2003-09-20,76,42,44,51,64,65,77,35,
2003-09-24,77,3,26,39,41,56,61,82,
2003-09-27,78,17,52,55,65,82,90,85,
2003-10-01,79,17,55,66,81,86,89,19,
2003-10-04,80,22,62,68,73,75,87,47,
2003-10-08,81,1,8,26,41,70,84,2,
2003-10-11,82,13,16,25,45,47,55,22,
2003-10-15,83,11,26,30,34,43,73,40,
2003-10-18,84,1,4,14,41,44,82,30,
2003-10-22,85,14,15,64,76,80,86,81,
2003-10-25,86,49,54,55,62,66,88,12,
2003-10-29,87,2,12,20,52,54,63,69,
2003-11-03,88,9,25,37,73,80,81,13,
2003-11-05,89,13,14,24,29,73,79,46,
2003-11-08,90,7,30,43,52,57,82,75,
2003-11-12,91,18,29,32,55,79,82,52,
2003-11-15,92,35,54,78,81,86,88,50,
2003-11-19,93,2,11,23,31,40,86,29,
2003-11-22,94,3,27,54,65,81,83,58,
2003-11-26,95,46,66,68,70,78,79,54,
2003-11-29,96,38,50,63,65,84,88,26,
2003-12-03,97,7,20,29,55,71,81,59,
2003-12-06,98,1,2,18,27,43,47,78,
2003-12-10,99,6,37,62,73,79,90,48,
2003-12-13,100,20,48,50,58,65,78,62,
2003-12-17,101,1,3,42,48,73,83,4,
2003-12-20,102,3,36,40,42,54,59,64,
2003-12-24,103,3,19,33,36,72,84,54,
2003-12-27,104,7,19,37,51,53,74,77,
2003-12-31,105,3,15,31,36,43,82,57,
2004-01-03,1,29,32,36,72,77,82,20,
2004-01-07,2,2,33,41,56,62,74,14,
2004-01-10,3,15,25,26,32,51,61,63,
2004-01-14,4,5,15,59,65,70,82,14,
2004-01-17,5,4,6,19,40,60,79,89,
2004-01-21,6,3,36,53,64,80,90,4,
2004-01-24,7,22,27,48,52,81,83,43,
2004-01-28,8,7,41,48,54,72,88,12,
2004-01-31,9,4,11,26,53,63,66,8,
2004-02-04,10,11,30,51,54,88,90,2,
2004-02-07,11,17,24,34,59,72,82,40,
2004-02-11,12,12,19,38,43,52,85,33,
2004-02-14,13,17,35,41,81,82,86,13,
2004-02-18,14,12,20,55,79,81,82,2,
2004-02-21,15,4,13,18,58,71,84,3,
2004-02-25,16,66,72,76,77,81,85,82,
2004-02-28,17,11,29,60,61,82,84,33,
2004-03-03,18,12,23,52,69,75,85,43,
2004-03-06,19,8,19,25,49,50,54,40,
2004-03-10,20,30,52,55,65,71,80,39,
2004-03-13,21,4,8,12,44,77,88,71,
2004-03-17,22,5,17,53,56,61,83,86,
2004-03-20,23,21,41,60,69,71,83,65,
2004-03-24,24,24,50,58,69,87,88,3,
2004-03-27,25,4,15,39,41,49,68,34,
2004-03-31,26,32,40,45,47,56,71,64,
2004-04-03,27,6,7,13,35,56,87,48,
2004-04-07,28,4,16,17,52,62,67,49,
2004-04-10,29,3,9,41,69,74,79,89,
2004-04-14,30,24,51,64,69,71,77,63,
2004-04-17,31,3,14,50,59,82,84,2,
2004-04-21,32,29,61,62,69,80,85,5,
2004-04-24,33,7,19,27,51,63,86,62,
2004-04-28,34,35,42,60,88,89,90,86,
2004-05-03,35,2,7,24,56,82,85,62,
2004-05-05,36,2,22,37,46,57,74,63,
2004-05-08,37,3,34,62,63,72,73,15,
2004-05-12,38,13,14,40,66,79,85,80,
2004-05-15,39,14,46,49,60,77,86,33,
2004-05-19,40,9,22,36,47,69,85,78,
2004-05-22,41,14,33,35,46,50,66,44,
2004-05-26,42,26,65,73,76,81,90,13,
2004-05-29,43,1,5,16,60,84,86,57,
2004-06-03,44,13,16,42,61,63,81,10,
2004-06-05,45,29,34,37,55,62,78,24,
2004-06-09,46,1,2,26,31,42,64,11,
2004-06-12,47,38,44,46,55,67,85,29,
2004-06-16,48,20,55,59,73,87,90,40,
2004-06-19,49,4,8,11,36,55,83,49,
2004-06-23,50,11,15,58,66,74,79,3,
2004-06-26,51,18,37,40,45,54,56,57,
2004-06-30,52,10,22,34,43,62,68,40,
2004-07-03,53,14,18,22,27,39,58,43,
2004-07-07,54,14,23,29,44,48,74,73,
2004-07-10,55,13,30,47,66,74,81,70,
2004-07-14,56,8,18,26,36,41,52,90,
2004-07-17,57,29,53,54,72,76,90,20,
2004-07-21,58,8,13,31,42,58,88,46,
2004-07-24,59,5,17,18,27,33,47,80,
2004-07-28,60,2,13,22,53,60,85,16,
2004-07-31,61,17,29,63,66,70,89,82,
2004-08-04,62,12,17,27,44,72,90,11,
2004-08-07,63,8,29,38,53,77,80,27,
2004-08-11,64,6,42,43,46,53,70,35,
2004-08-14,65,29,40,52,59,71,84,60,
2004-08-18,66,4,19,51,57,66,89,78,
2004-08-21,67,32,42,55,74,78,88,71,
2004-08-25,68,1,27,37,42,53,61,70,
2004-08-28,69,18,35,50,57,67,72,16,
2004-09-01,70,5,15,66,67,82,84,64,
2004-09-04,71,35,37,41,43,51,88,2,
2004-09-08,72,41,43,53,65,67,80,77,
2004-09-11,73,16,20,43,77,78,84,42,
2004-09-15,74,8,36,49,59,70,87,73,
2004-09-18,75,2,21,24,27,42,68,63,
2004-09-22,76,11,67,72,74,75,77,44,
2004-09-25,77,2,49,56,76,86,89,10,
2004-09-29,78,2,11,22,25,60,78,74,
2004-10-02,79,9,37,41,46,65,79,83,
2004-10-06,80,3,11,19,28,52,87,72,
2004-10-09,81,7,32,44,47,65,79,48,
2004-10-13,82,19,44,57,69,71,87,65,
2004-10-16,83,12,14,27,35,73,88,66,
2004-10-20,84,13,33,47,48,70,85,7,
2004-10-23,85,12,40,51,68,73,77,69,
2004-10-27,86,10,14,17,56,65,84,25,
2004-10-30,87,4,13,19,30,53,81,42,
2004-11-03,88,24,35,39,60,72,75,20,
2004-11-06,89,13,18,21,31,41,56,33,
2004-11-10,90,15,51,63,79,83,90,64,
2004-11-13,91,2,21,33,38,45,46,54,
2004-11-17,92,19,21,27,47,59,88,29,
2004-11-20,93,29,30,38,54,66,78,80,
2004-11-24,94,43,45,46,47,69,90,21,
2004-11-27,95,27,35,54,61,83,89,57,
2004-12-01,96,3,41,64,65,74,90,80,
2004-12-04,97,20,24,38,42,44,79,50,
2004-12-09,98,6,8,15,18,33,75,87,
2004-12-11,99,8,41,60,70,73,85,55,
2004-12-15,100,3,4,15,21,61,67,55,
2004-12-18,101,11,23,47,48,80,87,89,
2004-12-22,102,14,15,54,77,80,82,55,
2004-12-27,103,4,59,68,72,74,87,12,
2004-12-29,104,2,24,49,56,76,78,44,
2005-01-03,1,10,21,22,43,61,66,47,
2005-01-05,2,51,53,63,75,76,87,46,
2005-01-08,3,11,25,63,72,76,87,59,
2005-01-12,4,2,12,16,20,24,79,83,
2005-01-15,5,14,31,34,78,89,90,55,
2005-01-19,6,7,43,46,70,77,89,38,
2005-01-22,7,15,45,62,63,80,82,44,
2005-01-26,8,1,22,24,44,47,79,43,
2005-01-29,9,1,16,18,43,47,78,59,
2005-02-02,10,28,32,46,49,85,87,52,
2005-02-05,11,45,60,67,69,70,87,34,
2005-02-09,12,23,35,36,51,59,80,53,
2005-02-12,13,13,18,24,50,58,66,64,
2005-02-16,14,6,8,18,51,80,89,47,
2005-02-19,15,22,26,32,38,42,86,85,
2005-02-23,16,8,17,36,37,60,65,13,
2005-02-26,17,4,23,28,60,64,65,35,
2005-03-02,18,15,31,62,68,72,73,25,
2005-03-05,19,19,21,36,55,77,87,51,
2005-03-09,20,26,31,50,71,85,87,18,
2005-03-12,21,2,8,30,74,76,88,37,
2005-03-16,22,4,10,18,53,75,80,85,
2005-03-19,23,12,33,40,52,53,85,22,
2005-03-23,24,11,32,36,52,63,66,26,
2005-03-26,25,42,55,59,61,70,73,41,
2005-03-30,26,6,55,61,65,78,89,13,
2005-04-02,27,7,24,42,49,54,65,44,
2005-04-06,28,28,41,56,75,83,90,44,
2005-04-09,29,29,30,61,65,73,81,58,
2005-04-13,30,1,52,70,73,83,89,56,
2005-04-16,31,5,13,20,32,38,59,7,
2005-04-20,32,19,47,56,57,70,71,11,
2005-04-23,33,1,32,37,68,81,88,74,
2005-04-27,34,13,15,19,21,82,86,87,
2005-04-30,35,16,31,53,63,70,81,7,
2005-05-04,36,1,29,49,53,56,74,67,
2005-05-07,37,6,11,21,30,58,63,5,
2005-05-11,38,5,55,68,69,70,76,14,
2005-05-14,39,6,16,44,45,89,90,82,
2005-05-18,40,5,9,23,40,57,68,66,
2005-05-21,41,4,15,25,39,45,79,50,
2005-05-25,42,17,19,35,39,40,51,72,
2005-05-28,43,2,3,10,15,31,61,37,
2005-06-01,44,3,7,11,35,69,85,19,
2005-06-04,45,15,18,35,55,64,88,50,
2005-06-08,46,6,8,28,29,32,73,59,
2005-06-11,47,22,35,36,44,74,75,58,
2005-06-15,48,6,57,58,66,76,80,72,
2005-06-18,49,7,19,27,54,64,78,86,
2005-06-21,50,10,13,45,51,65,88,43,
2005-06-23,51,9,24,56,68,80,86,14,
2005-06-25,52,4,8,38,60,82,89,88,
2005-06-28,53,6,8,49,60,72,74,89,
2005-06-30,54,6,27,42,49,82,86,69,
2005-07-02,55,1,19,23,50,74,77,18,
2005-07-05,56,33,39,49,57,76,80,53,
2005-07-07,57,17,21,40,55,64,79,86,
2005-07-09,58,2,13,18,51,52,55,64,
2005-07-12,59,5,24,28,41,51,73,29,
2005-07-14,60,8,14,41,55,83,85,7,
2005-07-16,61,8,22,28,36,74,85,79,
2005-07-19,62,2,15,39,57,62,73,75,
2005-07-21,63,2,7,16,26,34,80,23,
2005-07-23,64,41,48,66,81,86,87,50,
2005-07-26,65,3,17,43,54,75,79,76,
2005-07-28,66,8,18,25,38,41,43,4,
2005-07-30,67,25,28,29,54,74,88,2,
2005-08-02,68,24,34,64,66,68,72,65,
2005-08-04,69,24,37,64,81,84,90,74,
2005-08-06,70,1,4,22,24,38,46,61,
2005-08-09,71,3,8,13,28,50,61,38,
2005-08-11,72,3,49,68,73,76,80,70,
2005-08-13,73,7,8,33,39,48,84,23,
2005-08-16,74,18,22,28,33,57,71,64,
2005-08-18,75,3,15,49,65,70,72,63,
2005-08-20,76,24,34,56,72,79,88,18,
2005-08-23,77,7,22,33,48,86,87,39,
2005-08-25,78,7,15,33,40,51,64,17,
2005-08-27,79,11,14,17,35,43,70,54,
2005-08-30,80,10,29,53,73,78,83,16,
2005-09-01,81,9,12,20,55,69,81,64,
2005-09-03,82,3,11,26,36,45,75,1,
2005-09-06,83,13,22,31,54,55,87,29,
2005-09-08,84,42,64,79,84,87,89,6,
2005-09-10,85,20,48,57,65,71,90,39,
2005-09-13,86,18,21,24,28,74,77,13,
2005-09-15,87,19,36,44,46,51,89,9,
2005-09-17,88,13,14,20,22,44,88,1,
2005-09-20,89,37,40,70,71,75,80,15,
2005-09-22,90,18,28,34,46,66,82,90,
2005-09-24,91,4,18,41,52,79,82,39,
2005-09-27,92,12,33,49,58,69,75,55,
2005-09-29,93,12,23,29,48,52,78,40,
2005-10-01,94,44,56,63,71,79,90,88,
2005-10-04,95,5,25,44,54,65,70,43,
2005-10-06,96,5,11,13,55,66,71,25,
2005-10-08,97,15,25,58,61,83,86,77,
2005-10-11,98,10,25,35,83,87,90,5,
2005-10-13,99,14,20,35,45,48,66,57,
2005-10-15,100,13,27,46,68,79,83,32,
2005-10-18,101,3,33,63,71,78,79,74,
2005-10-20,102,7,48,53,59,70,76,63,
2005-10-22,103,24,35,38,61,70,86,58,
2005-10-25,104,17,39,48,55,57,85,15,
2005-10-27,105,17,42,62,67,77,79,74,
2005-10-29,106,3,6,21,24,37,48,13,
2005-11-02,107,5,31,57,66,81,85,50,
2005-11-03,108,9,13,17,47,63,81,77,
2005-11-05,109,13,30,60,67,84,86,78,
2005-11-08,110,1,13,14,25,72,86,4,
2005-11-10,111,3,15,23,40,51,60,32,
2005-11-12,112,11,16,54,56,57,82,41,
2005-11-15,113,48,59,65,69,84,90,46,
2005-11-17,114,20,26,30,39,40,55,73,
2005-11-19,115,12,14,23,36,72,87,89,
2005-11-22,116,4,16,31,54,70,87,27,
2005-11-24,117,25,28,34,44,57,80,86,
2005-11-26,118,23,30,32,41,48,64,78,
2005-11-29,119,1,12,21,36,40,84,48,
2005-12-01,120,22,30,43,56,69,78,66,
2005-12-03,121,24,40,53,60,63,68,56,
2005-12-06,122,18,38,43,57,73,88,67,
2005-12-09,123,15,23,35,38,69,89,22,
2005-12-10,124,20,27,28,46,64,85,68,
2005-12-13,125,52,59,63,72,75,87,89,
2005-12-15,126,6,26,42,51,60,79,47,
2005-12-17,127,20,23,42,70,80,90,39,
2005-12-20,128,1,17,31,39,49,71,7,
2005-12-22,129,9,46,54,64,69,72,90,
2005-12-24,130,26,47,49,66,86,88,44,
2005-12-27,131,3,5,51,55,82,83,76,
2005-12-29,132,3,4,17,20,23,54,43,
2005-12-31,133,57,66,68,70,74,86,87,
2006-01-03,1,13,14,22,24,46,81,70,
2006-01-05,2,8,27,29,38,64,82,37,
2006-01-07,3,43,45,80,81,83,86,77,
2006-01-10,4,54,58,72,73,82,86,38,
2006-01-12,5,26,30,38,55,69,75,11,
2006-01-14,6,30,31,33,44,77,89,51,
2006-01-17,7,26,27,31,69,78,85,67,
2006-01-19,8,25,55,60,69,77,81,34,
2006-01-21,9,7,37,44,45,53,68,57,
2006-01-24,10,11,13,27,47,82,84,28,
2006-01-26,11,9,47,59,73,79,88,18,
2006-01-28,12,25,39,74,76,85,88,58,
2006-01-31,13,34,38,53,60,72,88,18,
2006-02-02,14,3,22,29,54,75,84,78,
2006-02-04,15,13,22,43,50,70,76,14,
2006-02-07,16,11,18,27,37,65,72,43,
2006-02-09,17,7,33,38,51,53,67,57,
2006-02-11,18,1,2,8,30,42,43,45,
2006-02-14,19,8,44,47,60,66,77,83,
2006-02-16,20,5,6,18,34,42,72,8,
2006-02-18,21,34,40,42,64,77,88,48,
2006-02-21,22,20,58,65,70,77,86,87,
2006-02-23,23,17,26,70,76,82,90,72,
2006-02-25,24,3,6,44,60,84,86,53,
2006-02-28,25,3,21,63,81,87,89,4,
2006-03-02,26,4,35,41,66,77,89,68,
2006-03-04,27,17,27,29,31,44,46,51,
2006-03-07,28,1,7,22,72,79,82,75,
2006-03-09,29,10,12,15,51,66,68,60,
2006-03-11,30,26,28,55,61,62,85,81,
2006-03-14,31,15,20,32,43,45,54,81,
2006-03-16,32,8,10,15,42,48,51,25,
2006-03-18,33,41,43,52,59,73,82,87,
2006-03-21,34,7,8,10,29,40,52,14,
2006-03-23,35,10,41,53,62,65,76,26,
2006-03-25,36,16,20,29,31,38,45,25,
2006-03-28,37,24,25,33,42,57,89,20,
2006-03-30,38,1,4,14,30,78,82,70,
2006-04-01,39,15,30,33,37,62,78,55,
2006-04-04,40,13,25,45,70,78,88,89,
2006-04-06,41,13,19,60,61,83,90,10,
2006-04-08,42,16,33,60,61,62,63,77,
2006-04-11,43,16,19,44,60,76,89,79,
2006-04-13,44,27,35,41,46,49,86,24,
2006-04-15,45,10,11,13,37,81,84,3,
2006-04-18,46,1,4,12,14,66,78,55,
2006-04-20,47,32,35,44,58,82,90,52,
2006-04-22,48,16,21,59,70,71,83,90,
2006-04-26,49,13,18,47,51,60,64,11,
2006-04-27,50,8,23,30,53,69,78,36,
2006-04-29,51,12,22,53,54,60,77,28,
2006-05-02,52,22,42,52,55,62,74,61,
2006-05-04,53,11,18,37,52,62,77,59,
2006-05-06,54,19,22,46,49,72,85,14,
2006-05-09,55,16,23,40,62,79,88,42,
2006-05-11,56,14,19,20,26,79,82,47,
2006-05-13,57,11,31,38,50,59,62,7,
2006-05-16,58,1,4,32,35,36,87,7,
2006-05-18,59,1,63,67,71,75,79,28,
2006-05-20,60,5,32,39,50,59,77,71,
2006-05-23,61,30,36,39,68,71,80,38,
2006-05-25,62,19,22,44,61,66,75,77,
2006-05-27,63,5,11,33,51,82,85,19,
2006-05-30,64,1,16,25,33,54,71,11,
2006-06-01,65,18,33,51,66,87,90,5,
2006-06-03,66,20,68,70,71,72,81,90,
2006-06-06,67,29,31,41,44,64,73,1,
2006-06-08,68,5,42,51,66,69,74,22,
2006-06-10,69,9,10,63,73,79,90,2,
2006-06-13,70,10,13,21,31,48,72,79,
2006-06-15,71,6,27,39,43,62,84,67,
2006-06-17,72,2,8,43,48,60,67,74,
2006-06-20,73,22,26,51,63,64,73,17,
2006-06-22,74,8,22,36,48,53,55,29,
2006-06-24,75,5,11,24,26,49,68,13,
2006-06-27,76,11,29,56,62,68,76,33,
2006-06-29,77,27,28,56,67,75,86,79,
2006-07-01,78,5,11,40,45,58,75,66,
2006-07-04,79,20,45,59,75,84,90,85,
2006-07-06,80,21,22,34,55,56,74,63,
2006-07-08,81,4,49,54,73,79,83,29,
2006-07-11,82,2,12,19,25,31,76,49,
2006-07-13,83,15,46,47,67,73,90,51,
2006-07-15,84,16,21,27,43,56,64,19,
2006-07-18,85,3,27,30,38,43,60,50,
2006-07-20,86,22,36,65,72,82,86,27,
2006-07-22,87,12,37,46,54,58,79,90,
2006-07-25,88,5,35,49,52,65,89,15,
2006-07-27,89,26,34,68,82,83,87,42,
2006-07-29,90,18,24,46,47,69,70,82,
2006-08-01,91,31,37,45,52,74,83,70,
2006-08-03,92,21,22,25,53,76,85,7,
2006-08-05,93,5,11,21,49,54,84,66,
2006-08-08,94,3,4,5,47,55,80,73,
2006-08-10,95,6,9,42,48,81,87,63,
2006-08-12,96,45,49,63,67,82,90,72,
2006-08-16,97,8,25,28,57,71,72,83,
2006-08-17,98,4,25,30,40,41,62,38,
2006-08-19,99,6,59,77,81,82,88,61,
2006-08-22,100,3,8,16,64,72,73,22,
2006-08-24,101,3,27,29,46,47,61,15,
2006-08-26,102,3,9,14,55,62,83,79,
2006-08-29,103,46,49,50,57,68,69,14,
2006-08-31,104,2,11,17,33,79,87,7,
2006-09-02,105,26,33,35,45,54,61,10,
2006-09-05,106,16,21,51,64,65,89,63,
2006-09-07,107,1,3,29,63,72,85,55,
2006-09-09,108,7,10,24,31,81,84,4,
2006-09-12,109,8,22,36,43,76,77,23,
2006-09-14,110,10,22,27,34,56,85,16,
2006-09-16,111,14,34,35,37,41,61,31,
2006-09-19,112,4,6,8,14,21,28,56,
2006-09-21,113,2,8,27,30,35,87,21,
2006-09-23,114,8,23,39,52,75,81,65,
2006-09-26,115,6,9,10,20,60,83,81,
2006-09-28,116,52,58,61,62,65,69,53,
2006-09-30,117,3,47,63,66,67,69,56,
2006-10-03,118,14,24,33,41,53,82,47,
2006-10-05,119,4,40,60,71,72,90,21,
2006-10-07,120,15,29,30,68,79,85,26,
2006-10-10,121,6,13,34,52,63,83,16,
2006-10-12,122,12,46,52,55,65,90,32,
2006-10-14,123,12,37,38,42,79,82,60,
2006-10-17,124,4,18,24,49,66,81,70,
2006-10-19,125,34,36,44,50,71,80,85,
2006-10-21,126,4,5,21,26,42,79,84,
2006-10-24,127,4,25,43,45,71,90,52,
2006-10-26,128,42,44,45,47,72,79,15,
2006-10-28,129,15,29,50,57,79,88,84,
2006-10-31,130,8,19,27,43,51,79,22,
2006-11-02,131,2,4,5,9,22,75,79,
2006-11-04,132,14,37,48,50,65,66,87,
2006-11-07,133,10,27,42,72,75,87,44,
2006-11-09,134,5,6,28,61,77,87,71,
2006-11-11,135,22,36,40,44,46,76,30,
2006-11-14,136,8,12,14,66,76,88,45,
2006-11-16,137,36,42,46,51,72,84,65,
2006-11-18,138,36,55,59,81,82,89,20,
2006-11-21,139,2,3,35,41,48,88,5,
2006-11-23,140,23,29,42,44,59,82,38,
2006-11-25,141,1,2,4,44,75,80,33,
2006-11-28,142,50,51,57,59,64,74,28,
2006-11-30,143,1,31,51,73,77,88,89,
2006-12-02,144,25,45,63,71,74,88,90,
2006-12-05,145,3,12,22,65,77,84,4,
2006-12-07,146,4,19,31,51,56,57,24,
2006-12-09,147,21,23,28,48,49,54,65,
2006-12-12,148,7,17,44,63,64,88,8,
2006-12-14,149,1,31,48,75,78,81,28,
2006-12-16,150,14,28,40,52,54,83,25,
2006-12-19,151,10,19,32,44,56,76,15,
2006-12-21,152,2,10,30,43,56,83,64,
2006-12-23,153,8,13,16,17,49,68,15,
2006-12-27,154,3,11,28,29,68,88,39,
2006-12-28,155,15,43,45,66,74,87,86,
2006-12-30,156,2,20,32,51,53,83,47,
2007-01-02,1,42,47,55,57,61,79,72,
2007-01-04,2,21,40,76,77,83,84,73,
2007-01-08,3,3,45,49,53,58,77,48,
2007-01-09,4,16,39,65,67,83,86,64,
2007-01-11,5,6,27,59,71,85,90,72,
2007-01-13,6,11,49,53,65,77,89,33,
2007-01-16,7,1,11,24,33,36,80,15,
2007-01-18,8,7,39,45,47,55,80,3,
2007-01-20,9,18,47,55,64,74,89,23,
2007-01-23,10,8,10,20,40,80,85,32,
2007-01-25,11,4,6,26,28,53,64,42,
2007-01-27,12,10,33,34,44,70,79,80,
2007-01-30,13,1,23,38,50,60,77,39,
2007-02-01,14,1,20,21,27,44,75,36,
2007-02-03,15,3,12,32,43,51,58,13,
2007-02-06,16,21,35,39,54,62,85,71,
2007-02-08,17,3,9,33,61,65,85,11,
2007-02-10,18,11,30,55,76,77,90,57,
2007-02-13,19,4,29,70,82,86,88,8,
2007-02-15,20,11,22,35,65,78,81,7,
2007-02-17,21,40,41,62,65,89,90,25,
2007-02-20,22,19,25,31,56,82,90,17,
2007-02-22,23,28,44,51,72,81,90,16,
2007-02-24,24,1,30,60,70,74,77,90,
2007-02-27,25,6,20,58,59,65,88,90,
2007-03-01,26,40,55,64,65,70,85,13,
2007-03-03,27,6,32,50,57,59,61,68,
2007-03-06,28,1,8,21,30,81,86,13,
2007-03-08,29,5,27,43,50,75,90,54,
2007-03-10,30,16,22,36,40,62,75,55,
2007-03-13,31,13,46,48,76,81,83,35,
2007-03-15,32,1,6,43,46,61,83,80,
2007-03-17,33,10,43,55,56,81,87,69,
2007-03-20,34,5,7,68,71,75,85,15,
2007-03-22,35,23,32,34,72,80,83,22,
2007-03-24,36,28,45,60,63,74,86,66,
2007-03-27,37,35,36,43,46,69,75,47,
2007-03-29,38,13,17,19,21,69,73,78,
2007-03-31,39,42,70,74,78,82,87,23,
2007-04-03,40,12,16,21,25,27,64,66,
2007-04-05,41,2,17,60,77,85,86,21,
2007-04-07,42,1,29,37,67,74,81,54,
2007-04-10,43,8,30,39,66,69,78,70,
2007-04-12,44,10,28,53,64,76,79,47,
2007-04-14,45,3,46,64,71,78,87,4,
2007-04-17,46,3,21,33,45,47,85,17,
2007-04-19,47,28,30,65,74,77,83,40,
2007-04-21,48,11,19,43,75,81,87,1,
2007-04-24,49,8,36,40,45,67,79,84,
2007-04-26,50,36,38,54,56,75,85,28,
2007-04-28,51,7,15,16,21,37,60,52,
2007-05-02,52,3,6,12,20,69,83,80,
2007-05-03,53,1,11,20,66,69,88,35,
2007-05-05,54,2,3,64,69,73,82,62,
2007-05-08,55,14,30,33,35,58,76,82,
2007-05-10,56,32,38,55,58,66,85,51,
2007-05-12,57,25,46,48,52,57,81,3,
2007-05-15,58,23,33,78,79,87,88,56,
2007-05-17,59,10,36,63,75,79,85,49,
2007-05-19,60,7,8,13,17,38,43,6,
2007-05-22,61,1,44,67,77,88,90,79,
2007-05-24,62,13,19,32,39,44,61,66,
2007-05-26,63,5,31,62,63,68,78,2,
2007-05-29,64,1,16,17,31,42,70,81,
2007-05-31,65,7,21,36,38,77,79,17,
2007-06-04,66,17,39,40,75,76,88,19,
2007-06-05,67,1,9,13,29,71,83,56,
2007-06-07,68,59,66,69,72,73,80,23,
2007-06-09,69,5,19,20,26,53,54,56,
2007-06-12,70,1,14,17,47,61,66,13,
2007-06-14,71,12,42,44,46,52,86,25,
2007-06-16,72,29,32,39,43,66,73,60,
2007-06-19,73,1,2,26,41,65,80,37,
2007-06-21,74,2,10,35,67,77,90,51,
2007-06-23,75,15,42,65,68,70,90,46,
2007-06-26,76,6,15,45,47,69,70,40,
2007-06-28,77,3,20,47,52,83,90,75,
2007-06-30,78,4,24,30,61,66,69,67,
2007-07-03,79,19,23,39,54,79,87,42,
2007-07-05,80,8,24,52,73,84,86,51,
2007-07-07,81,32,45,69,77,83,87,19,
2007-07-10,82,14,42,53,68,83,89,75,
2007-07-12,83,1,35,51,56,68,79,63,
2007-07-14,84,27,33,44,56,63,85,79,
2007-07-17,85,23,31,62,65,69,89,49,
2007-07-19,86,21,30,33,45,62,70,57,
2007-07-21,87,18,62,64,69,75,81,3,
2007-07-24,88,43,56,61,62,73,81,75,
2007-07-26,89,20,22,36,68,81,87,52,
2007-07-28,90,8,38,47,63,71,84,69,
2007-07-31,91,12,38,65,72,83,84,31,
2007-08-02,92,16,24,51,55,59,66,41,
2007-08-04,93,41,46,64,71,84,87,81,
2007-08-07,94,21,29,50,55,67,73,24,
2007-08-09,95,34,39,57,62,79,83,13,
2007-08-11,96,30,37,41,62,65,68,40,
2007-08-14,97,14,19,44,52,60,71,57,
2007-08-16,98,16,24,37,38,69,78,25,
2007-08-18,99,1,25,60,67,87,88,75,
2007-08-21,100,11,27,45,53,55,58,34,
2007-08-23,101,8,46,49,55,80,87,64,
2007-08-25,102,4,23,25,30,34,57,40,
2007-08-28,103,6,18,36,75,81,83,72,
2007-08-30,104,19,48,49,56,60,88,76,
2007-09-01,105,1,35,37,39,57,84,67,
2007-09-04,106,5,6,9,51,62,66,10,
2007-09-06,107,9,16,22,25,26,70,64,
2007-09-08,108,9,31,32,47,70,89,19,
2007-09-11,109,3,4,19,39,73,78,80,
2007-09-13,110,15,23,59,65,78,82,41,
2007-09-15,111,10,30,57,64,72,75,49,
2007-09-18,112,7,17,30,56,68,80,19,
2007-09-20,113,10,20,24,38,49,87,77,
2007-09-22,114,4,52,68,79,85,86,20,
2007-09-25,115,10,14,18,22,48,68,38,
2007-09-27,116,2,23,46,48,55,63,15,
2007-09-29,117,8,11,17,20,21,80,64,
2007-10-02,118,8,23,48,49,61,62,47,
2007-10-04,119,3,17,33,51,77,87,16,
2007-10-06,120,3,20,21,43,69,70,78,
2007-10-09,121,7,9,17,51,57,78,87,
2007-10-11,122,18,37,49,71,76,78,23,
2007-10-13,123,12,41,42,44,80,86,37,
2007-10-16,124,7,21,58,65,72,77,85,
2007-10-18,125,2,24,51,55,62,81,53,
2007-10-20,126,11,17,20,36,57,72,51,
2007-10-23,127,1,10,26,62,71,90,43,
2007-10-25,128,3,6,7,30,67,89,11,
2007-10-27,129,7,19,39,42,56,57,18,
2007-10-30,130,22,39,54,63,68,73,12,
2007-11-02,131,29,31,51,60,72,73,69,
2007-11-03,132,11,31,44,64,83,89,34,
2007-11-06,133,13,18,32,46,55,78,59,
2007-11-08,134,16,29,38,62,72,84,66,
2007-11-10,135,6,39,50,52,54,88,51,
2007-11-13,136,1,2,33,62,68,79,14,
2007-11-15,137,4,9,69,74,76,85,86,
2007-11-17,138,18,28,40,63,68,86,71,
2007-11-20,139,1,18,30,34,65,75,31,
2007-11-22,140,2,51,55,57,61,82,15,
2007-11-24,141,26,37,53,81,86,90,31,
2007-11-27,142,2,22,28,39,61,79,84,
2007-11-29,143,17,41,42,43,66,76,8,
2007-12-01,144,6,19,30,53,55,76,17,
2007-12-04,145,3,10,40,54,69,85,43,
2007-12-06,146,33,37,48,65,83,84,55,
2007-12-10,147,5,13,28,30,42,63,84,
2007-12-11,148,9,12,28,71,82,85,37,
2007-12-13,149,12,20,22,39,55,72,15,
2007-12-15,150,25,31,43,61,63,86,23,
2007-12-18,151,28,29,33,35,65,80,69,
2007-12-20,152,6,10,13,17,22,46,43,
2007-12-22,153,3,14,30,50,66,87,47,
2007-12-24,154,29,31,35,49,69,74,16,
2007-12-27,155,6,13,19,37,67,72,49,
2007-12-29,156,12,26,70,74,84,87,46,
2008-01-02,1,16,38,40,69,84,90,60,
2008-01-03,2,20,39,56,64,66,85,29,
2008-01-05,3,16,30,68,75,83,86,15,
2008-01-08,4,17,23,30,74,81,84,55,
2008-01-10,5,23,25,30,44,51,68,58,
2008-01-12,6,8,9,52,77,82,86,85,
2008-01-15,7,12,50,55,62,67,88,29,
2008-01-17,8,4,15,21,35,59,73,70,
2008-01-19,9,10,23,31,35,61,87,81,
2008-01-22,10,7,18,19,56,66,71,26,
2008-01-24,11,18,28,33,41,63,84,88,
2008-01-26,12,15,17,25,31,85,87,82,
2008-01-29,13,1,23,30,60,70,74,31,
2008-01-31,14,7,14,26,34,45,77,83,
2008-02-02,15,18,33,61,70,81,90,10,
2008-02-05,16,22,28,75,78,83,87,13,
2008-02-07,17,30,32,49,68,71,85,86,
2008-02-09,18,2,3,13,23,30,70,85,
2008-02-12,19,8,16,33,64,68,82,4,
2008-02-14,20,4,18,30,69,73,74,78,
2008-02-16,21,16,17,52,60,80,81,29,
2008-02-19,22,2,18,35,53,60,66,32,
2008-02-21,23,27,43,46,51,52,72,83,
2008-02-23,24,11,13,25,62,76,80,18,
2008-02-26,25,2,11,40,60,73,82,74,
2008-02-28,26,2,5,6,56,58,73,3,
2008-03-01,27,23,30,33,67,69,71,61,
2008-03-04,28,12,32,54,63,64,85,62,
2008-03-06,29,1,16,32,51,60,61,78,
2008-03-08,30,4,12,21,39,59,83,64,
2008-03-11,31,41,51,61,66,75,88,27,
2008-03-13,32,50,61,62,71,72,74,59,
2008-03-15,33,7,32,49,55,61,83,64,
2008-03-18,34,27,36,38,41,71,84,6,
2008-03-20,35,5,37,38,59,71,80,43,
2008-03-22,36,30,37,47,72,85,87,71,
2008-03-25,37,8,36,75,76,79,83,65,
2008-03-27,38,11,34,46,58,77,82,50,
2008-03-29,39,1,17,33,34,46,62,3,
2008-04-01,40,5,9,53,57,61,84,78,
2008-04-03,41,9,37,40,61,69,84,35,
2008-04-05,42,29,51,52,62,72,79,34,
2008-04-08,43,12,21,49,51,56,74,8,
2008-04-10,44,34,54,72,76,79,85,78,
2008-04-12,45,5,34,55,58,74,90,8,
2008-04-15,46,2,25,28,31,46,59,22,
2008-04-17,47,8,14,36,71,74,87,18,
2008-04-19,48,22,29,30,32,41,52,42,
2008-04-22,49,18,54,62,80,88,90,24,
2008-04-24,50,36,43,47,49,84,89,51,
2008-04-26,51,56,64,72,81,83,86,32,
2008-04-29,52,28,33,42,54,76,79,68,
2008-05-02,53,36,38,40,51,53,71,8,
2008-05-03,54,8,38,39,52,64,70,73,
2008-05-06,55,7,71,72,75,80,90,85,
2008-05-08,56,8,29,33,47,52,56,59,
2008-05-10,57,1,4,25,44,82,89,23,
2008-05-13,58,28,33,39,40,80,89,82,
2008-05-15,59,7,31,38,57,84,87,86,
2008-05-17,60,8,53,65,66,80,87,3,
2008-05-20,61,40,42,57,62,67,88,3,
2008-05-22,62,22,63,66,73,81,90,47,
2008-05-24,63,6,16,28,32,43,90,73,
2008-05-27,64,7,10,50,51,80,85,60,
2008-05-29,65,7,30,40,58,75,79,84,
2008-05-31,66,8,16,39,63,84,86,34,
2008-06-03,67,2,26,30,32,63,89,56,
2008-06-05,68,13,22,40,41,51,86,6,
2008-06-07,69,10,26,53,66,70,78,75,
2008-06-10,70,4,62,67,69,70,84,23,
2008-06-12,71,10,15,17,57,65,80,1,
2008-06-14,72,3,6,20,46,50,80,86,
2008-06-17,73,8,11,14,39,46,51,57,
2008-06-19,74,18,31,47,59,75,80,79,
2008-06-21,75,8,16,42,64,72,74,53,
2008-06-24,76,13,25,54,56,57,58,31,
2008-06-26,77,4,12,35,61,66,84,79,
2008-06-28,78,6,19,25,42,48,52,56,
2008-07-01,79,1,38,54,63,66,74,13,
2008-07-03,80,19,32,41,42,64,65,75,
2008-07-05,81,9,69,70,72,77,81,39,
2008-07-08,82,1,26,49,74,82,87,81,
2008-07-10,83,11,22,39,52,55,63,24,
2008-07-12,84,16,26,31,67,74,82,18,
2008-07-15,85,21,40,57,60,61,68,9,
2008-07-17,86,8,28,34,63,86,90,15,
2008-07-19,87,4,33,34,44,52,63,27,
2008-07-22,88,35,49,56,78,87,90,10,
2008-07-24,89,15,17,25,39,57,58,24,
2008-07-26,90,6,44,66,68,77,86,20,
2008-07-29,91,14,28,37,47,53,57,88,
2008-07-31,92,20,67,71,81,84,88,7,
2008-08-02,93,35,49,68,71,82,85,31,
2008-08-05,94,1,30,36,37,60,88,27,
2008-08-07,95,19,30,52,66,70,82,84,
2008-08-09,96,2,11,21,23,39,47,72,
2008-08-12,97,12,24,26,50,65,69,51,
2008-08-14,98,8,19,30,32,52,75,85,
2008-08-16,99,7,10,35,64,77,89,21,
2008-08-19,100,5,7,13,33,66,79,84,
2008-08-21,101,2,4,11,37,62,75,19,
2008-08-23,102,21,31,37,64,75,88,41,
2008-08-26,103,7,23,28,50,80,87,27,
2008-08-28,104,18,19,36,39,58,88,53,
2008-08-30,105,24,26,33,36,38,73,74,
2008-09-02,106,6,29,30,78,81,88,26,
2008-09-04,107,1,6,11,27,65,80,21,
2008-09-06,108,2,22,33,42,52,71,72,
2008-09-09,109,1,3,20,43,51,78,12,
2008-09-11,110,27,31,35,53,54,78,45,
2008-09-13,111,28,38,41,58,67,80,85,
2008-09-16,112,21,30,32,41,47,67,49,
2008-09-18,113,15,18,21,57,59,61,19,
2008-09-20,114,7,12,36,73,77,85,1,
2008-09-23,115,8,22,31,39,58,63,42,
2008-09-25,116,25,51,53,72,77,81,83,
2008-09-27,117,3,16,20,55,60,80,52,
2008-09-30,118,5,34,43,53,71,78,73,
2008-10-02,119,2,41,59,68,74,86,31,
2008-10-04,120,31,58,80,81,88,89,65,
2008-10-07,121,16,21,24,60,66,79,82,
2008-10-09,122,4,19,20,24,44,55,80,
2008-10-11,123,7,9,35,61,67,68,53,
2008-10-14,124,11,14,43,46,61,70,82,
2008-10-16,125,1,20,22,23,61,82,70,
2008-10-18,126,8,25,33,48,58,90,53,
2008-10-21,127,4,47,76,78,81,86,6,
2008-10-23,128,7,20,21,74,75,81,33,
2008-10-25,129,13,16,28,32,71,85,78,
2008-10-28,130,5,9,50,80,82,88,89,
2008-10-30,131,2,25,26,41,55,75,59,
2008-11-03,132,16,21,33,42,52,66,19,
2008-11-04,133,6,28,32,39,57,85,47,
2008-11-06,134,24,26,31,39,49,81,89,
2008-11-08,135,3,31,33,37,52,54,17,
2008-11-11,136,6,10,22,48,61,65,58,
2008-11-13,137,15,17,24,31,80,86,52,
2008-11-15,138,5,7,13,40,52,84,37,
2008-11-18,139,3,4,7,44,52,89,47,
2008-11-20,140,25,39,43,46,59,67,75,
2008-11-22,141,7,30,45,50,55,74,60,
2008-11-25,142,19,48,61,73,81,83,22,
2008-11-27,143,27,28,46,48,52,70,71,
2008-11-29,144,2,3,22,46,61,80,49,
2008-12-02,145,8,9,17,33,80,86,22,
2008-12-04,146,17,44,49,60,66,81,74,
2008-12-06,147,30,46,54,56,72,86,22,
2008-12-09,148,1,38,47,50,58,65,22,
2008-12-11,149,40,60,68,72,84,89,90,
2008-12-13,150,28,32,45,61,63,76,43,
2008-12-16,151,17,20,48,62,85,90,69,
2008-12-18,152,9,26,29,31,58,70,21,
2008-12-20,153,12,14,29,48,49,85,79,
2008-12-23,154,30,45,66,69,75,80,63,
2008-12-24,155,17,32,33,50,61,82,67,
2008-12-27,156,8,25,31,65,87,90,28,
2008-12-30,157,23,32,38,40,51,71,48,
2009-01-02,1,16,19,29,34,48,64,53,
2009-01-03,2,17,24,25,40,58,64,27,
2009-01-07,3,14,31,35,40,50,66,68,
2009-01-08,4,14,23,24,41,71,73,63,
2009-01-10,5,2,15,35,54,60,78,27,
2009-01-13,6,9,14,21,55,66,90,4,
2009-01-15,7,8,15,24,25,44,55,86,
2009-01-17,8,13,17,25,55,64,85,11,
2009-01-20,9,19,35,49,52,75,79,41,
2009-01-22,10,1,2,40,52,67,82,23,
2009-01-24,11,2,4,13,23,28,68,49,
2009-01-27,12,20,31,44,51,65,74,71,
2009-01-29,13,27,32,55,65,76,86,60,
2009-01-31,14,1,3,8,38,83,88,16,
2009-02-03,15,11,13,17,49,51,61,8,
2009-02-05,16,7,18,27,33,35,43,28,
2009-02-07,17,8,23,58,61,76,79,90,
2009-02-10,18,11,18,47,80,89,90,70,
2009-02-12,19,3,24,31,32,61,85,17,
2009-02-14,20,7,32,43,50,68,73,31,
2009-02-17,21,17,20,63,78,82,85,42,
2009-02-19,22,28,30,32,33,34,52,14,
2009-02-21,23,6,39,40,41,50,54,2,
2009-02-24,24,33,38,47,67,68,81,51,
2009-02-26,25,10,19,25,35,51,73,66,
2009-02-28,26,6,26,56,65,69,82,19,
2009-03-03,27,20,39,42,45,74,77,81,
2009-03-05,28,29,36,37,40,70,75,7,
2009-03-07,29,4,14,45,53,77,84,69,
2009-03-10,30,33,57,63,65,78,88,55,
2009-03-12,31,2,10,19,36,78,90,83,
2009-03-14,32,10,15,46,51,65,75,29,
2009-03-17,33,3,38,44,50,53,70,22,
2009-03-19,34,1,39,40,52,54,64,37,
2009-03-21,35,4,39,43,59,74,90,30,
2009-03-24,36,1,9,11,21,36,47,29,
2009-03-26,37,13,21,70,71,72,85,82,
2009-03-28,38,1,10,55,61,72,77,30,
2009-03-31,39,2,4,16,20,29,53,65,
2009-04-02,40,3,12,16,30,84,89,18,
2009-04-04,41,2,3,4,27,34,42,59,
2009-04-07,42,3,37,54,65,87,89,58,
2009-04-09,43,2,23,36,62,75,79,48,
2009-04-11,44,6,34,59,61,83,90,53,
2009-04-14,45,2,5,20,43,64,83,66,
2009-04-16,46,3,9,17,38,54,62,64,
2009-04-18,47,20,46,48,62,71,86,44,
2009-04-21,48,19,22,26,59,61,71,57,
2009-04-23,49,24,29,40,71,74,78,21,
2009-04-27,50,7,40,54,64,69,71,67,
2009-04-28,51,11,12,32,55,72,87,88,
2009-04-30,52,28,64,65,77,85,89,47,
2009-05-02,53,2,25,31,38,45,84,24,
2009-05-05,54,7,12,19,43,71,77,44,
2009-05-07,55,31,43,67,69,76,80,1,
2009-05-09,56,9,11,40,48,68,84,6,
2009-05-12,57,4,9,22,23,47,73,45,
2009-05-14,58,1,22,41,69,73,89,39,
2009-05-16,59,39,50,55,57,78,82,81,
2009-05-19,60,36,55,62,66,81,85,9,
2009-05-21,61,11,14,17,24,39,48,64,
2009-05-23,62,9,25,29,43,48,54,65,
2009-05-26,63,6,33,35,64,66,77,85,
2009-05-28,64,5,27,37,63,67,77,75,
2009-05-30,65,1,13,17,31,58,62,74,
2009-06-03,66,32,33,37,43,44,79,74,
2009-06-04,67,7,57,60,67,69,90,14,
2009-06-06,68,8,14,16,18,56,60,69,
2009-06-09,69,14,17,39,47,58,85,61,
2009-06-11,70,4,10,24,59,72,83,47,
2009-06-13,71,8,19,25,73,76,84,33,
2009-06-16,72,6,14,39,47,63,82,74,
2009-06-18,73,15,27,31,52,74,77,54,
2009-06-20,74,1,7,38,58,62,78,79,
2009-06-23,75,2,3,37,38,58,59,24,
2009-06-25,76,23,36,38,52,62,63,43,
2009-06-27,77,29,56,66,77,88,89,45,
2009-06-30,78,12,19,24,51,56,78,3,
2009-07-02,79,12,13,38,46,47,72,5,
2009-07-04,80,6,35,53,67,75,89,2,
2009-07-07,81,41,44,55,56,68,79,40,
2009-07-09,82,7,29,57,60,79,87,84,
2009-07-11,83,8,21,32,33,60,69,48,
2009-07-14,84,33,35,47,51,62,89,5,
2009-07-16,85,6,35,38,48,58,76,26,
2009-07-18,86,4,32,34,56,61,82,81,
2009-07-21,87,27,32,40,49,75,82,5,
2009-07-23,88,9,12,60,69,72,89,2,
2009-07-25,89,7,35,36,41,45,88,52,
2009-07-28,90,1,21,29,40,63,70,39,
2009-07-30,91,2,68,77,81,83,84,19,
2009-08-01,92,17,21,23,31,33,37,79,
2009-08-04,93,4,8,51,72,74,88,85,
2009-08-06,94,40,41,49,56,61,63,2,
2009-08-08,95,24,51,58,61,74,77,43,
2009-08-11,96,26,29,40,50,54,72,78,
2009-08-13,97,11,29,56,63,88,90,22,
2009-08-17,98,4,10,27,28,34,57,71,
2009-08-18,99,2,19,43,49,77,82,50,
2009-08-20,100,2,16,38,67,70,84,4,
2009-08-22,101,10,11,27,45,79,88,42,
2009-08-25,102,4,5,22,48,53,86,41,
2009-08-27,103,15,20,36,69,74,87,86,
2009-08-29,104,15,19,26,34,67,69,50,
2009-09-01,105,12,14,19,38,41,45,31,
2009-09-03,106,18,54,56,58,62,66,32,
2009-09-05,107,15,31,39,49,64,85,56,
2009-09-08,108,6,13,41,71,75,86,58,
2009-09-10,109,17,39,41,47,77,83,63,
2009-09-12,110,5,21,26,45,47,49,11,
2009-09-15,111,26,60,61,72,85,88,73,
2009-09-17,112,19,32,34,63,74,89,55,
2009-09-19,113,4,8,20,21,44,80,77,
2009-09-22,114,17,40,50,73,74,82,19,
2009-09-24,115,5,9,25,30,76,81,6,
2009-09-26,116,34,69,70,73,82,90,80,
2009-09-29,117,10,22,24,45,67,76,71,
2009-10-01,118,4,19,34,52,68,77,63,
2009-10-03,119,28,38,59,60,71,83,54,
2009-10-06,120,23,24,49,69,70,72,88,
2009-10-08,121,1,12,17,65,70,90,24,
2009-10-10,122,9,33,34,52,82,83,51,
2009-10-13,123,5,11,40,43,56,82,7,
2009-10-15,124,3,29,51,55,73,81,83,
2009-10-17,125,8,24,45,47,72,84,78,
2009-10-20,126,41,47,49,55,77,90,22,
2009-10-22,127,29,33,34,64,65,87,37,
2009-10-24,128,6,26,37,38,55,73,22,
2009-10-27,129,38,43,44,45,63,77,42,
2009-10-29,130,29,37,42,52,54,59,79,
2009-10-31,131,13,16,41,49,58,76,47,
2009-11-03,132,22,35,44,66,71,88,76,
2009-11-05,133,12,20,28,57,74,85,41,
2009-11-07,134,9,11,70,74,75,84,80,
2009-11-10,135,24,32,56,59,76,81,55,
2009-11-12,136,37,43,49,66,73,88,10,
2009-11-14,137,15,27,31,40,63,82,53,
2009-11-17,138,16,25,28,30,39,51,9,
2009-11-19,139,1,35,42,55,57,62,87,
2009-11-21,140,36,37,50,57,73,83,69,
2009-11-24,141,19,47,69,71,86,87,17,
2009-11-26,142,26,31,32,50,61,77,55,
2009-11-28,143,3,42,52,67,78,86,57,
2009-12-01,144,21,25,36,51,82,90,61,
2009-12-03,145,19,30,34,49,54,74,2,
2009-12-05,146,20,63,66,74,75,77,88,
2009-12-09,147,9,30,50,57,62,70,31,
2009-12-10,148,33,36,39,50,65,70,55,
2009-12-12,149,10,16,40,55,66,77,36,
2009-12-15,150,1,4,48,53,61,85,82,
2009-12-17,151,1,23,32,53,66,83,56,
2009-12-19,152,9,15,17,34,73,83,67,
2009-12-22,153,6,13,17,52,64,82,24,
2009-12-24,154,5,25,37,52,62,79,11,
2009-12-28,155,34,36,61,62,78,88,55,
2009-12-29,156,11,16,21,62,70,84,24,
2009-12-31,157,40,41,45,51,52,79,31,
2010-01-02,1,10,23,47,63,70,81,19,
2010-01-05,2,44,48,49,68,86,87,62,
2010-01-07,3,13,24,26,34,76,77,80,
2010-01-09,4,1,30,32,45,69,83,49,
2010-01-12,5,26,27,39,55,59,63,71,
2010-01-14,6,4,24,47,66,74,77,81,
2010-01-16,7,14,18,32,33,46,88,35,
2010-01-19,8,5,18,55,59,65,74,53,
2010-01-21,9,11,21,53,62,63,68,10,
2010-01-23,10,2,23,24,70,81,90,35,
2010-01-26,11,6,15,18,23,53,62,80,
2010-01-28,12,21,23,25,27,36,84,80,
2010-01-30,13,4,17,52,55,56,67,26,
2010-02-02,14,8,26,32,40,62,88,87,
2010-02-04,15,11,25,36,49,53,85,55,
2010-02-06,16,24,40,43,51,53,88,31,
2010-02-09,17,20,22,24,40,51,80,60,
2010-02-11,18,4,19,32,58,73,87,29,
2010-02-13,19,1,14,26,49,71,89,40,
2010-02-16,20,46,48,63,68,83,85,13,
2010-02-18,21,7,34,49,51,58,86,69,
2010-02-20,22,19,26,63,67,68,83,6,
2010-02-23,23,12,30,35,44,49,62,22,
2010-02-25,24,1,64,67,68,79,90,59,
2010-02-27,25,13,43,47,55,67,70,82,
2010-03-02,26,4,5,18,35,40,90,38,
2010-03-04,27,17,24,34,48,61,87,39,
2010-03-06,28,16,21,30,35,57,78,36,
2010-03-09,29,26,28,48,52,55,90,64,
2010-03-11,30,7,8,25,46,65,78,74,
2010-03-13,31,8,9,11,14,79,90,82,
2010-03-16,32,6,15,21,27,49,85,66,
2010-03-18,33,4,5,29,58,71,84,49,
2010-03-20,34,4,18,26,47,61,80,35,
2010-03-23,35,20,29,44,54,64,69,23,
2010-03-25,36,6,50,67,69,77,88,32,
2010-03-27,37,44,45,58,65,66,85,16,
2010-03-30,38,8,30,64,69,80,88,35,
2010-04-01,39,23,25,37,38,50,86,43,
2010-04-03,40,2,16,19,47,49,57,27,
2010-04-06,41,1,30,67,68,71,80,56,
2010-04-08,42,7,29,36,50,56,75,25,
2010-04-10,43,6,31,58,64,74,82,33,
2010-04-13,44,33,42,46,55,69,90,83,
2010-04-15,45,34,37,38,39,59,90,42,
2010-04-17,46,30,54,66,67,76,90,14,
2010-04-20,47,4,14,40,41,54,79,50,
2010-04-22,48,6,25,29,44,68,74,76,
2010-04-24,49,6,7,45,46,67,85,31,
2010-04-27,50,4,26,28,59,61,68,60,
2010-04-29,51,31,38,49,54,62,76,60,
2010-05-03,52,19,33,45,55,82,84,86,
2010-05-04,53,5,15,23,39,43,49,29,
2010-05-06,54,2,4,25,34,61,66,47,
2010-05-08,55,18,26,45,67,70,90,32,
2010-05-11,56,13,28,39,45,68,81,8,
2010-05-13,57,19,29,37,46,64,75,70,
2010-05-15,58,22,32,34,70,78,90,61,
2010-05-18,59,50,55,57,62,78,83,23,
2010-05-20,60,19,38,48,54,71,84,28,
2010-05-22,61,31,32,57,59,78,79,10,
2010-05-25,62,6,34,43,60,71,73,81,
2010-05-27,63,9,39,49,64,65,72,52,
2010-05-29,64,22,68,75,83,85,89,10,
2010-06-01,65,3,15,46,67,75,78,5,
2010-06-03,66,30,38,46,47,62,67,68,
2010-06-05,67,1,6,13,24,46,89,8,
2010-06-08,68,24,33,54,69,79,86,52,
2010-06-10,69,16,19,48,51,65,85,40,
2010-06-12,70,16,27,43,46,62,85,52,
2010-06-15,71,48,54,64,75,79,87,27,
2010-06-17,72,20,46,50,52,69,86,64,
2010-06-19,73,3,8,10,22,32,50,58,
2010-06-22,74,9,19,54,73,83,90,47,
2010-06-24,75,12,18,49,51,66,69,50,
2010-06-26,76,9,28,33,38,50,55,47,
2010-06-29,77,1,13,18,41,68,84,64,
2010-07-01,78,1,14,38,77,80,89,57,
2010-07-03,79,14,18,48,52,64,75,26,
2010-07-06,80,9,34,57,72,84,88,43,
2010-07-08,81,23,25,43,50,51,61,30,
2010-07-10,82,10,25,34,79,85,86,15,
2010-07-13,83,9,20,33,48,55,84,10,
2010-07-15,84,4,5,11,15,20,46,82,
2010-07-17,85,1,9,32,56,71,79,10,
2010-07-20,86,19,33,45,50,54,86,63,
2010-07-22,87,30,37,41,45,47,57,82,
2010-07-24,88,37,47,51,54,78,82,26,
2010-07-27,89,37,47,69,75,86,88,6,
2010-07-29,90,6,7,11,19,34,49,73,
2010-07-31,91,14,15,16,27,56,57,21,
2010-08-03,92,8,38,48,66,70,86,75,
2010-08-05,93,11,17,47,57,79,86,70,
2010-08-07,94,1,7,19,65,67,74,87,
2010-08-10,95,1,10,17,31,58,80,40,
2010-08-12,96,2,40,47,54,66,83,25,
2010-08-14,97,6,10,69,78,83,86,26,
2010-08-17,98,4,19,52,67,82,90,45,
2010-08-19,99,9,17,37,51,70,78,56,
2010-08-21,100,14,59,64,75,80,83,42,
2010-08-24,101,50,53,66,69,70,90,51,
2010-08-26,102,13,28,36,45,59,65,41,
2010-08-28,103,6,11,13,48,72,77,85,
2010-08-31,104,10,21,35,40,63,79,80,
2010-09-02,105,18,30,40,64,88,89,69,
2010-09-04,106,13,54,56,67,82,90,25,
2010-09-07,107,3,7,48,67,87,90,31,
2010-09-09,108,8,26,32,44,82,86,37,
2010-09-11,109,10,16,36,70,71,73,66,
2010-09-14,110,6,29,54,62,72,80,5,
2010-09-16,111,5,49,71,83,85,88,74,
2010-09-18,112,4,23,24,35,77,79,17,
2010-09-21,113,46,49,61,69,74,82,66,
2010-09-23,114,25,32,64,74,85,90,6,
2010-09-25,115,13,16,45,58,63,72,74,
2010-09-28,116,18,20,46,54,57,65,58,
2010-09-30,117,6,24,55,67,70,75,19,
2010-10-02,118,9,16,31,43,49,83,61,
2010-10-05,119,17,38,42,50,68,86,62,
2010-10-07,120,19,22,49,65,70,87,60,
2010-10-09,121,24,30,42,54,84,85,75,
2010-10-12,122,18,23,31,38,47,51,35,
2010-10-14,123,9,15,19,38,48,77,75,
2010-10-16,124,16,31,41,61,65,77,25,
2010-10-19,125,31,49,54,57,80,88,22,
2010-10-21,126,3,13,33,42,56,85,68,
2010-10-23,127,12,26,46,69,72,87,18,
2010-10-26,128,30,32,49,53,72,84,86,
2010-10-28,129,16,29,32,53,61,72,88,
2010-10-30,130,4,26,40,54,55,67,41,
2010-11-02,131,31,39,53,56,68,90,66,
2010-11-04,132,1,10,47,50,52,74,23,
2010-11-06,133,13,35,41,44,59,79,74,
2010-11-09,134,23,37,41,51,62,74,33,
2010-11-11,135,28,49,50,54,66,68,77,
2010-11-13,136,2,34,45,47,54,74,48,
2010-11-16,137,26,38,40,66,76,81,33,
2010-11-18,138,23,32,33,47,63,81,77,
2010-11-20,139,5,7,46,65,73,82,1,
2010-11-23,140,46,54,65,70,82,85,23,
2010-11-25,141,5,14,48,52,57,90,61,
2010-11-27,142,21,38,41,43,52,77,5,
2010-11-30,143,19,20,32,64,87,89,69,
2010-12-02,144,10,35,39,57,61,75,12,
2010-12-04,145,16,20,36,39,42,51,80,
2010-12-07,146,27,31,45,61,74,79,70,
2010-12-09,147,12,32,54,60,89,90,71,
2010-12-11,148,3,17,35,52,69,83,68,
2010-12-14,149,3,17,48,76,77,90,83,
2010-12-16,150,9,15,27,54,76,86,56,
2010-12-18,151,30,38,52,63,74,89,1,
2010-12-21,152,8,9,19,48,51,81,26,
2010-12-23,153,5,12,16,44,71,75,21,
2010-12-27,154,4,39,62,67,69,78,65,
2010-12-28,155,1,4,21,56,69,75,59,
2010-12-30,156,5,29,35,39,41,45,46,
2011-01-03,1,4,7,12,20,74,89,76,
2011-01-04,2,1,12,21,31,39,49,25,
2011-01-07,3,14,25,44,54,78,89,66,
2011-01-08,4,26,68,73,75,76,86,71,
2011-01-11,5,12,13,31,69,71,77,49,
2011-01-13,6,15,17,34,59,83,86,23,
2011-01-15,7,5,8,37,77,79,90,9,
2011-01-18,8,10,50,55,61,87,90,26,
2011-01-20,9,4,23,35,54,72,88,74,
2011-01-22,10,6,8,15,52,67,86,42,
2011-01-25,11,3,12,13,15,43,46,11,
2011-01-27,12,1,11,27,45,49,61,80,
2011-01-29,13,11,35,58,64,68,72,26,
2011-02-01,14,22,30,43,62,70,71,50,
2011-02-03,15,20,25,37,45,49,63,73,
2011-02-05,16,25,32,43,52,65,78,88,
2011-02-08,17,10,11,20,41,55,83,1,
2011-02-10,18,1,47,54,81,84,89,22,
2011-02-12,19,1,3,19,23,61,78,36,
2011-02-15,20,25,40,63,78,82,85,88,
2011-02-17,21,10,17,18,25,45,84,21,
2011-02-19,22,27,44,48,57,77,83,47,
2011-02-22,23,2,3,38,42,56,74,23,
2011-02-24,24,2,25,50,63,76,85,77,
2011-02-26,25,16,18,20,26,32,35,8,
2011-03-01,26,9,32,42,55,71,90,86,
2011-03-03,27,12,41,64,75,82,84,34,
2011-03-05,28,3,12,38,50,54,55,19,
2011-03-08,29,22,28,32,57,58,85,50,
2011-03-10,30,7,14,21,47,58,71,43,
2011-03-12,31,22,26,42,44,58,83,59,
2011-03-15,32,6,25,62,80,85,86,57,
2011-03-18,33,6,16,35,52,53,69,49,
2011-03-19,34,10,21,43,47,58,85,2,
2011-03-22,35,2,32,49,52,54,80,90,
2011-03-24,36,7,13,19,65,86,88,46,
2011-03-26,37,37,38,56,62,70,83,88,
2011-03-29,38,2,11,37,45,48,66,22,
2011-03-31,39,3,25,43,55,72,80,85,
2011-04-02,40,8,14,20,36,45,85,26,
2011-04-05,41,5,30,31,55,57,70,84,
2011-04-07,42,21,22,46,56,63,66,34,
2011-04-09,43,12,13,17,38,74,87,18,
2011-04-12,44,29,37,50,62,70,86,27,
2011-04-14,45,24,26,43,71,79,80,7,
2011-04-16,46,9,17,29,37,49,68,70,
2011-04-19,47,9,12,21,34,64,67,1,
2011-04-21,48,8,14,23,25,45,69,78,
2011-04-23,49,6,34,35,54,62,84,45,
2011-04-26,50,14,32,56,72,78,79,27,
2011-04-28,51,38,42,45,69,86,90,63,
2011-04-30,52,15,29,36,48,74,83,45,
2011-05-03,53,30,40,51,52,54,74,72,
2011-05-05,54,21,31,33,40,50,52,62,
2011-05-07,55,3,4,22,43,65,67,10,
2011-05-10,56,12,35,75,76,82,84,17,
2011-05-12,57,1,3,6,21,85,90,58,
2011-05-14,58,2,21,22,56,70,81,44,
2011-05-17,59,28,41,55,69,79,82,35,
2011-05-19,60,5,24,32,78,80,83,40,
2011-05-21,61,8,12,18,31,32,85,73,
2011-05-24,62,65,72,74,79,87,90,30,
2011-05-26,63,20,24,31,38,54,72,27,
2011-05-28,64,15,16,79,80,84,88,83,
2011-05-31,65,1,10,62,69,78,85,30,
2011-06-03,66,14,16,24,30,34,72,17,
2011-06-04,67,21,44,46,49,58,67,88,
2011-06-07,68,5,20,44,51,54,90,63,
2011-06-09,69,10,17,21,35,36,76,83,
2011-06-11,70,11,29,39,41,43,55,83,
2011-06-14,71,40,44,49,57,58,87,1,
2011-06-16,72,18,48,57,59,84,87,6,
2011-06-18,73,19,22,25,67,74,89,1,
2011-06-21,74,2,41,62,75,79,87,3,
2011-06-23,75,11,27,47,50,58,82,22,
2011-06-25,76,11,17,35,42,71,76,82,
2011-06-28,77,5,6,29,43,66,74,47,
2011-06-30,78,7,20,35,37,57,70,42,
2011-07-02,79,6,9,11,19,45,51,69,
2011-07-05,80,2,6,7,51,57,71,10,
2011-07-07,81,1,2,34,54,79,88,45,
2011-07-09,82,11,22,42,49,58,89,78,
2011-07-12,83,7,27,28,45,57,75,24,
2011-07-14,84,21,35,51,68,81,90,13,
2011-07-16,85,17,20,38,51,53,74,5,
2011-07-19,86,35,43,56,58,71,90,40,
2011-07-21,87,9,13,31,35,45,79,62,
2011-07-23,88,36,42,63,77,81,86,78,
2011-07-26,89,6,38,50,63,65,74,11,
2011-07-28,90,21,23,25,65,67,78,40,
2011-07-30,91,9,33,36,54,60,86,28,
2011-08-02,92,1,5,32,49,69,72,89,
2011-08-04,93,3,10,18,42,67,90,80,
2011-08-06,94,18,21,58,65,89,90,62,
2011-08-09,95,30,41,55,68,76,82,70,
2011-08-11,96,8,17,51,60,63,79,22,
2011-08-13,97,14,31,37,49,74,78,76,
2011-08-16,98,2,6,27,29,38,55,26,
2011-08-18,99,18,23,34,37,67,68,87,
2011-08-20,100,18,26,29,78,79,80,49,
2011-08-23,101,2,34,42,43,58,76,52,
2011-08-25,102,18,38,39,45,57,90,69,
2011-08-27,103,9,43,50,51,57,83,27,
2011-08-30,104,12,23,32,35,52,55,75,
2011-09-01,105,8,12,26,44,48,50,68,
2011-09-03,106,3,5,9,41,58,62,82,
2011-09-06,107,14,15,21,41,60,63,37,
2011-09-08,108,20,45,61,67,80,88,16,
2011-09-10,109,2,8,9,29,53,75,83,
2011-09-13,110,61,64,74,75,80,87,38,
2011-09-15,111,6,19,30,45,52,89,7,
2011-09-17,112,13,45,70,72,81,84,71,
2011-09-20,113,7,23,39,48,69,75,83,
2011-09-22,114,4,6,27,37,45,58,84,
2011-09-24,115,4,23,56,71,76,78,73,
2011-09-27,116,18,28,35,52,57,75,83,
2011-09-29,117,11,26,41,45,75,77,46,
2011-10-01,118,3,5,13,54,58,85,90,
2011-10-04,119,1,8,41,68,69,73,50,
2011-10-06,120,5,8,11,47,56,63,87,
2011-10-08,121,1,26,45,58,66,88,34,
2011-10-11,122,23,36,41,43,83,90,17,
2011-10-13,123,9,19,27,53,78,81,39,
2011-10-15,124,33,40,44,54,64,85,12,
2011-10-18,125,1,19,29,60,76,77,2,
2011-10-20,126,7,11,21,34,69,88,76,
2011-10-22,127,9,15,22,56,61,86,24,
2011-10-25,128,13,21,24,39,44,60,66,
2011-10-27,129,2,41,63,64,67,73,76,
2011-10-29,130,8,16,23,24,71,77,40,
2011-11-02,131,5,14,41,48,59,90,6,
2011-11-03,132,52,55,65,75,79,81,88,
2011-11-05,133,23,44,46,59,74,80,67,
2011-11-08,134,23,52,71,74,78,86,54,
2011-11-10,135,8,13,24,39,57,77,21,
2011-11-12,136,25,32,46,58,74,79,73,
2011-11-15,137,18,21,36,38,45,62,85,
2011-11-17,138,12,25,30,33,38,84,47,
2011-11-19,139,13,24,52,53,88,90,1,
2011-11-22,140,11,16,17,25,61,72,18,
2011-11-24,141,3,33,62,69,75,79,2,
2011-11-26,142,26,29,35,81,82,87,56,
2011-11-29,143,13,24,29,37,55,67,47,
2011-12-01,144,4,10,29,41,54,74,14,
2011-12-03,145,7,13,16,42,67,68,83,
2011-12-06,146,1,4,10,24,55,90,60,
2011-12-09,147,1,49,51,60,83,84,72,
2011-12-10,148,28,31,48,56,72,78,65,
2011-12-13,149,10,26,31,36,72,85,61,
2011-12-15,150,7,37,40,53,55,62,58,
2011-12-17,151,2,28,37,56,77,79,85,
2011-12-20,152,21,28,56,63,68,88,86,
2011-12-22,153,36,37,44,62,75,90,61,
2011-12-24,154,16,41,46,53,86,87,24,
2011-12-27,155,6,9,21,24,30,47,87,
2011-12-29,156,15,20,42,43,47,83,26,
2011-12-31,157,2,3,9,30,33,56,11,
2012-01-03,1,35,47,54,68,71,78,33,
2012-01-05,2,10,11,12,24,56,71,38,
2012-01-07,3,7,15,60,72,77,90,13,
2012-01-10,4,14,22,27,28,34,66,69,
2012-01-12,5,20,49,53,63,73,84,88,
2012-01-14,6,4,12,15,37,53,83,41,
2012-01-17,7,9,27,32,51,53,71,62,
2012-01-19,8,24,41,44,56,73,90,60,
2012-01-21,9,12,19,33,38,62,80,84,
2012-01-24,10,27,32,55,68,72,75,84,
2012-01-26,11,13,16,22,30,52,87,42,
2012-01-28,12,2,17,25,50,52,84,28,
2012-01-31,13,16,23,28,33,43,86,30,
2012-02-02,14,25,37,43,50,58,60,89,
2012-02-04,15,1,17,30,43,67,82,2,
2012-02-07,16,27,30,69,75,81,83,68,
2012-02-09,17,43,51,54,71,73,85,25,
2012-02-11,18,23,30,46,64,70,86,31,
2012-02-14,19,12,25,41,79,86,88,37,
2012-02-16,20,5,21,23,41,74,84,81,
2012-02-18,21,8,21,39,56,74,81,19,
2012-02-21,22,28,29,30,39,75,87,65,
2012-02-23,23,20,28,56,62,63,76,35,
2012-02-25,24,14,30,64,75,79,89,31,
2012-02-28,25,25,34,43,57,67,77,3,
2012-03-01,26,6,14,19,26,51,53,83,
2012-03-03,27,16,19,31,46,69,74,62,
2012-03-06,28,31,42,49,51,68,79,70,
2012-03-08,29,23,37,47,79,80,83,53,
2012-03-10,30,1,8,40,54,69,81,61,
2012-03-13,31,15,17,53,67,75,81,37,
2012-03-15,32,1,13,14,34,67,83,61,
2012-03-17,33,12,23,54,68,84,89,86,
2012-03-20,34,21,39,44,49,65,87,54,
2012-03-22,35,6,21,37,55,84,88,89,
2012-03-24,36,39,45,49,66,75,80,77,
2012-03-27,37,9,26,27,40,51,69,11,
2012-03-29,38,11,45,50,54,57,62,18,
2012-03-31,39,11,23,38,47,57,83,61,
2012-04-03,40,11,34,55,63,87,89,6,
2012-04-05,41,10,37,44,56,60,89,7,
2012-04-07,42,37,46,54,55,65,87,1,
2012-04-10,43,9,22,41,49,52,53,77,
2012-04-12,44,15,25,34,54,70,88,33,
2012-04-14,45,5,22,24,36,85,86,29,
2012-04-17,46,6,28,39,46,60,78,57,
2012-04-19,47,12,26,27,47,63,77,3,
2012-04-21,48,9,11,33,69,73,82,44,
2012-04-24,49,24,28,54,68,78,81,74,
2012-04-26,50,19,61,62,65,85,89,67,
2012-04-28,51,6,11,34,51,59,82,75,
2012-05-02,52,9,22,61,67,84,85,6,
2012-05-03,53,8,16,25,28,57,68,55,
2012-05-05,54,13,14,19,57,77,79,65,
2012-05-08,55,13,19,35,38,52,64,57,
2012-05-10,56,6,16,30,53,60,71,86,
2012-05-12,57,10,45,58,66,83,85,51,
2012-05-15,58,5,38,56,76,77,89,71,
2012-05-17,59,14,38,41,58,65,75,86,
2012-05-19,60,1,23,27,33,37,85,56,
2012-05-22,61,1,6,31,45,58,85,55,
2012-05-24,62,10,29,32,43,56,90,71,
2012-05-26,63,3,33,51,55,73,84,47,
2012-05-29,64,38,39,42,49,55,81,2,
2012-05-31,65,12,25,66,72,75,89,6,
2012-06-04,66,8,16,20,23,47,56,50,
2012-06-05,67,15,29,38,44,67,74,63,
2012-06-07,68,32,58,63,70,75,81,4,
2012-06-09,69,31,34,52,54,78,82,74,
2012-06-12,70,20,30,47,69,77,83,86,
2012-06-14,71,3,13,39,40,49,75,24,
2012-06-16,72,1,9,37,69,71,83,48,
2012-06-19,73,52,62,65,77,87,90,13,
2012-06-21,74,9,24,39,48,69,75,36,
2012-06-23,75,2,6,26,42,55,86,3,
2012-06-26,76,13,30,46,48,70,88,10,
2012-06-28,77,6,20,25,42,57,80,49,
2012-06-30,78,17,20,21,39,44,89,75,
2012-07-03,79,2,12,17,60,63,78,61,
2012-07-05,80,15,59,64,65,76,79,17,
2012-07-07,81,15,25,26,53,74,76,28,
2012-07-10,82,19,32,33,66,75,78,21,
2012-07-12,83,40,42,54,66,77,86,39,
2012-07-14,84,27,38,70,75,78,82,69,
2012-07-17,85,8,28,35,53,57,61,36,
2012-07-19,86,5,36,51,55,69,79,48,
2012-07-21,87,22,24,49,58,72,85,25,
2012-07-24,88,2,45,55,77,84,88,65,
2012-07-26,89,11,18,30,59,76,77,5,
2012-07-28,90,9,17,67,68,80,81,1,
2012-07-31,91,29,82,83,84,87,89,13,
2012-08-02,92,2,8,55,66,73,83,32,
2012-08-04,93,12,35,47,56,74,87,67,
2012-08-07,94,24,50,57,62,72,77,38,
2012-08-09,95,19,30,32,39,47,71,35,
2012-08-11,96,4,11,13,42,54,75,82,
2012-08-14,97,19,22,23,28,41,74,61,
2012-08-16,98,38,39,46,74,85,89,82,
2012-08-18,99,3,5,11,34,43,49,2,
2012-08-21,100,35,42,62,67,76,78,49,
2012-08-23,101,5,27,36,40,46,64,4,
2012-08-25,102,7,38,66,67,71,88,43,
2012-08-28,103,15,27,30,34,75,80,70,
2012-08-30,104,17,20,22,40,52,62,14,
2012-09-01,105,6,20,31,33,63,74,75,
2012-09-04,106,34,42,58,60,82,83,72,
2012-09-06,107,16,29,39,49,59,64,18,
2012-09-08,108,5,13,31,42,43,73,60,
2012-09-11,109,8,33,42,44,48,89,43,
2012-09-13,110,12,26,27,46,65,77,15,
2012-09-15,111,21,23,32,35,36,72,4,
2012-09-18,112,3,10,18,25,50,68,66,
2012-09-20,113,10,17,50,65,75,86,57,
2012-09-22,114,1,28,29,68,84,85,27,
2012-09-25,115,21,23,33,46,61,76,10,
2012-09-27,116,3,8,10,31,77,79,61,
2012-09-29,117,6,7,33,53,64,90,38,
2012-10-02,118,36,52,69,71,78,84,1,
2012-10-04,119,21,25,47,62,79,87,37,
2012-10-06,120,13,40,41,56,82,87,74,
2012-10-09,121,6,9,37,67,83,88,26,
2012-10-11,122,16,34,50,58,80,90,33,
2012-10-13,123,14,17,38,58,60,81,79,
2012-10-16,124,1,20,24,27,46,60,18,
2012-10-18,125,7,41,56,61,68,84,89,
2012-10-20,126,2,5,28,36,69,81,29,
2012-10-23,127,45,50,65,67,78,79,43,
2012-10-25,128,15,23,51,52,77,90,19,
2012-10-27,129,15,33,34,43,49,75,9,
2012-10-30,130,10,32,46,61,70,75,73,
2012-11-03,131,1,4,8,47,74,87,26,
2012-11-05,132,7,14,15,17,57,66,8,
2012-11-06,133,18,20,22,76,82,84,89,
2012-11-08,134,9,31,39,44,72,81,67,
2012-11-10,135,1,34,46,51,60,75,23,
2012-11-13,136,3,20,57,62,79,84,61,
2012-11-15,137,12,24,53,66,74,83,86,
2012-11-17,138,8,10,39,60,77,84,23,
2012-11-20,139,9,11,29,41,67,70,69,
2012-11-22,140,20,25,51,59,77,88,37,
2012-11-24,141,12,26,34,42,48,63,33,
2012-11-27,142,5,13,56,65,78,82,74,
2012-11-29,143,1,13,17,29,54,63,60,
2012-12-01,144,6,20,25,45,56,60,48,
2012-12-04,145,19,33,35,42,49,83,9,
2012-12-06,146,15,18,47,70,74,89,62,
2012-12-10,147,11,28,38,49,66,77,2,
2012-12-11,148,6,8,10,11,16,61,26,
2012-12-13,149,9,25,48,61,73,82,16,
2012-12-15,150,15,26,35,39,53,59,11,
2012-12-18,151,22,56,60,62,79,87,61,
2012-12-20,152,6,19,26,27,52,65,32,
2012-12-22,153,24,50,53,59,80,85,32,
2012-12-24,154,6,22,31,37,38,51,35,
2012-12-27,155,28,52,57,71,81,87,7,
2012-12-29,156,31,39,51,84,86,89,45,
2013-01-02,1,10,11,43,54,61,83,87,
2013-01-03,2,12,14,41,51,69,90,15,
2013-01-05,3,3,11,38,59,67,74,31,
2013-01-08,4,28,32,52,74,79,80,15,
2013-01-10,5,1,16,22,54,73,76,62,
2013-01-12,6,9,12,13,30,48,86,72,
2013-01-15,7,12,24,40,42,70,84,76,
2013-01-17,8,25,34,38,69,83,86,4,
2013-01-19,9,1,6,23,52,58,65,84,
2013-01-22,10,8,51,52,60,83,88,78,
2013-01-24,11,15,17,47,53,64,80,30,
2013-01-26,12,10,12,27,39,78,84,71,
2013-01-29,13,6,12,18,22,25,82,42,
2013-01-31,14,37,42,47,49,53,63,16,
2013-02-02,15,9,18,39,63,64,85,74,
2013-02-05,16,7,13,49,71,80,88,62,
2013-02-07,17,4,5,55,77,80,81,3,
2013-02-09,18,4,11,32,51,66,81,26,
2013-02-12,19,6,21,41,72,73,80,52,
2013-02-14,20,24,32,44,60,64,76,25,
2013-02-16,21,6,32,35,43,53,69,82,
2013-02-19,22,3,34,37,55,82,90,61,
2013-02-21,23,4,16,35,57,69,88,87,
2013-02-23,24,1,11,21,50,67,75,52,
2013-02-26,25,20,25,51,59,84,90,10,
2013-02-28,26,4,24,62,66,76,84,27,
2013-03-02,27,16,49,59,67,71,82,78,
2013-03-05,28,32,34,39,52,59,61,11,
2013-03-07,29,26,32,42,46,78,82,7,
2013-03-09,30,13,22,36,64,80,84,37,
2013-03-12,31,7,10,22,23,41,77,49,
2013-03-14,32,27,35,47,57,85,89,68,
2013-03-16,33,19,41,43,48,73,81,1,
2013-03-19,34,21,39,71,76,89,90,78,
2013-03-21,35,9,27,47,58,62,71,72,
2013-03-23,36,29,42,45,58,67,86,59,
2013-03-26,37,15,37,46,52,64,89,7,
2013-03-28,38,12,27,54,68,73,76,89,
2013-03-30,39,17,42,52,71,74,90,87,
2013-04-02,40,4,12,33,52,85,87,35,
2013-04-04,41,3,4,31,52,66,84,24,
2013-04-06,42,5,8,73,84,87,88,82,
2013-04-09,43,25,44,45,52,68,81,10,
2013-04-11,44,1,47,66,67,78,90,83,
2013-04-13,45,26,33,43,49,61,76,78,
2013-04-16,46,21,30,35,36,83,89,73,
2013-04-18,47,27,30,35,39,49,69,56,
2013-04-20,48,29,33,67,75,83,86,40,
2013-04-23,49,1,13,37,53,62,63,27,
2013-04-27,50,1,2,11,56,57,75,46,
2013-04-29,51,2,6,53,54,68,89,21,
2013-04-30,52,5,35,38,75,82,86,12,
2013-05-02,53,19,32,33,57,65,75,29,
2013-05-04,54,6,31,63,74,75,85,86,
2013-05-07,55,19,37,54,65,67,70,75,
2013-05-09,56,13,16,20,21,25,65,69,
2013-05-11,57,10,42,48,67,83,84,4,
2013-05-14,58,35,41,47,74,77,85,40,
2013-05-16,59,3,16,22,39,49,71,33,
2013-05-18,60,14,20,24,36,40,81,17,
2013-05-21,61,6,32,48,53,54,87,63,
2013-05-23,62,14,22,36,53,59,66,11,
2013-05-25,63,6,27,34,55,62,87,51,
2013-05-28,64,26,35,47,66,67,80,11,
2013-05-30,65,29,43,61,62,77,79,85,
2013-06-01,66,8,21,25,54,84,85,51,
2013-06-04,67,3,27,34,62,81,88,35,
2013-06-06,68,34,36,47,64,73,78,25,
2013-06-08,69,5,10,31,53,56,61,21,
2013-06-11,70,2,21,37,39,41,64,63,
2013-06-13,71,1,5,6,39,41,70,10,
2013-06-15,72,15,19,33,35,62,68,40,
2013-06-18,73,8,24,32,34,65,86,23,
2013-06-20,74,15,24,32,52,68,71,75,
2013-06-22,75,2,19,25,59,84,88,61,
2013-06-25,76,6,16,40,61,64,82,19,
2013-06-27,77,12,22,27,37,52,87,35,
2013-06-29,78,17,22,54,69,82,88,9,
2013-07-02,79,3,4,18,29,64,90,52,
2013-07-04,80,9,41,46,47,53,77,3,
2013-07-06,81,4,9,24,64,74,76,40,
2013-07-09,82,17,36,48,55,63,70,28,
2013-07-11,83,14,15,34,55,59,81,46,
2013-07-13,84,23,49,52,65,67,76,61,
2013-07-16,85,22,29,57,72,85,89,49,
2013-07-18,86,16,19,24,37,63,85,38,
2013-07-20,87,2,16,20,26,31,33,64,
2013-07-23,88,11,14,39,63,73,75,29,
2013-07-25,89,33,38,41,43,46,57,53,
2013-07-27,90,17,19,40,43,72,84,48,
2013-07-30,91,16,47,55,57,70,85,19,
2013-08-01,92,8,21,24,25,27,75,34,
2013-08-03,93,15,16,34,74,85,87,65,
2013-08-06,94,14,16,32,35,41,50,1,
2013-08-08,95,2,14,42,52,75,79,53,
2013-08-10,96,5,33,47,61,64,70,29,
2013-08-13,97,1,33,41,78,83,84,72,
2013-08-17,98,20,21,24,43,76,89,83,
2013-08-19,99,3,5,11,14,38,79,29,
2013-08-20,100,4,11,15,26,58,68,16,
2013-08-22,101,19,21,30,59,61,89,25,
2013-08-24,102,1,2,5,27,39,49,31,
2013-08-27,103,6,44,63,64,72,82,12,
2013-08-29,104,19,54,55,71,80,84,81,
2013-08-31,105,11,20,50,62,70,85,59,
2013-09-03,106,1,7,56,70,88,90,83,
2013-09-05,107,15,23,45,70,81,82,16,
2013-09-07,108,41,55,72,78,83,87,77,
2013-09-10,109,35,44,57,58,87,88,22,
2013-09-12,110,7,44,48,51,64,83,90,
2013-09-14,111,20,35,45,47,72,78,59,
2013-09-17,112,1,21,34,44,49,90,37,
2013-09-19,113,15,21,28,75,81,86,38,
2013-09-21,114,36,61,75,81,82,89,14,
2013-09-24,115,1,27,33,36,43,86,42,
2013-09-26,116,4,38,42,57,64,75,84,
2013-09-28,117,28,57,61,69,78,83,86,
2013-10-01,118,16,21,26,64,66,78,50,
2013-10-03,119,7,14,42,43,56,57,64,
2013-10-05,120,2,5,8,65,74,77,86,
2013-10-08,121,1,31,39,60,62,84,26,
2013-10-10,122,3,7,12,20,48,55,26,
2013-10-12,123,10,19,20,39,85,87,46,
2013-10-15,124,22,36,60,64,71,80,47,
2013-10-17,125,11,18,40,58,81,87,62,
2013-10-19,126,12,30,36,44,54,60,40,
2013-10-22,127,2,5,34,56,72,73,11,
2013-10-24,128,1,3,5,41,62,76,21,
2013-10-26,129,24,48,50,62,63,87,12,
2013-10-29,130,12,23,49,53,67,83,13,
2013-10-31,131,13,18,26,37,46,48,42,
2013-11-02,132,1,12,67,75,81,90,76,
2013-11-05,133,4,9,10,76,78,87,66,
2013-11-07,134,9,19,21,50,61,82,71,
2013-11-09,135,10,22,39,55,81,89,43,
2013-11-12,136,16,26,30,52,57,83,61,
2013-11-14,137,23,45,54,61,69,75,52,
2013-11-16,138,16,36,54,55,63,69,85,
2013-11-19,139,14,15,39,47,53,76,67,
2013-11-21,140,28,37,52,57,64,66,43,
2013-11-23,141,6,10,19,71,72,89,52,
2013-11-26,142,20,25,30,45,75,79,15,
2013-11-28,143,31,51,55,66,73,78,88,
2013-11-30,144,10,11,35,42,52,89,84,
2013-12-03,145,12,40,42,66,73,80,30,
2013-12-05,146,28,34,42,68,71,88,7,
2013-12-07,147,2,16,42,67,75,87,89,
2013-12-10,148,10,16,20,57,65,89,5,
2013-12-12,149,10,19,32,49,53,66,16,
2013-12-14,150,5,33,44,46,66,76,81,
2013-12-17,151,12,22,27,43,60,72,8,
2013-12-19,152,10,23,27,39,70,82,65,
2013-12-21,153,2,14,17,21,22,26,78,
2013-12-23,154,15,43,48,54,55,76,79,
2013-12-24,155,10,39,45,65,74,86,60,
2013-12-28,156,39,52,69,70,74,82,40,
2013-12-31,157,25,60,62,76,82,87,8,
2014-01-02,1,49,55,57,64,70,77,85,
2014-01-04,2,19,26,30,47,69,81,90,
2014-01-07,3,14,47,48,58,60,69,26,
2014-01-09,4,15,17,24,41,70,87,71,
2014-01-11,5,11,37,39,52,68,90,12,
2014-01-14,6,4,7,25,74,82,87,3,
2014-01-16,7,3,18,34,37,40,47,55,
2014-01-18,8,14,18,38,41,74,78,58,
2014-01-21,9,5,23,35,54,56,62,53,
2014-01-23,10,3,6,12,13,19,67,39,
2014-01-25,11,22,34,53,59,62,88,36,
2014-01-28,12,9,17,27,29,59,67,34,
2014-01-30,13,7,21,28,45,59,90,74,
2014-02-01,14,3,6,41,44,48,73,84,
2014-02-04,15,3,12,25,33,59,85,77,
2014-02-06,16,9,12,14,61,79,90,26,
2014-02-08,17,8,16,41,52,64,74,81,
2014-02-11,18,12,27,38,43,65,67,71,
2014-02-13,19,9,11,17,20,33,75,32,
2014-02-15,20,18,31,62,64,72,77,69,
2014-02-18,21,15,36,49,62,75,82,39,
2014-02-20,22,14,26,47,63,78,80,37,
2014-02-22,23,17,19,28,34,38,82,40,
2014-02-25,24,26,51,52,54,70,88,65,
2014-02-27,25,19,32,54,59,68,86,45,
2014-03-01,26,7,8,47,56,79,90,9,
2014-03-04,27,40,46,51,61,65,76,71,
2014-03-06,28,15,61,66,67,76,79,68,
2014-03-08,29,35,45,50,51,82,87,30,
2014-03-11,30,49,51,53,56,58,81,12,
2014-03-13,31,10,28,40,57,58,78,60,
2014-03-15,32,1,5,22,24,41,43,38,
2014-03-18,33,38,39,46,58,66,83,55,
2014-03-20,34,15,18,28,49,51,77,65,
2014-03-22,35,19,22,31,38,87,89,46,
2014-03-25,36,28,36,42,70,74,78,32,
2014-03-27,37,8,12,47,64,83,88,41,
2014-03-29,38,12,21,57,68,86,88,82,
2014-04-01,39,7,56,66,72,73,90,78,
2014-04-03,40,40,47,59,64,79,89,66,
2014-04-05,41,9,31,33,37,79,86,12,
2014-04-08,42,11,61,64,76,82,87,15,
2014-04-10,43,22,25,46,52,54,65,51,
2014-04-12,44,14,29,34,62,65,89,63,
2014-04-15,45,3,26,33,44,48,49,57,
2014-04-17,46,11,20,51,63,68,88,28,
2014-04-19,47,42,45,56,75,79,90,88,
2014-04-22,48,14,16,21,24,62,78,1,
2014-04-24,49,5,7,11,67,70,85,20,
2014-04-26,50,3,9,13,25,42,81,24,
2014-04-29,51,27,33,40,52,76,86,62,
2014-05-03,52,15,33,45,60,72,85,44,
2014-05-05,53,27,44,46,50,54,69,36,
2014-05-06,54,1,3,4,60,70,73,57,
2014-05-08,55,6,9,54,70,78,79,22,
2014-05-10,56,8,39,40,57,69,81,28,
2014-05-13,57,3,5,16,54,58,68,82,
2014-05-15,58,20,47,56,64,66,67,24,
2014-05-17,59,5,31,36,68,75,90,52,
2014-05-20,60,10,17,41,45,69,78,2,
2014-05-22,61,8,23,48,56,59,78,6,
2014-05-24,62,3,22,38,70,77,81,32,
2014-05-27,63,32,37,52,53,66,83,87,
2014-05-29,64,27,32,33,52,73,84,63,
2014-05-31,65,1,6,7,10,14,56,16,
2014-06-03,66,3,25,26,29,48,79,56,
2014-06-05,67,11,31,43,70,74,80,65,
2014-06-07,68,12,18,39,46,56,63,3,
2014-06-10,69,27,29,30,42,48,73,11,
2014-06-12,70,13,18,19,27,50,69,68,
2014-06-14,71,3,31,45,48,71,76,75,
2014-06-17,72,21,29,43,53,66,89,4,
2014-06-19,73,16,19,24,36,39,81,25,
2014-06-21,74,14,61,69,79,81,85,32,
2014-06-24,75,3,22,31,42,73,88,60,
2014-06-26,76,8,43,61,62,70,86,80,
2014-06-28,77,17,20,41,42,49,81,48,
2014-07-01,78,31,35,48,64,65,89,58,
2014-07-03,79,1,13,21,25,61,63,69,
2014-07-05,80,15,31,38,47,55,82,62,
2014-07-08,81,5,8,32,43,59,85,89,
2014-07-10,82,3,11,18,30,51,85,7,
2014-07-12,83,11,20,48,52,70,74,49,
2014-07-15,84,5,15,17,31,32,40,41,
2014-07-17,85,6,11,12,28,59,79,4,
2014-07-19,86,29,48,49,54,75,87,43,
2014-07-22,87,7,32,58,60,66,69,25,
2014-07-24,88,4,12,13,55,73,86,79,
2014-07-26,89,1,10,26,28,29,62,52,
2014-07-29,90,32,45,56,74,87,89,25,
2014-07-31,91,14,19,22,66,80,90,47,
2014-08-02,92,29,38,54,58,72,86,81,
2014-08-05,93,2,19,22,41,77,89,90,
2014-08-07,94,10,29,50,59,79,80,11,
2014-08-09,95,9,10,26,53,68,72,60,
2014-08-12,96,11,24,34,39,68,86,85,
2014-08-14,97,4,12,24,61,73,75,56,
2014-08-16,98,31,63,64,68,69,71,13,
2014-08-19,99,15,30,62,63,67,74,13,
2014-08-21,100,4,31,52,73,76,84,27,
2014-08-23,101,16,45,51,58,60,71,8,
2014-08-26,102,1,20,44,56,59,69,25,
2014-08-28,103,22,39,51,78,83,84,59,
2014-08-30,104,23,38,43,46,60,75,79,
2014-09-02,105,6,20,27,31,32,36,88,
2014-09-04,106,31,39,41,53,67,83,15,
2014-09-06,107,26,33,53,61,73,82,23,
2014-09-09,108,12,20,26,41,70,78,83,
2014-09-11,109,13,14,56,58,79,82,41,
2014-09-13,110,7,20,25,51,65,87,58,
2014-09-16,111,1,15,16,23,24,52,83,
2014-09-18,112,11,19,37,41,62,77,4,
2014-09-20,113,15,36,39,50,57,76,89,
2014-09-23,114,6,25,42,59,78,89,33,
2014-09-25,115,4,45,59,77,78,79,56,
2014-09-27,116,1,9,12,14,58,84,10,
2014-09-30,117,28,33,49,55,59,76,47,
2014-10-02,118,3,9,42,50,56,88,90,
2014-10-04,119,2,6,11,62,70,71,17,
2014-10-07,120,7,15,17,18,26,53,59,
2014-10-09,121,17,20,26,41,45,89,59,
2014-10-11,122,6,11,28,43,56,83,50,
2014-10-14,123,19,21,38,45,51,69,1,
2014-10-16,124,6,9,24,49,78,79,45,
2014-10-18,125,20,40,44,53,66,72,73,
2014-10-21,126,18,34,41,43,46,55,82,
2014-10-23,127,7,21,44,53,59,64,57,
2014-10-25,128,8,28,44,57,85,88,80,
2014-10-28,129,26,30,32,36,44,61,57,
2014-10-30,130,22,39,45,53,74,86,15,
2014-11-03,131,7,9,32,35,40,48,62,
2014-11-04,132,13,18,23,29,58,88,44,
2014-11-06,133,46,58,59,82,88,90,45,
2014-11-08,134,21,33,69,73,81,84,51,
2014-11-11,135,23,27,39,41,52,64,61,
2014-11-13,136,2,38,47,50,55,79,87,
2014-11-15,137,28,42,62,64,79,80,18,
2014-11-18,138,38,58,65,66,72,88,34,
2014-11-20,139,42,45,48,56,68,83,82,
2014-11-22,140,22,25,55,58,82,85,62,
2014-11-25,141,17,36,62,67,70,87,68,
2014-11-27,142,13,18,26,53,54,70,45,
2014-11-29,143,3,14,35,63,73,80,62,
2014-12-02,144,9,25,35,59,76,81,85,
2014-12-04,145,7,52,57,65,83,85,84,
2014-12-06,146,10,11,21,54,73,82,66,
2014-12-09,147,2,23,35,46,47,63,60,
2014-12-11,148,20,22,24,25,48,79,42,
2014-12-13,149,12,13,19,37,64,70,80,
2014-12-16,150,15,35,45,69,82,84,76,
2014-12-18,151,19,28,48,52,82,89,11,
2014-12-20,152,1,13,24,26,29,77,60,
2014-12-23,153,18,22,55,58,62,89,51,
2014-12-24,154,33,46,53,58,73,85,80,
2014-12-27,155,15,25,31,39,82,88,74,
2014-12-30,156,5,24,51,76,77,79,8,
2015-01-03,1,14,26,31,40,58,68,76,
2015-01-05,2,16,37,48,68,84,90,11,
2015-01-07,3,9,16,19,26,28,46,71,
2015-01-08,4,6,9,29,41,50,90,13,
2015-01-10,5,2,13,22,37,48,90,8,
2015-01-13,6,9,10,36,67,76,83,72,
2015-01-15,7,2,5,7,12,23,42,9,
2015-01-17,8,18,22,31,54,71,80,52,
2015-01-20,9,2,11,15,39,84,87,52,
2015-01-22,10,11,12,44,57,77,89,76,
2015-01-24,11,22,23,24,59,63,81,44,
2015-01-27,12,5,10,47,59,66,73,53,
2015-01-29,13,27,29,58,64,67,80,54,
2015-01-31,14,8,44,54,58,59,86,73,
2015-02-03,15,12,29,43,56,60,75,10,
2015-02-05,16,7,8,10,45,49,53,20,
2015-02-07,17,24,27,38,40,56,81,66,
2015-02-10,18,30,59,72,74,77,78,9,
2015-02-12,19,25,32,44,56,77,87,28,
2015-02-14,20,13,31,32,57,60,79,90,
2015-02-17,21,20,27,40,60,61,66,11,
2015-02-19,22,23,35,44,49,66,84,2,
2015-02-21,23,5,16,33,48,57,87,79,
2015-02-24,24,6,29,56,72,82,83,76,
2015-02-26,25,17,41,44,57,73,86,24,
2015-02-28,26,5,10,34,48,56,87,23,
2015-03-03,27,16,26,48,61,63,87,81,
2015-03-05,28,35,44,62,74,82,90,68,
2015-03-07,29,26,36,56,68,73,81,62,
2015-03-10,30,9,19,68,70,71,81,39,
2015-03-12,31,7,36,38,63,73,90,78,
2015-03-14,32,28,30,39,46,68,89,5,
2015-03-17,33,10,13,21,36,66,69,73,
2015-03-19,34,5,7,20,38,57,85,23,
2015-03-21,35,4,7,9,19,55,58,83,
2015-03-24,36,8,17,29,32,65,90,81,
2015-03-26,37,10,21,40,46,79,84,35,
2015-03-28,38,5,22,60,71,74,81,88,
2015-03-31,39,3,15,23,33,46,78,54,
2015-04-02,40,33,36,61,66,83,85,20,
2015-04-04,41,11,38,44,48,56,83,28,
2015-04-07,42,4,18,20,68,72,77,21,
2015-04-09,43,7,25,30,44,47,68,53,
2015-04-11,44,26,54,55,73,86,90,3,
2015-04-14,45,36,45,56,79,81,90,52,
2015-04-16,46,37,38,43,69,79,86,72,
2015-04-18,47,10,11,18,36,47,85,48,
2015-04-21,48,4,17,52,59,67,84,88,
2015-04-23,49,8,13,27,34,47,83,6,
2015-04-27,50,8,26,39,56,78,85,49,
2015-04-28,51,10,41,59,61,65,71,8,
2015-04-30,52,18,28,31,33,55,78,81,
2015-05-02,53,6,34,45,46,59,73,35,
2015-05-05,54,7,31,33,78,86,87,72,
2015-05-07,55,12,32,43,46,58,77,18,
2015-05-09,56,31,40,52,55,62,76,17,
2015-05-12,57,10,19,48,78,85,90,22,
2015-05-14,58,19,25,42,51,55,56,24,
2015-05-16,59,3,32,39,65,75,76,51,
2015-05-19,60,6,20,43,44,46,67,85,
2015-05-21,61,17,21,23,51,65,87,53,
2015-05-23,62,4,24,29,31,39,71,19,
2015-05-26,63,6,9,21,69,77,78,90,
2015-05-28,64,6,33,57,61,80,83,53,
2015-05-30,65,13,33,39,56,65,86,52,
2015-06-03,66,3,28,37,42,67,86,1,
2015-06-04,67,14,17,23,45,87,88,46,
2015-06-06,68,16,24,34,40,41,57,13,
2015-06-09,69,15,21,58,80,82,86,49,
2015-06-11,70,26,48,52,61,75,79,82,
2015-06-13,71,19,35,36,38,45,80,17,
2015-06-16,72,6,28,55,57,78,83,67,
2015-06-18,73,18,21,28,62,84,90,41,
2015-06-20,74,6,11,21,65,66,85,23,
2015-06-23,75,20,24,26,33,42,80,29,
2015-06-25,76,18,46,63,68,73,79,28,
2015-06-27,77,17,22,45,48,53,61,26,
2015-06-30,78,4,11,16,25,34,59,75,
2015-07-02,79,8,17,30,61,78,88,56,
2015-07-04,80,8,30,38,51,62,66,14,
2015-07-07,81,19,25,31,78,83,88,18,
2015-07-09,82,8,54,59,66,86,89,15,
2015-07-11,83,8,30,34,39,42,58,80,
2015-07-14,84,12,17,32,47,74,86,8,
2015-07-16,85,22,27,29,49,69,87,73,
2015-07-18,86,22,42,47,62,70,72,90,
2015-07-21,87,1,21,63,70,79,84,25,
2015-07-23,88,33,41,44,48,68,75,56,
2015-07-25,89,2,20,21,40,45,65,15,
2015-07-28,90,4,26,34,66,67,81,88,
2015-07-30,91,13,18,25,26,35,61,60,
2015-08-01,92,2,26,34,58,80,81,23,
2015-08-04,93,34,53,77,78,83,89,87,
2015-08-06,94,2,27,36,39,53,79,72,
2015-08-08,95,3,7,17,26,55,72,41,
2015-08-11,96,17,25,32,42,71,85,60,
2015-08-13,97,4,17,34,41,66,78,30,
2015-08-17,98,1,4,50,70,71,76,84,
2015-08-18,99,20,30,45,50,76,86,3,
2015-08-20,100,4,14,31,68,70,74,73,
2015-08-22,101,6,7,9,14,17,35,27,
2015-08-25,102,3,18,19,65,81,88,70,
2015-08-27,103,2,4,12,40,50,80,13,
2015-08-29,104,7,28,44,55,57,78,14,
2015-09-01,105,13,30,38,48,50,77,29,
2015-09-03,106,13,18,19,49,78,87,45,
2015-09-05,107,24,30,36,42,71,86,32,
2015-09-08,108,41,50,54,60,75,88,62,
2015-09-10,109,10,14,15,34,75,88,1,
2015-09-12,110,11,24,46,48,68,82,5,
2015-09-15,111,9,17,20,32,35,56,24,
2015-09-17,112,8,9,42,71,78,79,62,
2015-09-19,113,9,32,40,49,52,60,5,
2015-09-22,114,10,26,50,55,62,81,27,
2015-09-24,115,1,32,36,61,78,80,79,
2015-09-26,116,1,37,69,74,77,89,28,
2015-09-29,117,17,25,41,45,57,82,22,
2015-10-01,118,2,17,21,49,69,74,79,
2015-10-03,119,2,4,14,31,43,61,11,
2015-10-06,120,8,11,17,27,62,84,41,
2015-10-08,121,23,32,33,55,84,90,2,
2015-10-10,122,32,41,45,47,78,90,59,
2015-10-13,123,35,36,63,71,75,89,15,
2015-10-15,124,7,9,16,24,32,40,17,
2015-10-17,125,4,6,61,63,65,72,9,
2015-10-20,126,18,34,58,60,64,88,5,
2015-10-22,127,1,6,32,50,51,81,4,
2015-10-24,128,9,14,33,38,46,87,2,
2015-10-27,129,13,15,48,50,74,83,84,
2015-10-29,130,4,16,40,57,71,84,62,
2015-10-31,131,6,25,26,52,86,88,61,
2015-11-03,132,30,41,47,71,79,86,83,
2015-11-05,133,17,21,29,33,43,62,85,
2015-11-07,134,2,19,22,46,51,54,83,
2015-11-10,135,8,31,33,38,66,77,3,
2015-11-12,136,19,22,31,41,54,87,38,
2015-11-14,137,19,56,73,84,85,86,2,
2015-11-17,138,27,29,39,54,59,74,79,
2015-11-19,139,25,28,44,52,87,89,10,
2015-11-21,140,13,25,33,53,75,83,38,
2015-11-24,141,52,54,70,80,82,84,66,
2015-11-26,142,12,36,45,67,77,88,11,
2015-11-28,143,20,23,28,51,65,81,87,
2015-12-01,144,31,39,55,58,85,87,86,
2015-12-03,145,38,46,53,65,77,84,80,
2015-12-05,146,1,28,34,42,49,77,65,
2015-12-09,147,21,54,62,63,82,83,37,
2015-12-10,148,1,19,20,56,60,83,63,
2015-12-12,149,18,20,46,47,55,66,75,
2015-12-15,150,5,30,36,63,84,85,37,
2015-12-17,151,11,44,56,81,83,87,9,
2015-12-19,152,7,22,46,50,55,73,14,
2015-12-22,153,18,22,23,57,60,69,14,
2015-12-24,154,6,8,24,28,36,63,79,
2015-12-28,155,5,38,48,52,81,88,65,
2015-12-29,156,15,20,57,72,76,89,30,
2015-12-31,157,15,26,29,77,81,90,37,
2016-01-02,1,1,17,39,41,56,65,18,
2016-01-05,2,7,20,40,56,60,90,76,
2016-01-07,3,10,38,61,62,74,86,69,
2016-01-09,4,20,26,36,50,51,74,83,
2016-01-12,5,3,9,28,42,50,79,87,
2016-01-14,6,5,8,17,41,46,87,30,
2016-01-16,7,11,17,48,52,70,90,29,
2016-01-19,8,13,18,35,43,51,66,72,
2016-01-21,9,2,12,32,57,61,81,54,
2016-01-23,10,4,5,8,14,32,49,18,
2016-01-26,11,24,45,50,60,63,87,71,
2016-01-28,12,2,6,15,39,80,83,47,
2016-01-30,13,13,24,51,68,77,81,76,
2016-02-02,14,19,38,40,56,65,80,35,
2016-02-04,15,7,21,31,39,46,69,77,
2016-02-06,16,10,24,36,63,77,89,81,
2016-02-09,17,11,26,46,56,58,78,60,
2016-02-11,18,17,27,45,53,71,74,21,
2016-02-13,19,2,30,49,66,74,80,33,
2016-02-16,20,2,10,27,34,38,40,72,
2016-02-18,21,12,26,30,51,57,89,54,
2016-02-20,22,29,32,33,49,54,85,16,
2016-02-23,23,2,14,58,74,80,82,86,
2016-02-25,24,14,33,52,67,71,81,80,
2016-02-27,25,19,22,28,48,49,85,78,
2016-03-01,26,15,20,25,30,45,55,73,
2016-03-03,27,8,16,29,49,56,62,44,
2016-03-05,28,6,8,68,77,80,86,27,
2016-03-08,29,8,27,32,51,52,89,49,
2016-03-10,30,9,16,18,22,65,71,84,
2016-03-12,31,29,37,52,67,80,82,68,
2016-03-15,32,2,4,17,19,38,56,80,
2016-03-17,33,1,12,65,67,76,86,89,
2016-03-19,34,18,41,51,56,72,76,68,
2016-03-22,35,17,31,32,43,59,71,2,
2016-03-24,36,14,24,26,57,67,89,28,
2016-03-26,37,28,43,67,68,72,79,18,
2016-03-29,38,29,55,65,71,73,77,5,
2016-03-31,39,17,28,63,78,84,88,34,
2016-04-02,40,2,24,65,75,81,88,6,
2016-04-05,41,12,23,28,32,42,85,31,
2016-04-07,42,38,42,45,59,66,87,5,
2016-04-09,43,2,5,12,33,54,59,18,
2016-04-12,44,34,50,55,72,79,89,1,
2016-04-14,45,1,2,6,42,67,83,80,
2016-04-16,46,8,12,23,58,86,89,62,
2016-04-19,47,14,30,61,86,88,90,89,
2016-04-21,48,1,15,30,50,54,62,71,
2016-04-23,49,10,11,15,33,79,83,27,
2016-04-26,50,38,49,51,59,77,90,35,
2016-05-31,65,8,18,33,41,62,71,1,
2016-06-04,66,8,10,18,64,85,87,3,
2016-06-06,67,3,54,56,57,75,90,1,
2016-06-07,68,24,29,45,63,65,70,8,
2016-06-09,69,9,14,61,76,80,83,44,
2016-06-11,70,27,30,34,40,52,68,50,
2016-06-14,71,25,31,33,42,58,86,3,
2016-06-16,72,18,19,29,47,59,68,21,
2016-06-18,73,24,25,45,51,52,63,19,
2016-06-21,74,4,30,31,45,49,85,11,
2016-06-23,75,17,18,25,43,66,87,1,
2016-06-25,76,11,14,44,54,85,87,35,
2016-06-28,77,5,23,44,59,60,83,50,
2016-06-30,78,30,31,32,34,50,51,75,
2016-07-02,79,8,9,22,43,50,56,20,
2016-07-05,80,22,26,43,50,59,65,20,
2016-07-07,81,1,4,32,59,70,86,89,
2016-07-09,82,12,34,44,45,53,68,81,
2016-07-12,83,1,41,59,63,81,85,74,
2016-07-14,84,38,56,61,67,72,82,87,
2016-07-16,85,26,37,43,67,75,78,10,
2016-07-19,86,4,10,28,29,48,52,3,
2016-07-21,87,19,27,35,56,60,89,47,
2016-07-23,88,1,30,42,61,76,88,71,
2016-07-26,89,4,13,15,18,72,76,69,
2016-07-28,90,29,37,38,61,63,85,59,
2016-07-30,91,15,22,26,45,48,82,64,
2016-08-02,92,34,54,57,84,89,90,44,
2016-08-04,93,25,37,40,61,65,77,23,
2016-08-06,94,23,34,58,61,71,77,53,
2016-08-09,95,12,27,34,76,77,85,78,
2016-08-11,96,31,65,78,85,89,90,34,
2016-08-13,97,2,25,43,72,87,89,74,
2016-08-16,98,9,12,18,63,64,73,88,
2016-08-18,99,8,39,59,65,82,83,41,
2016-08-20,100,10,29,35,44,49,65,50,
2016-08-23,101,4,28,48,67,68,84,2,
2016-08-25,102,16,28,40,43,57,61,8,
2016-08-27,103,1,32,37,54,66,81,90,
2016-08-30,104,6,9,17,47,66,86,21,
2016-09-01,105,4,18,43,60,69,85,87,
2016-09-03,106,4,29,35,46,82,85,13,
2016-09-06,107,7,30,34,61,84,88,25,
2016-09-08,108,6,12,47,51,60,79,54,
2016-09-10,109,9,13,16,49,64,65,58,
2016-09-13,110,9,22,48,66,68,83,62,
2016-09-15,111,14,18,30,48,53,86,71,
2016-09-17,112,2,4,10,59,68,88,58,
2016-09-20,113,45,46,48,52,77,78,21,
2016-09-22,114,4,11,34,49,55,83,85,
2016-09-24,115,3,16,22,31,45,56,37,
2016-09-27,116,36,41,55,81,83,85,51,
2016-09-29,117,11,40,41,44,67,70,68,
2016-10-01,118,18,19,57,74,80,82,29,
2016-10-04,119,47,49,67,80,84,85,21,
2016-10-06,120,2,12,26,52,59,80,16,
2016-10-08,121,18,25,37,47,62,87,74,
2016-10-11,122,11,12,17,53,71,76,90,
2016-10-13,123,4,34,39,60,61,77,85,
2016-10-15,124,4,7,36,72,78,81,20,
2016-10-18,125,24,44,48,61,73,87,88,
2016-10-20,126,2,43,65,66,67,90,44,
2016-10-22,127,1,6,45,48,64,78,33,
2016-10-25,128,4,40,54,65,83,85,73,
2016-10-27,129,3,12,23,71,76,83,56,
2016-10-29,130,1,7,13,17,40,49,80,
2016-10-31,131,3,14,18,25,47,75,72,
2016-11-03,132,21,35,56,66,68,79,15,
2016-11-05,133,21,22,26,35,47,85,18,
2016-11-08,134,31,32,60,75,81,84,62,
2016-11-10,135,26,41,50,55,69,86,47,
2016-11-12,136,9,12,20,22,75,90,77,
2016-11-15,137,9,18,25,31,78,81,33,
2016-11-17,138,2,20,23,41,44,59,29,
2016-11-19,139,28,29,37,43,51,78,90,
2016-11-22,140,8,21,44,77,80,86,62,
2016-11-24,141,53,68,75,79,82,84,42,
2016-11-26,142,41,42,44,47,68,69,80,
2016-11-29,143,5,24,35,49,62,77,90,
2016-12-01,144,11,20,31,56,63,72,28,
2016-12-03,145,2,10,15,26,68,71,64,
2016-12-06,146,24,51,56,64,65,73,34,
2016-12-10,147,54,65,66,68,70,85,52,
2016-12-12,148,6,39,52,65,68,86,30,
2016-12-13,149,17,21,35,48,60,76,23,
2016-12-15,150,9,30,31,53,67,86,42,
2016-12-17,151,7,15,31,39,41,45,50,
2016-12-20,152,10,11,29,47,58,73,43,
2016-12-22,153,14,23,24,44,77,86,74,
2016-12-24,154,1,19,21,32,48,86,3,
2016-12-27,155,13,25,30,57,58,64,14,
2016-12-29,156,31,33,38,58,76,85,25,
2016-12-31,157,12,14,18,22,28,33,66,
2017-01-03,1,9,12,27,32,45,77,3,
2017-01-05,2,1,7,21,27,39,78,40,
2017-01-07,3,2,8,62,79,81,88,32,
2017-01-10,4,1,9,22,25,58,84,12,
2017-01-12,5,14,16,30,34,52,73,28,
2017-01-14,6,12,17,24,45,67,84,32,
2017-01-17,7,16,44,49,57,60,81,51,
2017-01-19,8,32,51,74,79,80,81,64,
2017-01-21,9,6,55,63,68,76,80,37,
2017-01-24,10,63,67,74,77,83,85,21,
2017-01-26,11,43,48,49,51,60,75,29,
2017-01-28,12,9,13,15,51,73,74,7,
2017-01-31,13,14,15,16,43,49,77,8,
2017-02-02,14,11,27,56,57,64,66,33,
2017-02-04,15,13,18,34,51,62,81,20,
2017-02-07,16,2,21,38,74,79,83,88,
2017-02-09,17,18,25,35,38,45,75,20,
2017-02-11,18,6,9,11,32,63,83,42,
2017-02-14,19,9,14,19,35,48,65,2,
2017-02-16,20,13,17,26,33,60,78,69,
2017-02-18,21,7,13,24,36,37,86,33,
2017-02-21,22,4,22,36,60,66,90,11,
2017-02-23,23,9,11,21,37,86,90,17,
2017-02-25,24,11,17,40,69,84,85,82,
2017-02-28,25,19,22,44,45,71,76,3,
2017-03-02,26,34,37,52,58,65,89,86,
2017-03-04,27,2,11,26,51,64,87,37,
2017-03-07,28,8,19,28,33,71,89,17,
2017-03-09,29,4,17,39,40,50,58,15,
2017-03-11,30,3,6,46,48,63,76,66,
2017-03-14,31,16,21,53,74,79,80,27,
2017-03-16,32,16,21,31,62,69,85,12,
2017-03-18,33,14,41,60,74,79,80,18,
2017-03-21,34,32,35,58,63,76,79,14,
2017-03-23,35,25,39,48,74,86,89,67,
2017-03-25,36,3,50,60,64,85,86,58,
2017-03-28,37,3,6,20,54,72,90,71,
2017-03-30,38,5,16,40,70,74,76,85,
2017-04-01,39,8,46,68,70,76,86,39,
2017-04-04,40,3,16,29,34,37,57,62,
2017-04-06,41,15,16,21,24,53,89,31,
2017-04-08,42,4,6,27,76,80,86,48,
2017-04-11,43,5,57,59,69,81,86,77,
2017-04-13,44,16,24,56,69,85,87,51,
2017-04-15,45,6,20,35,36,55,59,52,
2017-04-18,46,18,29,52,74,76,88,31,
2017-04-20,47,3,14,52,67,72,82,61,
2017-04-22,48,1,4,9,10,36,79,56,
2017-04-24,49,8,17,28,35,74,82,13,
2017-04-27,50,8,27,54,62,82,83,17,
2017-04-29,51,8,14,25,41,79,84,85,
2017-05-02,52,28,43,59,60,78,80,2,
2017-05-04,53,15,20,33,39,65,75,7,
2017-05-06,54,57,60,73,77,82,86,72,
2017-05-09,55,3,25,63,70,75,78,65,
2017-05-11,56,19,37,45,51,82,83,58,
2017-05-13,57,4,15,21,22,44,77,54,
2017-05-16,58,29,38,75,79,80,90,67,
2017-05-18,59,1,19,47,61,70,87,37,
2017-05-20,60,6,37,46,53,73,78,69,
2017-05-23,61,10,18,23,34,61,75,35,
2017-05-25,62,10,33,40,42,46,77,63,
2017-05-27,63,16,34,57,64,65,78,49,
2017-05-30,64,21,26,35,59,66,70,69,
2017-06-01,65,7,15,27,37,56,58,32,
2017-06-03,66,2,22,36,77,83,90,47,
2017-06-06,67,7,12,26,46,56,70,13,
2017-06-08,68,11,28,32,48,54,59,73,
2017-06-10,69,19,54,56,57,67,69,21,
2017-06-13,70,41,50,69,71,77,81,26,
2017-06-15,71,6,24,28,32,78,83,13,
2017-06-17,72,45,48,71,75,80,83,40,
2017-06-20,73,38,46,54,76,82,86,17,
2017-06-22,74,9,18,24,42,59,71,69,
2017-06-24,75,2,18,20,23,30,75,26,
2017-06-27,76,9,14,62,64,78,82,24,
2017-06-29,77,16,19,38,40,58,79,26,
2017-07-01,78,15,20,45,59,81,85,72,
2017-07-04,79,21,37,58,75,81,85,12,
2017-07-06,80,36,37,46,48,51,74,54,
2017-07-08,81,6,8,32,54,80,82,75,
2017-07-11,82,6,12,38,42,49,83,53,
2017-07-13,83,2,11,26,62,74,78,88,
2017-07-15,84,27,37,44,47,73,86,68,
2017-07-18,85,17,34,42,47,75,85,49,
2017-07-20,86,22,32,45,60,61,80,67,
2017-07-22,87,6,22,26,33,51,88,68,
2017-07-25,88,4,29,30,47,52,59,79,
2017-07-27,89,5,15,52,60,77,84,28,
2017-07-29,90,5,11,58,75,78,81,79,
2017-08-01,91,1,8,28,54,82,90,5,
2017-08-03,92,20,25,39,49,69,71,2,
2017-08-05,93,14,19,50,69,75,90,67,
2017-08-08,94,17,24,33,41,63,66,83,
2017-08-10,95,3,5,24,41,48,80,71,
2017-08-12,96,6,17,32,40,44,67,21,
2017-08-14,97,34,44,46,47,64,88,72,
2017-08-17,98,22,28,46,52,69,86,68,
2017-08-19,99,18,29,34,47,48,60,25,
2017-08-22,100,34,46,50,52,67,86,58,
2017-08-24,101,40,45,54,72,85,88,50,
2017-08-26,102,28,29,36,54,55,68,8,
2017-08-29,103,21,23,54,73,84,88,33,
2017-08-31,104,5,29,32,33,72,89,70,
2017-09-02,105,2,49,57,60,71,77,40,
2017-09-05,106,7,12,66,68,73,76,59,
2017-09-07,107,11,29,64,68,70,85,48,
2017-09-09,108,29,39,49,56,83,85,11,
2017-09-12,109,7,10,25,26,37,68,41,
2017-09-14,110,18,25,29,30,33,69,38,
2017-09-16,111,22,35,36,55,63,86,47,
2017-09-19,112,38,45,46,55,65,73,53,
2017-09-21,113,13,16,27,48,67,77,8,
2017-09-23,114,8,46,48,69,72,81,66,
2017-09-26,115,13,18,19,46,58,60,57,
2017-09-28,116,6,15,39,68,80,89,60,
2017-09-30,117,7,12,21,22,39,90,71,
2017-10-03,118,6,21,38,48,79,90,35,
2017-10-05,119,14,33,48,61,65,80,46,
2017-10-07,120,14,17,35,37,55,83,43,
2017-10-10,121,4,26,52,65,66,72,1,
2017-10-12,122,9,16,19,35,41,59,68,
2017-10-14,123,2,13,50,75,85,90,44,
2017-10-17,124,10,17,30,55,62,78,76,
2017-10-19,125,16,17,58,66,71,72,12,
2017-10-21,126,21,22,31,32,33,81,48,
2017-10-24,127,6,45,47,61,74,80,32,
2017-10-26,128,14,38,43,57,65,72,30,
2017-10-28,129,7,11,17,28,32,79,80,
2017-10-31,130,19,24,35,69,80,89,62,
2017-11-02,131,11,31,46,48,65,68,28,
2017-11-04,132,6,7,8,38,45,78,26,
2017-11-07,133,2,6,34,69,77,86,15,
2017-11-09,134,8,12,41,42,46,51,67,
2017-11-11,135,16,31,33,51,75,80,21,
2017-11-14,136,1,11,40,45,46,57,60,
2017-11-16,137,2,12,16,26,51,73,46,
2017-11-18,138,3,16,24,27,44,88,80,
2017-11-21,139,32,40,41,47,56,72,58,
2017-11-23,140,14,38,40,51,53,64,71,
2017-11-25,141,16,20,22,42,54,62,52,
2017-11-28,142,27,28,48,61,87,88,86,
2017-11-30,143,5,17,19,33,43,63,15,
2017-12-02,144,4,12,25,27,35,69,67,
2017-12-05,145,10,34,45,63,81,83,41,
2017-12-07,146,14,15,65,68,82,85,42,
2017-12-09,147,21,24,48,51,60,82,88,
2017-12-12,148,2,30,44,52,58,69,76,
2017-12-14,149,25,33,39,59,72,74,22,
2017-12-16,150,3,7,53,65,66,73,11,
2017-12-18,151,24,55,71,73,85,90,2,
2017-12-19,152,22,39,43,65,77,89,18,
2017-12-21,153,12,25,50,59,67,88,24,
2017-12-23,154,35,39,48,71,88,89,10,
2017-12-28,155,10,28,33,43,50,80,34,
2017-12-30,156,6,17,23,46,52,53,85,
2018-01-02,1,1,19,26,44,61,89,84,
2018-01-04,2,5,19,28,43,58,82,1,
2018-01-08,3,15,18,24,33,48,64,58,
2018-01-09,4,8,69,70,84,88,90,53,
2018-01-11,5,3,25,28,37,71,82,75,
2018-01-13,6,2,10,41,49,56,71,36,
2018-01-16,7,9,29,51,53,74,76,28,
2018-01-18,8,29,43,46,50,85,86,39,
2018-01-20,9,27,48,50,74,76,84,19,
2018-01-23,10,2,5,24,32,47,62,17,
2018-01-25,11,15,38,48,52,66,71,39,
2018-01-27,12,5,24,68,72,78,85,32,
2018-01-30,13,22,39,47,49,77,89,80,
2018-02-01,14,20,45,51,63,85,89,2,
2018-02-03,15,1,8,19,28,34,87,43,
2018-02-06,16,4,8,16,35,36,74,31,
2018-02-08,17,24,25,30,43,47,90,77,
2018-02-10,18,7,31,35,57,88,89,87,
2018-02-13,19,3,11,38,53,70,71,27,
2018-02-15,20,5,17,34,40,78,82,60,
2018-02-17,21,5,17,37,40,55,79,31,
2018-02-20,22,17,25,52,55,67,75,90,
2018-02-22,23,9,40,45,70,76,81,39,
2018-02-24,24,10,44,48,62,68,83,61,
2018-02-27,25,48,56,66,83,86,89,6,
2018-03-01,26,9,23,57,72,77,82,64,
2018-03-03,27,2,19,62,74,81,83,56,
2018-03-06,28,12,36,45,46,67,75,66,
2018-03-08,29,22,50,52,65,66,89,57,
2018-03-10,30,11,15,42,64,82,84,5,
2018-03-13,31,19,33,42,65,78,85,74,
2018-03-15,32,2,13,17,31,45,69,87,
2018-03-17,33,7,35,52,85,88,90,72,
2018-03-20,34,9,20,33,43,44,48,8,
2018-03-22,35,20,23,29,37,39,72,44,
2018-03-24,36,2,24,42,62,66,81,36,
2018-03-27,37,10,16,35,63,73,83,20,
2018-03-29,38,11,15,32,35,52,56,5,
2018-03-31,39,1,6,7,9,45,79,80,
2018-04-03,40,30,45,47,49,71,90,29,
2018-04-05,41,7,27,55,63,73,77,33,
2018-04-07,42,3,20,47,55,81,83,28,
2018-04-10,43,27,35,46,68,72,82,81,
2018-04-12,44,8,28,34,38,47,54,7,
2018-04-14,45,1,10,31,44,58,80,70,
2018-04-17,46,12,23,39,54,72,73,53,
2018-04-19,47,5,17,20,44,62,80,48,
2018-04-21,48,11,43,68,72,79,85,71,
2018-04-24,49,31,41,44,67,75,82,39,
2018-04-26,50,44,52,64,66,67,71,83,
2018-04-28,51,2,25,41,42,74,87,13,
2018-04-30,52,6,10,26,47,60,75,78,
2018-05-03,53,9,19,31,39,77,82,22,
2018-05-05,54,6,14,19,59,79,81,65,
2018-05-08,55,17,18,41,57,58,75,83,
2018-05-10,56,41,62,77,79,81,84,60,
2018-05-12,57,29,49,50,56,64,78,89,
2018-05-15,58,3,10,38,52,65,71,1,
2018-05-17,59,16,33,34,74,79,80,64,
2018-05-19,60,40,51,55,56,74,81,35,
2018-05-22,61,12,13,19,37,62,72,40,
2018-05-24,62,1,27,31,58,83,87,86,
2018-05-26,63,20,27,32,55,69,90,60,
2018-05-29,64,19,28,42,49,68,83,20,
2018-05-31,65,9,57,64,66,69,86,2,
2018-06-04,66,45,56,66,74,77,88,47,
2018-06-05,67,6,10,11,21,71,75,26,
2018-06-07,68,33,39,47,64,67,76,31,
2018-06-09,69,13,32,41,51,61,86,42,
2018-06-12,70,1,12,31,33,44,50,48,
2018-06-14,71,5,37,51,65,79,81,30,
2018-06-16,72,2,9,15,22,47,65,86,
2018-06-19,73,1,7,25,40,68,75,84,
2018-06-21,74,6,11,37,42,58,62,26,
2018-06-23,75,4,17,29,55,67,70,72,
2018-06-26,76,2,6,37,39,51,86,7,
2018-06-28,77,28,36,55,76,81,89,16,
2018-06-30,78,9,13,23,32,45,54,80,
2018-07-03,79,28,33,38,41,66,72,31,
2018-07-05,80,11,19,27,41,61,83,3,
2018-07-07,81,3,51,55,64,77,79,34,
2018-07-10,82,27,41,50,60,63,81,90,
2018-07-12,83,3,13,18,24,74,89,34,
2018-07-14,84,2,9,14,19,27,77,75,
2018-07-17,85,30,35,44,60,72,76,23,
2018-07-19,86,11,38,47,71,76,77,43,
2018-07-21,87,22,36,38,56,59,67,52,
2018-07-24,88,7,29,37,43,72,79,30,
2018-07-26,89,21,34,53,72,80,84,73,
2018-07-28,90,10,19,47,67,68,75,40,
2018-07-31,91,23,32,49,53,61,85,87,
2018-08-02,92,5,6,41,44,65,74,61,
2018-08-04,93,23,39,53,56,64,84,22,
2018-08-07,94,11,18,21,23,55,66,26,
2018-08-09,95,31,32,46,54,73,90,47,
2018-08-11,96,14,57,73,79,82,84,83,
2018-08-14,97,21,43,45,57,67,83,37,
2018-08-16,98,2,10,12,21,22,50,3,
2018-08-18,99,7,14,27,66,70,81,76,
2018-08-21,100,2,16,30,39,51,79,57,
2018-08-23,101,14,23,32,34,40,80,73,
2018-08-25,102,42,44,54,68,69,81,70,
2018-08-28,103,1,26,39,43,73,89,55,
2018-08-30,104,16,28,29,55,63,69,46,
2018-09-01,105,1,4,19,23,55,68,28,
2018-09-04,106,18,25,47,51,70,83,2,
2018-09-06,107,2,23,34,52,76,87,58,
2018-09-08,108,7,25,32,39,59,86,27,
2018-09-11,109,59,61,63,65,71,84,12,
2018-09-13,110,16,23,29,49,57,76,30,
2018-09-15,111,3,26,34,61,84,87,67,
2018-09-18,112,2,24,31,42,47,55,40,
2018-09-20,113,15,18,56,67,72,74,6,
2018-09-22,114,12,16,29,45,82,85,89,
2018-09-25,115,17,24,57,64,70,89,76,
2018-09-27,116,21,37,46,56,65,77,76,
2018-09-29,117,34,54,77,80,81,87,18,
2018-10-02,118,3,7,18,47,64,82,84,
2018-10-04,119,15,30,72,79,86,90,70,
2018-10-06,120,27,28,33,75,77,78,20,
2018-10-09,121,10,36,49,53,77,85,35,
2018-10-11,122,20,23,39,50,62,68,27,
2018-10-13,123,14,36,39,46,55,59,64,
2018-10-16,124,8,13,25,50,65,72,54,
2018-10-18,125,16,23,50,73,80,88,89,
2018-10-20,126,4,14,27,38,89,90,57,
2018-10-23,127,6,30,49,56,64,81,42,
2018-10-25,128,10,21,24,26,29,89,60,
2018-10-27,129,3,12,35,51,59,80,34,
2018-10-30,130,38,40,43,59,67,72,22,
2018-11-03,131,23,35,40,79,86,87,13,
2018-11-05,132,8,36,39,40,48,50,68,
2018-11-06,133,4,16,24,42,51,84,14,
2018-11-08,134,11,15,20,27,45,59,7,
2018-11-10,135,9,15,20,46,50,84,3,
2018-11-13,136,7,15,22,31,46,50,61,
2018-11-15,137,6,12,34,36,40,66,82,
2018-11-17,138,3,5,38,53,54,82,9,
2018-11-20,139,3,9,43,48,61,83,7,
2018-11-22,140,15,24,28,34,56,73,51,
2018-11-24,141,30,38,63,68,77,80,45,
2018-11-27,142,6,12,15,30,31,89,37,
2018-11-29,143,6,22,27,36,62,76,28,
2018-12-01,144,7,16,33,54,80,84,18,
2018-12-04,145,6,31,37,47,71,78,8,
2018-12-06,146,10,30,44,45,47,49,15,
2018-12-10,147,7,37,52,73,87,88,44,
2018-12-11,148,6,17,32,38,47,90,75,
2018-12-13,149,7,9,12,21,30,41,44,
2018-12-15,150,5,23,36,42,47,79,56,
2018-12-18,151,39,61,68,69,70,86,73,
2018-12-20,152,11,49,58,71,76,89,20,
2018-12-22,153,4,14,16,51,64,88,65,
2018-12-24,154,12,19,36,42,77,87,47,
2018-12-27,155,36,43,44,49,78,82,18,
2018-12-29,156,24,37,46,49,62,71,53,
2019-01-03,1,1,35,52,56,64,70,79,
2019-01-05,2,46,52,55,68,76,89,11,
2019-01-07,3,3,8,28,45,55,58,1,
2019-01-08,4,23,34,38,54,57,87,39,
2019-01-10,5,2,39,66,76,86,87,15,
2019-01-12,6,16,33,36,62,73,88,48,
2019-01-15,7,8,43,51,56,57,87,25,
2019-01-17,8,21,26,33,35,63,89,9,
2019-01-19,9,1,15,45,48,60,80,2,
2019-01-22,10,3,22,79,82,83,88,58,
2019-01-24,11,3,19,40,49,60,82,12,
2019-01-26,12,17,19,62,72,78,82,46,
2019-01-29,13,6,11,29,65,87,90,15,
2019-01-31,14,4,21,59,63,65,83,29,
2019-02-02,15,37,42,52,80,86,88,45,
2019-02-05,16,11,21,34,46,50,86,55,
2019-02-07,17,9,26,27,49,54,76,51,
2019-02-09,18,5,26,43,52,63,90,6,
2019-02-12,19,14,28,64,69,84,90,27,
2019-02-14,20,4,30,47,76,78,83,53,
2019-02-16,21,10,17,42,59,61,80,65,
2019-02-19,22,15,16,32,63,67,70,20,
2019-02-21,23,11,16,43,59,87,90,31,
2019-02-23,24,5,31,47,60,68,88,62,
2019-02-26,25,13,25,27,52,66,75,16,
2019-02-28,26,2,11,50,55,79,85,58,
2019-03-02,27,19,34,37,40,66,69,25,
2019-03-05,28,3,6,16,36,56,82,83,
2019-03-07,29,8,42,51,62,80,84,24,
2019-03-09,30,9,15,51,70,78,86,17,
2019-03-12,31,13,37,58,66,67,88,6,
2019-03-14,32,27,28,42,63,78,86,70,
2019-03-16,33,49,61,63,77,87,88,13,
2019-03-19,34,12,15,38,43,56,85,80,
2019-03-21,35,27,32,52,59,69,90,75,
2019-03-23,36,21,32,43,63,83,90,25,
2019-03-26,37,14,27,45,47,52,84,12,
2019-03-28,38,43,53,58,68,83,90,89,
2019-03-30,39,1,10,20,28,47,55,6,
2019-04-02,40,19,25,30,32,37,60,85,
2019-04-04,41,7,29,38,49,66,70,41,
2019-04-06,42,41,54,85,87,88,89,71,
2019-04-09,43,1,13,28,33,37,65,83,
2019-04-11,44,5,10,52,60,85,88,46,
2019-04-13,45,16,22,30,40,51,77,39,
2019-04-16,46,15,55,58,62,82,90,24,
2019-04-18,47,7,10,46,47,73,89,1,
2019-04-20,48,5,18,76,87,88,89,17,
2019-04-23,49,19,20,32,51,63,79,78,
2019-04-27,50,6,17,18,42,64,71,88,
2019-04-29,51,8,22,61,65,69,74,86,
2019-04-30,52,13,29,31,51,55,72,36,
2019-05-02,53,1,28,57,75,82,83,52,
2019-05-04,54,4,15,41,52,76,85,14,
2019-05-07,55,5,8,21,49,66,90,77,
2019-05-09,56,3,17,26,38,54,82,42,
2019-05-11,57,9,20,47,58,65,78,25,
2019-05-14,58,37,59,69,75,89,90,2,
2019-05-16,59,11,25,37,67,75,85,35,
2019-05-18,60,31,33,44,57,62,65,25,
2019-05-21,61,20,38,76,82,84,87,75,
2019-05-23,62,2,8,15,32,72,79,16,
2019-05-25,63,33,51,53,59,66,68,43,
2019-05-28,64,8,30,33,58,84,89,88,
2019-05-30,65,16,33,59,65,69,73,29,
2019-06-01,66,17,19,24,46,48,72,56,
2019-06-04,67,15,49,63,79,85,86,68,
2019-06-06,68,2,15,47,54,78,79,68,
2019-06-08,69,15,16,54,64,66,72,44,
2019-06-11,70,16,25,36,46,48,58,73,
2019-06-13,71,11,22,23,26,32,77,18,
2019-06-15,72,4,23,43,47,74,82,73,
2019-06-18,73,13,23,63,67,68,81,38,
2019-06-20,74,25,26,35,42,65,76,77,
2019-06-22,75,35,39,41,69,70,74,89,
2019-06-25,76,14,43,61,62,75,85,69,
2019-06-27,77,33,34,37,50,68,82,22,
2019-06-29,78,6,22,33,45,60,81,68,
2019-07-02,79,13,18,37,48,63,67,65,
2019-07-04,80,40,42,57,64,80,86,38,
2019-07-06,81,6,12,22,25,29,62,90,
2019-07-09,82,1,20,26,54,59,74,52,
2019-07-11,83,15,26,32,48,66,84,80,
2019-07-13,84,3,13,15,36,42,90,6,
2019-07-16,85,30,47,48,60,67,90,85,
2019-07-18,86,12,22,37,40,51,68,49,
2019-07-20,87,2,23,29,51,79,84,67,
2019-07-23,88,18,32,34,55,74,79,78,
2019-07-25,89,7,20,28,36,55,69,4,
2019-07-27,90,13,33,40,61,78,80,66,
2019-07-30,91,6,8,16,42,84,87,62,
2019-08-01,92,20,30,37,52,82,83,18,
2019-08-03,93,6,16,21,27,33,66,1,
2019-08-06,94,20,22,27,43,46,72,28,
2019-08-08,95,6,10,24,63,66,89,67,
2019-08-10,96,10,15,42,57,68,80,25,
2019-08-13,97,7,32,41,59,75,76,21,
2019-08-17,98,8,13,31,37,39,46,54,
2019-08-19,99,17,28,57,66,67,71,78,
2019-08-20,100,20,35,40,41,79,88,28,
2019-08-22,101,1,12,24,42,65,67,39,
2019-08-24,102,20,36,40,42,63,86,17,
2019-08-27,103,4,15,34,37,47,73,26,
2019-08-29,104,21,37,45,53,83,84,2,
2019-08-31,105,31,35,52,59,60,75,51,
2019-09-03,106,18,29,39,58,59,76,53,
2019-09-05,107,7,26,31,34,52,54,32,
2019-09-07,108,9,29,43,66,70,84,52,
2019-09-10,109,15,16,21,49,50,83,20,
2019-09-12,110,12,17,20,62,80,88,26,
2019-09-14,111,1,7,10,40,52,59,47,
2019-09-17,112,9,18,26,43,60,79,57,
2019-09-19,113,38,50,53,56,65,76,86,
2019-09-21,114,31,36,44,47,50,56,17,
2019-09-24,115,7,45,55,60,81,89,25,
2019-09-26,116,17,20,42,44,83,90,18,
2019-09-28,117,37,49,66,75,77,82,31,
2019-10-01,118,11,59,63,73,84,89,62,
2019-10-03,119,4,5,31,35,46,80,77,
2019-10-05,120,20,38,52,58,68,72,45,
2019-10-08,121,25,35,47,70,79,87,83,
2019-10-10,122,9,12,29,42,65,75,84,
2019-10-12,123,5,33,40,45,79,90,78,
2019-10-15,124,5,38,45,54,59,65,78,
2019-10-17,125,10,29,33,55,65,72,47,
2019-10-19,126,15,30,75,76,77,79,11,
2019-10-22,127,9,28,40,77,79,81,4,
2019-10-24,128,18,51,53,57,82,87,1,
2019-10-26,129,8,12,13,14,51,83,74,
2019-10-29,130,21,32,47,61,67,68,25,
2019-10-31,131,35,41,53,60,65,80,86,
2019-11-02,132,10,19,30,68,78,80,31,
2019-11-05,133,32,56,64,65,87,90,71,
2019-11-07,134,4,9,37,48,49,77,41,
2019-11-09,135,1,21,43,51,81,88,60,
2019-11-12,136,14,15,51,55,61,73,4,
2019-11-14,137,33,52,57,72,76,81,77,
2019-11-16,138,7,29,31,58,65,86,18,
2019-11-19,139,19,26,56,74,77,82,17,
2019-11-21,140,23,29,35,50,57,60,15,
2019-11-23,141,12,29,52,61,72,79,57,
2019-11-26,142,21,22,35,63,76,79,38,
2019-11-28,143,7,16,17,50,52,74,68,
2019-11-30,144,2,21,47,52,66,77,9,
2019-12-03,145,4,5,8,22,48,83,47,
2019-12-05,146,16,25,52,59,64,74,37,
2019-12-07,147,11,21,44,67,77,80,33,
2019-12-10,148,11,37,40,42,58,82,69,
2019-12-12,149,11,25,39,48,51,71,88,
2019-12-14,150,8,10,43,52,60,83,84,
2019-12-17,151,4,8,37,44,86,88,56,
2019-12-19,152,3,14,25,43,74,80,62,
2019-12-21,153,9,28,36,50,66,90,71,
2019-12-23,154,17,30,45,56,87,89,18,
2019-12-24,155,44,48,55,67,82,90,54,
2019-12-28,156,3,8,16,28,42,65,75,
2019-12-31,157,3,32,36,43,62,80,13,
2020-01-02,1,5,45,63,64,78,85,4,
2020-01-04,2,23,30,37,44,57,80,26,
2020-01-07,3,2,23,60,66,72,78,19,
2020-01-09,4,5,14,54,55,66,78,52,
2020-01-11,5,34,36,38,63,72,81,18,
2020-01-14,6,1,6,9,32,68,85,79,
2020-01-16,7,22,29,50,53,72,83,77,
2020-01-18,8,26,28,32,50,79,87,1,
2020-01-21,9,6,32,46,53,70,75,62,
2020-01-23,10,15,20,23,69,72,81,87,
2020-01-25,11,11,16,17,35,68,90,76,
2020-01-28,12,16,21,33,50,57,89,52,
2020-01-30,13,8,46,53,62,77,84,51,
2020-02-01,14,22,25,45,46,48,88,24,
2020-02-04,15,21,29,34,64,72,79,14,
2020-02-06,16,3,20,29,49,65,82,31,
2020-02-08,17,15,32,54,56,61,85,10,
2020-02-11,18,16,24,45,68,72,81,20,
2020-02-13,19,4,15,43,69,74,84,49,
2020-02-15,20,13,26,40,55,65,86,9,
2020-02-18,21,26,45,58,69,72,82,9,
2020-02-20,22,20,36,55,69,80,85,58,
2020-02-22,23,1,28,57,58,60,68,50,
2020-02-25,24,10,15,23,54,73,74,63,
2020-02-27,25,17,51,60,71,75,79,58,
2020-02-29,26,9,35,44,50,73,78,85,
2020-03-03,27,5,11,19,26,36,64,1,
2020-03-05,28,13,40,48,67,69,85,65,
2020-03-07,29,11,13,31,41,85,87,12,
2020-03-10,30,8,35,41,43,57,80,42,
2020-03-12,31,19,22,41,46,56,86,13,
2020-03-14,32,1,13,18,47,68,75,46,
2020-03-17,33,17,29,30,49,63,65,15,
2020-03-19,34,7,11,17,28,29,50,41,
2020-03-21,35,5,13,38,39,52,59,74,
2020-05-05,36,39,43,58,73,83,86,35,
2020-05-07,37,22,35,45,52,57,75,15,
2020-05-09,38,34,45,59,66,70,78,21,
2020-05-12,39,21,38,55,60,65,85,66,
2020-05-14,40,12,17,20,54,61,80,39,
2020-05-16,41,2,7,71,78,84,87,80,
2020-05-19,42,26,41,51,62,66,85,40,
2020-05-21,43,3,21,44,69,73,81,20,
2020-05-23,44,5,15,61,75,82,86,36,
2020-05-26,45,10,23,27,46,68,74,66,
2020-05-28,46,16,29,31,73,76,82,26,
2020-05-30,47,3,27,46,52,70,74,48,
2020-06-01,48,9,28,49,65,76,81,8,
2020-06-04,49,5,16,23,30,40,71,10,
2020-06-06,50,4,21,37,45,50,79,76,
2020-06-09,51,8,14,30,58,71,87,70,
2020-06-11,52,1,7,23,47,68,69,79,
2020-06-13,53,20,42,53,57,62,73,8,
2020-06-16,54,1,11,39,59,68,74,37,
2020-06-18,55,4,6,15,35,67,73,36,
2020-06-20,56,16,29,39,55,63,86,84,
2020-06-23,57,40,44,52,59,66,69,24,
2020-06-25,58,14,35,41,51,84,85,78,
2020-06-27,59,13,33,35,60,78,81,11,
2020-06-30,60,6,7,57,61,79,89,63,
2020-07-02,61,12,33,42,56,78,79,88,
2020-07-04,62,33,38,46,59,65,73,28,
2020-07-07,63,16,24,29,53,73,88,62,
2020-07-09,64,1,10,26,40,64,88,79,
2020-07-11,65,6,10,19,20,40,67,75,
2020-07-14,66,17,35,70,71,74,82,22,
2020-07-16,67,35,39,40,64,67,75,74,
2020-07-18,68,18,33,49,76,80,84,12,
2020-07-21,69,4,34,46,54,55,62,10,
2020-07-23,70,10,29,37,49,56,57,24,
2020-07-25,71,18,30,42,70,78,80,1,
2020-07-28,72,23,45,49,71,80,82,61,
2020-07-30,73,4,15,19,26,28,55,58,
2020-08-01,74,4,14,17,18,26,45,6,
2020-08-04,75,5,19,21,25,45,82,59,
2020-08-06,76,21,37,40,46,69,80,3,
2020-08-08,77,6,16,22,55,58,83,51,
2020-08-11,78,7,9,38,68,78,80,26,
2020-08-13,79,4,5,49,57,66,75,36,
2020-08-17,80,5,9,26,62,77,79,87,
2020-08-18,81,13,22,28,58,65,77,6,
2020-08-20,82,7,17,30,39,41,67,32,
2020-08-22,83,7,12,45,47,73,87,83,
2020-08-25,84,15,24,31,70,83,84,76,
2020-08-27,85,37,49,52,53,75,87,29,
2020-08-29,86,1,3,35,42,55,61,25,
2020-09-01,87,10,22,28,45,48,71,53,
2020-09-03,88,16,17,38,39,68,84,29,
2020-09-05,89,7,14,27,56,72,83,16,
2020-09-08,90,23,27,28,31,69,89,24,
2020-09-10,91,46,48,67,78,80,87,23,
2020-09-12,92,6,15,36,42,67,78,2,
2020-09-15,93,2,9,44,47,52,54,16,
2020-09-17,94,9,29,35,47,53,85,71,
2020-09-19,95,6,12,14,27,39,73,87,
2020-09-22,96,4,15,37,48,55,69,31,
2020-09-24,97,10,13,28,77,86,89,14,
2020-09-26,98,4,16,38,70,86,88,61,
2020-09-29,99,25,33,53,76,81,90,75,
2020-10-01,100,7,31,38,52,61,75,51,
2020-10-03,101,5,17,59,61,70,79,52,
2020-10-06,102,8,55,67,73,74,89,83,
2020-10-08,103,8,35,51,60,63,75,79,
2020-10-10,104,12,15,19,24,46,73,67,
2020-10-13,105,47,56,58,60,79,85,20,
2020-10-15,106,29,38,47,61,68,86,36,
2020-10-17,107,24,28,34,55,62,87,36,
2020-10-20,108,24,29,36,43,50,51,69,
2020-10-22,109,1,16,21,36,37,43,27,
2020-10-24,110,17,19,28,41,49,86,25,
2020-10-27,111,19,26,49,53,55,77,51,
2020-10-29,112,9,32,41,43,44,84,28,
2020-10-31,113,22,31,35,40,65,82,36,
2020-11-03,114,18,39,45,48,53,64,55,
2020-11-05,115,5,10,18,24,69,85,65,
2020-11-07,116,1,2,61,69,70,82,56,
2020-11-10,117,13,34,38,41,76,88,18,
2020-11-12,118,13,35,37,58,60,88,57,
2020-11-14,119,3,30,47,67,68,89,38,
2020-11-17,120,7,18,20,32,45,55,75,
2020-11-19,121,6,13,47,49,69,86,83,
2020-11-21,122,6,24,37,55,76,82,20,
2020-11-24,123,9,15,16,23,57,76,19,
2020-11-26,124,2,9,39,52,67,76,78,
2020-11-28,125,12,29,61,81,87,90,20,
2020-12-01,126,21,30,32,62,78,80,36,
2020-12-03,127,22,33,43,48,87,89,17,
2020-12-05,128,26,32,39,40,57,65,4,
2020-12-07,129,1,6,20,25,70,90,89,
2020-12-10,130,1,6,25,42,75,80,41,
2020-12-12,131,11,14,18,59,64,85,1,
2020-12-15,132,10,16,47,51,80,85,4,
2020-12-17,133,5,9,12,14,26,37,55,
2020-12-19,134,36,39,45,50,62,66,47,
2020-12-22,135,15,16,22,46,51,72,8,
2020-12-24,136,22,25,31,79,87,90,38,
2020-12-28,137,8,25,39,54,59,84,85,
2020-12-29,138,15,22,38,51,60,74,86,
2020-12-31,139,7,14,20,66,68,79,76,
2021-01-02,1,35,37,50,75,77,81,5,
2021-01-05,2,12,19,30,60,71,78,79,
2021-01-07,3,15,33,48,49,56,88,16,
2021-01-09,4,14,16,35,47,58,64,40,
2021-01-12,5,5,19,21,33,61,90,43,
2021-01-14,6,24,50,53,54,62,88,61,
2021-01-16,7,9,26,57,66,81,83,63,
2021-01-19,8,2,27,28,38,43,65,60,
2021-01-21,9,15,17,38,40,45,65,84,
2021-01-23,10,3,19,27,35,63,89,29,
2021-01-26,11,34,39,45,51,60,89,18,
2021-01-28,12,18,29,40,44,46,53,67,
2021-01-30,13,27,35,42,48,56,65,44,
2021-02-02,14,28,41,54,67,78,86,29,
2021-02-04,15,5,19,27,35,40,82,66,
2021-02-06,16,36,49,50,61,66,76,82,
2021-02-09,17,7,8,19,33,40,48,54,
2021-02-11,18,5,34,47,60,69,70,64,
2021-02-13,19,36,39,46,58,63,77,57,
2021-02-16,20,9,19,30,52,61,76,54,
2021-02-18,21,28,52,56,62,66,72,58,
2021-02-20,22,3,18,25,31,65,75,29,
2021-02-23,23,7,37,42,57,59,87,15,
2021-02-25,24,13,26,42,71,72,73,62,
2021-02-27,25,10,37,42,69,72,86,85,
2021-03-02,26,3,32,39,56,77,89,90,
2021-03-04,27,2,4,13,45,51,77,5,
2021-03-06,28,4,36,43,61,72,89,22,
2021-03-09,29,8,15,20,52,54,72,81,
2021-03-11,30,9,31,51,68,84,90,33,
2021-03-13,31,28,29,43,59,70,79,52,
2021-03-16,32,28,43,48,65,84,89,9,
2021-03-18,33,11,38,51,58,62,63,47,
2021-03-20,34,6,10,57,71,74,83,39,
2021-03-23,35,2,11,13,45,66,72,25,
2021-03-25,36,15,28,30,52,75,86,37,
2021-03-27,37,16,19,41,72,78,82,70,
2021-03-30,38,10,25,41,58,78,87,73,
2021-04-01,39,22,37,57,62,83,90,3,
2021-04-03,40,1,39,53,60,75,76,36,
2021-04-06,41,7,27,73,77,78,89,26,
2021-04-08,42,19,29,35,49,66,81,61,
2021-04-10,43,9,27,67,80,87,89,65,
2021-04-13,44,1,36,48,63,68,87,23,
2021-04-15,45,12,33,44,71,72,80,69,
2021-04-17,46,7,20,63,68,74,88,13,
2021-04-20,47,1,32,48,58,68,75,59,
2021-04-22,48,8,11,46,47,72,81,68,
2021-04-24,49,10,20,21,29,34,44,58,
2021-04-27,50,41,49,56,58,60,68,59,
2021-04-29,51,14,62,64,66,76,87,79,
2021-05-03,52,15,18,40,43,57,72,39,
2021-05-04,53,6,43,48,60,75,85,1,
2021-05-06,54,5,28,38,55,79,89,31,
2021-05-08,55,37,38,44,45,60,65,66,
2021-05-11,56,23,30,50,59,60,83,16,
2021-05-13,57,4,13,20,51,69,82,9,
2021-05-15,58,15,36,49,59,60,62,77,
2021-05-18,59,10,11,15,19,47,78,68,
2021-05-20,60,27,31,36,39,46,67,19,
2021-05-22,61,1,7,37,43,63,81,34,
2021-05-25,62,5,39,45,49,59,71,4,
2021-05-27,63,24,38,81,86,88,89,54,
2021-05-29,64,23,31,62,71,74,77,8,
2021-06-01,65,9,21,27,41,45,53,66,
2021-06-03,66,17,27,40,72,86,87,48,
2021-06-05,67,53,73,75,83,84,85,27,
2021-06-08,68,2,9,11,72,76,86,67,
2021-06-10,69,27,37,42,44,76,83,50,
2021-06-12,70,2,9,27,54,69,78,16,
2021-06-15,71,10,14,25,43,54,65,11,
2021-06-17,72,20,33,39,42,43,78,40,
2021-06-19,73,1,3,41,55,84,85,47,
2021-06-22,74,30,51,56,59,65,68,83,
2021-06-24,75,40,43,56,59,63,88,25,
2021-06-26,76,28,39,44,57,61,88,43,
2021-06-29,77,10,30,52,53,66,87,77,
2021-07-01,78,8,11,44,86,88,89,31,
2021-07-03,79,42,45,52,65,70,85,67,
2021-07-06,80,11,15,20,40,69,73,65,
2021-07-08,81,21,24,25,61,73,74,58,
2021-07-10,82,8,13,16,27,32,62,4,
2021-07-13,83,58,68,70,74,76,89,3,
2021-07-15,84,2,25,37,54,57,87,80,
2021-07-17,85,6,37,64,71,85,87,16,
2021-07-20,86,28,34,49,65,79,90,1,
2021-07-22,87,1,6,10,61,63,64,15,
2021-07-24,88,21,25,40,50,71,87,22,
2021-07-27,89,1,6,24,36,82,83,58,
2021-07-29,90,3,14,21,31,84,89,45,
2021-07-31,91,14,22,36,47,59,61,35,
2021-08-03,92,14,55,65,68,78,88,36,
2021-08-05,93,28,37,41,44,52,84,86,
2021-08-07,94,1,7,34,37,45,49,57,
2021-08-10,95,14,16,47,49,53,56,22,
2021-08-12,96,17,55,59,61,62,90,21,
2021-08-14,97,53,64,72,74,87,89,39,
2021-08-17,98,2,3,10,38,64,70,69,
2021-08-19,99,3,4,31,80,81,87,53,
2021-08-21,100,8,19,35,59,86,90,33,
2021-08-24,101,12,27,43,48,63,66,18,
2021-08-26,102,17,21,32,40,55,76,89,
2021-08-28,103,44,54,56,63,76,77,61,
2021-08-31,104,3,5,10,44,76,77,19,
2021-09-02,105,5,15,39,72,76,80,12,
2021-09-04,106,7,60,68,71,79,80,53,
2021-09-07,107,7,20,21,31,67,89,63,
2021-09-09,108,6,58,64,73,76,86,59,
2021-09-11,109,1,30,36,49,75,85,33,
2021-09-14,110,3,14,42,52,69,81,63,
2021-09-16,111,12,16,40,46,47,83,57,
2021-09-18,112,22,56,60,73,76,80,81,
2021-09-21,113,5,6,29,59,68,74,54,
2021-09-23,114,8,21,38,42,49,51,2,
2021-09-25,115,11,19,61,62,75,76,43,
2021-09-28,116,14,18,19,33,34,80,48,
2021-09-30,117,7,32,33,36,45,47,43,
2021-10-02,118,9,19,40,62,67,71,52,
2021-10-05,119,21,40,62,66,73,85,58,
2021-10-07,120,15,18,22,26,66,77,67,
2021-10-09,121,7,9,70,72,77,86,53,
2021-10-12,122,46,53,55,60,64,90,77,
2021-10-14,123,8,14,25,59,60,88,27,
2021-10-16,124,32,41,50,57,67,89,13,
2021-10-19,125,21,28,38,42,66,88,60,
2021-10-21,126,9,10,26,27,77,86,16,
2021-10-23,127,1,11,12,15,20,83,46,
2021-10-26,128,20,24,25,49,57,68,16,
2021-10-28,129,2,25,34,67,73,77,36,
2021-10-30,130,20,31,41,43,48,79,26,
2021-11-02,131,22,27,51,55,77,86,33,
2021-11-04,132,22,25,38,41,61,68,24,
2021-11-06,133,6,21,56,63,81,85,51,
2021-11-09,134,3,6,14,17,54,60,83,
2021-11-11,135,4,23,52,65,79,88,37,
2021-11-13,136,13,40,60,66,73,75,23,
2021-11-16,137,7,17,19,38,66,71,90,
2021-11-18,138,22,24,38,42,44,87,67,
2021-11-20,139,7,48,58,60,86,87,55,
2021-11-23,140,6,17,23,24,43,72,81,
2021-11-25,141,6,45,61,82,84,88,16,
2021-11-27,142,24,30,38,47,48,78,8,
2021-11-30,143,11,34,44,64,75,82,48,
2021-12-02,144,15,24,48,60,70,89,34,
2021-12-04,145,37,43,68,72,76,85,27,
2021-12-07,146,9,12,23,38,59,88,76,
2021-12-09,147,10,48,70,75,79,83,82,
2021-12-11,148,7,17,45,64,76,81,42,
2021-12-14,149,35,59,64,65,68,73,50,
2021-12-16,150,12,35,37,41,75,76,16,
2021-12-18,151,6,31,44,57,73,77,61,
2021-12-21,152,30,49,61,62,79,87,63,
2021-12-23,153,11,15,17,37,54,89,8,
2021-12-27,154,6,10,11,41,61,80,76,
2021-12-28,155,13,19,47,70,77,83,31,
2021-12-30,156,10,20,40,55,68,86,26,
2022-01-03,1,9,47,50,67,73,74,85,
2022-01-04,2,5,18,59,78,81,89,10,
2022-01-08,3,35,42,49,63,68,78,1,
2022-01-10,4,3,25,30,58,66,84,72,
2022-01-11,5,15,22,24,33,38,71,47,
2022-01-13,6,10,34,56,66,78,87,52,
2022-01-15,7,6,19,48,51,73,89,32,
2022-01-18,8,33,34,43,46,49,66,87,
2022-01-20,9,32,33,37,53,77,79,76,
2022-01-22,10,5,13,27,37,50,59,76,
2022-01-25,11,4,13,16,21,23,50,63,
2022-01-27,12,30,53,63,74,83,88,44,
2022-01-29,13,1,23,63,79,82,89,68,
2022-02-01,14,5,10,29,31,47,58,34,
2022-02-03,15,21,26,28,35,65,77,46,
2022-02-05,16,30,39,48,55,76,81,82,
2022-02-08,17,36,38,57,62,64,81,68,
2022-02-10,18,25,35,51,52,58,59,82,
2022-02-12,19,14,22,27,47,68,77,44,
2022-02-15,20,1,9,44,49,60,74,70,
2022-02-17,21,36,48,67,77,85,87,38,
2022-02-19,22,9,13,15,65,74,81,66,
2022-02-22,23,9,15,29,59,64,74,22,
2022-02-24,24,16,28,38,52,69,73,17,
2022-02-26,25,6,24,38,52,84,87,4,
2022-03-01,26,15,44,60,79,81,83,64,
2022-03-03,27,31,33,40,43,47,80,2,
2022-03-05,28,3,9,58,66,68,80,35,
2022-03-08,29,3,15,16,21,31,80,24,
2022-03-10,30,18,34,39,47,52,66,22,
2022-03-12,31,24,32,41,56,76,80,10,
2022-03-15,32,8,22,53,65,75,86,55,
2022-03-17,33,14,52,53,54,55,86,34,
2022-03-19,34,20,41,61,67,73,83,4,
2022-03-22,35,27,30,49,68,74,88,64,
2022-03-24,36,15,35,37,48,62,77,28,
2022-03-26,37,22,38,74,81,84,89,72,
2022-03-29,38,9,32,48,55,68,72,36,
2022-03-31,39,15,43,51,59,64,74,11,
2022-04-02,40,24,35,45,54,65,68,7,
2022-04-05,41,5,21,48,63,83,86,30,
2022-04-07,42,11,20,42,43,51,86,71,
2022-04-09,43,2,22,27,42,52,89,36,
2022-04-12,44,15,27,32,51,74,77,44,
2022-04-14,45,5,8,22,38,50,55,12,
2022-04-16,46,7,21,25,69,76,77,70,
2022-04-19,47,32,41,63,71,76,89,1,
2022-04-21,48,17,32,46,49,77,88,48,
2022-04-23,49,6,18,23,33,57,71,65,
2022-04-26,50,20,44,62,64,67,78,79,
2022-04-28,51,24,61,65,67,71,90,14,
2022-04-30,52,22,25,34,52,72,85,14,
2022-05-03,53,13,24,44,47,66,80,46,
2022-05-05,54,25,31,37,38,77,82,43,
2022-05-07,55,29,41,43,46,51,81,48,
2022-05-10,56,25,37,47,55,73,81,67,
2022-05-12,57,21,26,28,54,80,85,4,
2022-05-14,58,13,19,39,42,73,83,60,
2022-05-17,59,26,29,32,48,65,79,53,
2022-05-19,60,2,9,13,39,40,89,6,
2022-05-21,61,2,20,25,67,78,80,71,
2022-05-24,62,22,24,25,32,46,73,29,
2022-05-26,63,10,14,17,32,45,87,18,
2022-05-28,64,27,42,55,65,84,90,53,
2022-05-31,65,21,34,35,48,63,82,17,
2022-06-04,66,2,35,41,43,65,71,12,
2022-06-06,67,8,22,31,53,59,86,75,
2022-06-07,68,21,31,49,69,77,90,40,
2022-06-09,69,4,12,20,32,56,88,25,
2022-06-11,70,5,8,18,28,33,59,9,
2022-06-14,71,7,34,48,50,53,67,52,
2022-06-16,72,31,54,56,60,66,82,29,
2022-06-18,73,2,12,16,27,74,78,58,
2022-06-21,74,12,16,32,46,60,83,54,
2022-06-23,75,34,37,52,55,56,66,79,
2022-06-25,76,4,30,42,46,58,89,29,
2022-06-28,77,19,32,36,55,71,81,48,
2022-06-30,78,6,9,12,16,32,79,26,
2022-07-02,79,1,5,25,34,38,66,51,
2022-07-05,80,16,17,49,66,82,86,1,
2022-07-07,81,17,24,25,35,66,73,54,
2022-07-09,82,28,31,41,51,70,83,80,
2022-07-12,83,11,56,63,66,68,72,58,
2022-07-14,84,3,11,28,39,65,75,48,
2022-07-16,85,28,29,38,43,62,71,75,
2022-07-19,86,2,17,27,44,78,79,59,
2022-07-21,87,7,14,24,43,44,90,66,
2022-07-23,88,29,32,46,56,66,90,21,
2022-07-26,89,8,31,34,44,56,77,36,
2022-07-28,90,19,20,22,54,72,88,50,
2022-07-30,91,7,25,28,62,80,87,54,
2022-08-02,92,9,25,26,49,68,74,81,
2022-08-04,93,20,23,45,66,83,87,16,
2022-08-06,94,1,21,29,40,42,58,25,
2022-08-09,95,15,25,26,29,38,39,82,
2022-08-11,96,6,32,34,56,58,87,23,
2022-08-13,97,8,49,62,65,83,88,45,
2022-08-16,98,13,19,59,74,81,84,2,
2022-08-18,99,5,25,42,51,71,84,38,
2022-08-20,100,19,28,31,58,77,85,73,
2022-08-23,101,7,44,47,51,52,85,89,
2022-08-25,102,33,41,42,84,86,88,38,
2022-08-27,103,3,5,15,39,45,80,10,
2022-08-30,104,6,11,23,45,57,75,44,
2022-09-01,105,2,5,13,19,54,89,40,
2022-09-03,106,22,25,30,37,44,76,1,
2022-09-06,107,11,13,19,34,49,52,37,
2022-09-08,108,18,26,39,50,71,90,41,
2022-09-10,109,62,66,68,70,75,83,30,
2022-09-13,110,5,9,16,20,23,69,31,
2022-09-15,111,27,34,42,59,72,76,25,
2022-09-17,112,1,10,14,18,42,60,39,
2022-09-20,113,1,38,39,40,50,83,44,
2022-09-22,114,15,30,42,65,75,81,72,
2022-09-24,115,19,26,35,44,49,65,24,
2022-09-27,116,5,22,42,49,62,63,80,
2022-09-29,117,6,35,37,46,59,86,84,
2022-10-01,118,3,11,14,26,67,82,75,
2022-10-04,119,4,9,55,68,80,84,38,
2022-10-06,120,10,20,28,62,70,87,59,
2022-10-08,121,26,33,41,51,80,84,15,
2022-10-11,122,1,33,35,39,46,58,15,
2022-10-13,123,4,20,64,65,69,79,81,
2022-10-15,124,12,26,34,69,74,83,66,
2022-10-18,125,4,5,31,56,57,59,51,
2022-10-20,126,6,8,39,65,67,69,32,
2022-10-22,127,3,28,31,43,53,59,7,
2022-10-25,128,1,19,41,48,68,71,25,
2022-10-27,129,27,28,32,40,49,72,53,
2022-10-29,130,15,32,66,74,79,86,84,
2022-10-31,131,12,17,32,64,81,84,11,
2022-11-03,132,10,15,37,40,43,59,5,
2022-11-05,133,11,18,41,50,63,74,81,
2022-11-08,134,15,31,33,44,46,73,79,
2022-11-10,135,10,16,18,34,39,45,87,
2022-11-12,136,19,32,51,61,71,82,48,
2022-11-15,137,13,21,23,33,48,86,28,
2022-11-17,138,3,6,39,48,52,88,9,
2022-11-19,139,19,30,44,48,58,72,40,
2022-11-22,140,14,22,23,35,41,64,17,
2022-11-24,141,25,58,66,78,81,88,76,
2022-11-26,142,3,8,42,48,61,72,56,
2022-11-29,143,18,33,43,60,61,78,20,
2022-12-01,144,4,13,32,54,56,68,67,
2022-12-03,145,4,37,38,53,73,79,29,
2022-12-06,146,12,21,31,39,70,83,16,
2022-12-10,147,29,50,55,56,76,81,9,
2022-12-12,148,16,33,51,54,68,86,42,
2022-12-13,149,32,40,51,61,75,76,72,
2022-12-15,150,3,4,30,32,39,65,43,
2022-12-17,151,8,21,24,54,68,70,12,
2022-12-20,152,7,12,23,73,81,87,35,
2022-12-22,153,9,25,34,39,54,64,87,
2022-12-24,154,9,23,29,69,72,81,8,
2022-12-27,155,3,37,39,44,68,72,11,
2022-12-29,156,2,19,34,37,46,58,62,
2022-12-31,157,9,15,30,37,44,72,75,
2023-01-03,1,8,10,30,34,51,71,20,
2023-01-05,2,5,9,13,15,50,64,68,
2023-01-07,3,17,41,54,60,67,86,51,
2023-01-10,4,21,24,31,32,56,83,78,
2023-01-12,5,9,10,22,41,44,85,5,
2023-01-14,6,37,44,52,58,74,78,65,
2023-01-17,7,9,10,14,40,60,68,21,
2023-01-19,8,29,47,57,59,67,87,6,
2023-01-21,9,22,61,66,72,80,82,67,
2023-01-24,10,3,7,20,55,75,80,88,
2023-01-26,11,6,25,34,60,79,86,48,
2023-01-28,12,19,23,53,58,61,82,73,
2023-01-31,13,13,15,23,39,41,46,30,
2023-02-02,14,3,14,19,28,70,80,83,
2023-02-04,15,3,42,46,49,68,81,4,
2023-02-07,16,24,54,58,65,81,89,63,
2023-02-09,17,3,10,25,44,57,90,53,
2023-02-11,18,4,24,25,28,31,68,79,
2023-02-14,19,19,22,67,71,79,85,23,
2023-02-16,20,1,38,47,52,56,66,72,
2023-02-18,21,22,46,52,57,65,72,31,
2023-02-21,22,7,31,44,63,80,83,87,
2023-02-23,23,6,29,34,52,58,68,59,
2023-02-25,24,6,42,52,72,85,89,56,
2023-02-28,25,7,16,47,49,50,73,45,
2023-03-02,26,9,24,28,37,44,81,51,
2023-03-04,27,4,22,24,29,49,58,69,
2023-03-07,28,2,38,49,64,81,89,43,
2023-03-09,29,1,19,30,41,42,77,61,
2023-03-11,30,23,42,46,54,58,79,40,
2023-03-14,31,8,20,25,64,87,88,75,
2023-03-16,32,25,28,36,45,48,86,50,
2023-03-18,33,35,37,43,47,69,73,16,
2023-03-21,34,10,15,16,30,36,71,59,
2023-03-23,35,6,8,41,42,66,80,79,
2023-03-25,36,4,15,26,27,72,82,89,
2023-03-28,37,42,52,62,64,76,79,55,
2023-03-30,38,21,29,30,43,46,63,77,
2023-04-01,39,5,22,36,47,73,75,51,
2023-04-04,40,17,20,54,62,69,88,39,
2023-04-06,41,4,28,30,42,45,50,27,
2023-04-08,42,17,25,32,38,43,48,67,
2023-04-11,43,9,40,55,60,69,70,34,
2023-04-13,44,2,11,42,73,76,90,55,
2023-04-15,45,7,22,36,52,79,86,38,
2023-04-18,46,5,36,62,64,66,67,53,
2023-04-20,47,4,5,7,21,45,52,77,
2023-04-22,48,6,18,22,25,26,47,60,
2023-04-24,49,3,7,46,69,75,82,81,
2023-04-27,50,7,10,62,63,77,86,5,
2023-04-29,51,21,43,55,56,73,89,13,
2023-05-02,52,17,43,60,71,86,88,16,
2023-05-04,53,6,9,23,57,62,72,16,
2023-05-06,54,10,25,40,46,47,74,7,
2023-05-09,55,18,25,41,44,60,78,36,
2023-05-11,56,1,6,35,48,62,65,43,
2023-05-13,57,3,31,35,57,82,84,68,
2023-05-16,58,20,42,52,67,72,77,82,
2023-05-18,59,5,16,35,63,69,77,29,
2023-05-20,60,18,32,37,46,64,70,30,
2023-05-23,61,13,23,26,27,50,63,71,
2023-05-25,62,20,22,33,38,40,51,44,
2023-05-27,63,12,41,64,78,79,88,58,
2023-05-30,64,10,22,37,55,76,87,60,
2023-06-01,65,2,37,64,83,89,90,34,
2023-06-03,66,27,39,56,58,63,64,55,
2023-06-06,67,17,26,51,54,61,62,73,
2023-06-08,68,3,8,58,66,82,87,69,
2023-06-10,69,8,30,33,40,64,78,42,
2023-06-13,70,6,37,53,54,72,84,74,
2023-06-15,71,4,9,21,24,52,71,8,
2023-06-17,72,12,18,26,40,53,63,54,
2023-06-20,73,7,42,56,69,74,76,45,
2023-06-22,74,21,30,38,65,67,90,77,
2023-06-24,75,1,21,32,35,59,86,38,
2023-06-27,76,31,46,57,70,71,80,75,
2023-06-29,77,1,27,38,41,79,81,39,
2023-07-01,78,17,39,41,43,87,89,33,
2023-07-04,79,11,23,50,68,89,90,41,
2023-07-06,80,5,17,27,38,53,57,30,
2023-07-07,81,1,13,23,73,83,85,79,
2023-07-08,82,8,18,20,28,41,56,58,
2023-07-11,83,39,41,58,64,71,77,9,
2023-07-13,84,20,38,49,50,53,64,72,
2023-07-14,85,38,41,43,55,61,71,59,
2023-07-15,86,40,45,51,52,56,78,30,
2023-07-18,87,22,45,49,52,60,65,23,
2023-07-20,88,14,41,47,62,65,88,39,
2023-07-21,89,13,38,52,56,73,90,7,
2023-07-22,90,2,37,50,65,68,90,67,
2023-07-25,91,6,30,48,69,71,74,62,
2023-07-27,92,18,39,48,50,57,83,38,
2023-07-28,93,1,23,33,50,55,78,45,
2023-07-29,94,27,39,58,60,68,85,45,
2023-08-01,95,11,32,36,40,54,63,78,
2023-08-03,96,4,6,9,33,65,73,48,
2023-08-04,97,5,21,57,71,72,84,66,
2023-08-05,98,7,9,17,18,47,81,61,
2023-08-08,99,3,4,5,71,81,82,64,
2023-08-10,100,9,21,43,49,53,86,68,
2023-08-11,101,31,45,46,52,69,83,76,
2023-08-12,102,2,40,48,78,81,90,55,
2023-08-14,103,6,28,46,64,77,82,20,
2023-08-17,104,10,12,14,53,63,71,41,
2023-08-18,105,5,13,41,58,70,73,1,
2023-08-19,106,5,6,18,23,49,61,22,
2023-08-22,107,32,45,47,61,67,75,6,
2023-08-24,108,3,34,54,67,71,77,2,
2023-08-25,109,4,12,41,57,77,78,40,
2023-08-26,110,8,11,23,59,73,75,14,
2023-08-29,111,52,53,56,69,82,90,6,
2023-08-31,112,9,15,61,66,72,73,2,
2023-09-01,113,18,53,57,67,75,80,77,
2023-09-02,114,7,14,15,49,86,90,82,
2023-09-05,115,14,19,20,26,33,65,15,
2023-09-07,116,2,15,34,40,57,89,88,
2023-09-08,117,13,30,42,58,80,86,33,
2023-09-09,118,6,17,28,43,46,76,61,
2023-09-12,119,26,28,41,47,81,84,70,
2023-09-14,120,23,29,41,55,76,79,11,
2023-09-15,121,5,12,42,51,55,80,35,
2023-09-16,122,23,27,53,55,74,86,79,
2023-09-19,123,9,11,41,52,86,89,36,
2023-09-21,124,4,21,29,31,45,59,42,
2023-09-22,125,3,58,67,69,70,84,5,
2023-09-23,126,22,27,38,51,80,82,24,
2023-09-26,127,41,43,45,60,66,78,30,
2023-09-28,128,9,25,40,58,85,86,11,
2023-09-29,129,6,35,48,53,81,86,47,
2023-09-30,130,17,25,64,66,74,76,49,
2023-10-03,131,12,13,20,54,67,84,66,
2023-10-05,132,20,22,39,65,69,71,38,
2023-10-06,133,33,36,48,62,82,90,8,
2023-10-07,134,12,35,37,42,55,58,63,
2023-10-10,135,1,39,45,49,87,88,30,
2023-10-12,136,5,7,10,14,20,36,54,
2023-10-13,137,24,29,40,55,56,77,49,
2023-10-14,138,4,6,52,79,81,83,45,
2023-10-17,139,16,28,39,40,63,85,12,
2023-10-19,140,10,18,45,55,66,70,75,
2023-10-20,141,14,21,24,49,71,81,5,
2023-10-21,142,23,35,37,58,61,73,50,
2023-10-24,143,8,18,41,54,75,79,42,
2023-10-26,144,11,19,28,34,38,45,1,
2023-10-27,145,23,40,49,57,68,69,56,
2023-10-28,146,4,9,25,30,57,66,79,
2023-10-31,147,3,42,54,69,73,80,68,
2023-11-02,148,17,29,40,56,60,80,33,
2023-11-03,149,52,64,68,76,84,87,14,
2023-11-04,150,16,52,59,63,84,90,32,
2023-11-07,151,10,30,36,64,69,76,68,
2023-11-09,152,14,68,70,84,85,87,45,
2023-11-10,153,7,45,58,62,69,76,66,
2023-11-11,154,16,22,23,25,62,82,5,
2023-11-14,155,35,38,39,51,74,80,4,
2023-11-16,156,9,10,19,40,52,56,50,
2023-11-17,157,14,23,63,70,75,89,59,
2023-11-18,158,5,51,52,60,62,80,22,
2023-11-21,159,30,59,61,86,88,90,43,
2023-11-23,160,1,37,61,68,71,83,52,
2023-11-24,161,4,13,28,30,47,59,61,
2023-11-25,162,11,27,28,55,58,73,49,
2023-11-28,163,6,14,49,52,67,68,80,
2023-11-30,164,27,38,41,81,84,86,49,
2023-12-01,165,11,22,33,44,65,66,87,
2023-12-02,166,19,24,29,53,74,83,70,
2023-12-05,167,4,6,16,39,41,44,23,
2023-12-07,168,5,19,42,44,68,84,72,
2023-12-09,169,3,20,27,41,59,82,24,
2023-12-11,170,1,41,46,50,84,89,37,
2023-12-12,171,4,27,47,57,59,89,7,
2023-12-14,172,22,28,37,39,53,86,78,
2023-12-15,173,52,63,67,71,83,89,23,
2023-12-16,174,13,22,23,42,47,87,67,
2023-12-18,175,3,4,14,15,65,85,33,
2023-12-19,176,20,26,30,33,54,83,89,
2023-12-21,177,19,32,38,62,77,79,90,
2023-12-22,178,1,8,46,57,73,79,67,
2023-12-23,179,8,10,49,57,79,81,36,
2023-12-28,180,15,36,57,58,79,86,35,
2023-12-29,181,13,46,47,67,68,90,55,
2023-12-30,182,23,43,45,53,66,69,4,
2024-01-02,1,2,9,16,35,46,63,49,
2024-01-04,2,7,9,29,51,60,70,59,
2024-01-08,3,20,28,42,48,51,62,72,
2024-01-09,4,10,19,23,39,40,83,73,
2024-01-11,5,45,56,59,69,73,77,7,
2024-01-12,6,11,23,25,72,78,84,20,
2024-01-13,7,4,43,45,55,56,60,5,
2024-01-16,8,21,39,51,59,68,86,63,
2024-01-18,9,14,26,36,60,62,84,73,
2024-01-19,10,21,22,28,50,55,68,38,
2024-01-20,11,2,19,56,58,63,71,22,
2024-01-23,12,11,15,16,42,48,52,1,
2024-01-25,13,27,29,30,53,54,86,34,
2024-01-26,14,24,32,36,47,50,78,62,
2024-01-27,15,17,33,38,43,49,80,69,
2024-01-30,16,5,10,76,82,83,89,25,
2024-02-01,17,3,44,74,81,87,89,85,
2024-02-02,18,2,35,38,44,68,83,50,
2024-02-03,19,6,10,12,34,66,77,19,
2024-02-06,20,26,34,39,46,54,89,13,
2024-02-08,21,2,4,24,62,73,75,1,
2024-02-09,22,6,22,29,42,48,66,56,
2024-02-10,23,43,62,72,73,85,86,58,
2024-02-13,24,27,34,37,42,53,76,60,
2024-02-15,25,34,38,61,71,74,83,80,
2024-02-16,26,20,30,37,83,88,89,77,
2024-02-17,27,3,11,25,34,46,64,53,
2024-02-20,28,5,30,36,43,48,78,79,
2024-02-22,29,29,30,43,44,75,87,1,
2024-02-23,30,38,54,57,66,74,88,75,
2024-02-24,31,41,43,46,47,63,87,30,
2024-02-27,32,27,33,41,73,79,90,34,
2024-02-29,33,13,28,36,41,79,88,30,
2024-03-01,34,5,16,44,61,80,90,25,
2024-03-02,35,26,50,51,55,85,87,14,
2024-03-05,36,16,43,53,79,80,82,74,
2024-03-07,37,3,13,24,60,70,75,71,
2024-03-08,38,9,16,23,50,53,79,55,
2024-03-09,39,10,30,36,49,55,62,32,
2024-03-12,40,7,25,46,67,69,86,23,
2024-03-14,41,14,23,51,55,68,76,77,
2024-03-15,42,5,6,7,50,72,74,82,
2024-03-16,43,12,38,45,66,70,73,58,
2024-03-19,44,4,19,58,60,67,82,48,
2024-03-21,45,2,8,17,73,77,84,4,
2024-03-22,46,13,16,59,66,77,79,82,
2024-03-23,47,32,34,57,58,67,79,61,
2024-03-26,48,2,24,43,74,81,85,63,
2024-03-28,49,5,9,22,69,74,84,80,
2024-03-29,50,20,30,32,38,61,67,60,
2024-03-30,51,8,25,28,45,54,66,89,
2024-04-02,52,28,39,40,44,72,76,52,
2024-04-04,53,8,33,36,41,51,68,71,
2024-04-05,54,23,40,42,60,62,63,26,
2024-04-06,55,14,33,53,54,64,78,39,
2024-04-09,56,15,23,31,45,51,58,60,
2024-04-11,57,8,31,67,77,81,86,10,
2024-04-12,58,10,23,47,49,84,85,5,
2024-04-13,59,1,6,7,11,79,88,15,
2024-04-16,60,1,3,11,53,75,81,61,
2024-04-18,61,15,27,42,53,65,85,88,
2024-04-19,62,9,18,65,70,75,87,53,
2024-04-20,63,26,34,40,53,60,68,82,
2024-04-23,64,8,12,20,24,45,73,4,
2024-04-26,65,9,13,51,61,81,83,24,
2024-04-27,66,24,27,41,54,62,63,37,
2024-04-29,67,17,27,44,50,66,85,3,
2024-04-30,68,6,7,11,20,33,81,74,
2024-05-02,69,14,43,54,69,80,90,1,
2024-05-03,70,17,23,43,48,52,66,88,
2024-05-04,71,5,18,22,34,52,66,33,
2024-05-07,72,21,23,30,45,68,85,53,
2024-05-09,73,23,36,38,62,75,81,82,
2024-05-10,74,6,20,40,55,71,80,12,
2024-05-11,75,21,29,34,36,46,51,41,
2024-05-14,76,11,27,39,43,61,85,52,
2024-05-16,77,10,11,27,31,66,83,25,
2024-05-17,78,13,14,41,53,60,65,5,
2024-05-18,79,2,20,31,48,58,59,46,
2024-05-21,80,3,28,49,72,83,84,5,
2024-05-23,81,4,10,19,50,71,83,27,
2024-05-24,82,2,36,39,50,59,64,19,
2024-05-25,83,2,10,28,37,56,75,41,
2024-05-28,84,19,41,67,76,82,85,23,
2024-05-30,85,10,14,16,40,50,55,4,
2024-05-31,86,14,20,24,49,83,84,62,
2024-06-01,87,4,13,47,75,80,82,83,
2024-06-04,88,4,18,28,41,61,75,17,
2024-06-06,89,43,44,45,50,67,76,69,
2024-06-07,90,39,51,52,58,72,84,11,
2024-06-08,91,6,8,14,15,59,79,66,
2024-06-11,92,14,27,34,47,73,88,52,
2024-06-13,93,5,22,47,54,63,84,85,
2024-06-14,94,15,60,82,85,86,87,45,
2024-06-15,95,6,16,22,69,73,78,67,
2024-06-18,96,20,32,49,50,51,58,44,
2024-06-20,97,19,31,39,60,72,80,5,
2024-06-21,98,21,23,28,59,79,82,74,
2024-06-22,99,3,25,57,69,71,87,48,
2024-06-25,100,3,18,49,63,68,82,78,
2024-06-27,101,13,28,63,76,80,85,21,
2024-06-28,102,21,26,33,34,45,86,28,
2024-06-29,103,11,18,25,26,54,84,17,
2024-07-02,104,4,7,39,71,79,89,1,
2024-07-04,105,15,25,42,53,56,73,60,
2024-07-05,106,10,21,23,26,35,50,87,
2024-07-06,107,18,24,26,33,34,47,35,
2024-07-09,108,8,26,32,34,53,58,25,
2024-07-11,109,10,31,40,59,80,85,13,
2024-07-12,110,43,54,60,70,75,89,30,
2024-07-13,111,6,9,54,63,64,68,43,
2024-07-16,112,3,18,26,54,61,72,85,
2024-07-18,113,13,23,35,36,57,64,47,
2024-07-19,114,13,20,39,48,74,89,47,
2024-07-20,115,45,48,50,57,70,71,80,
2024-07-23,116,24,59,63,64,82,90,62,
2024-07-25,117,2,21,23,56,69,87,52,
2024-07-26,118,1,14,21,35,64,85,70,
2024-07-27,119,13,14,25,34,59,84,71,
2024-07-30,120,11,13,22,34,54,77,35,
2024-08-01,121,33,39,78,79,83,84,60,
2024-08-02,122,34,42,69,76,81,85,36,
2024-08-03,123,6,37,69,73,79,88,4,
2024-08-06,124,4,11,85,86,87,88,38,
2024-08-08,125,3,16,17,54,61,90,4,
2024-08-09,126,23,40,60,79,80,87,50,
2024-08-10,127,13,14,49,55,71,77,62,
2024-08-13,128,41,43,55,65,80,85,76,
2024-08-16,129,1,6,13,20,73,85,11,
2024-08-17,130,6,22,43,60,66,73,31,
2024-08-19,131,4,7,15,24,36,78,65,
2024-08-20,132,17,23,45,57,64,89,15,
2024-08-22,133,17,18,24,34,57,82,68,
2024-08-23,134,5,7,59,70,72,73,33,
2024-08-24,135,17,28,63,72,75,81,79,
2024-08-27,136,12,23,36,42,50,71,80,
2024-08-29,137,5,23,46,52,60,80,79,
2024-08-30,138,7,34,47,52,74,86,78,
2024-08-31,139,1,20,27,41,60,77,7,
2024-09-03,140,6,38,55,71,80,85,23,
2024-09-05,141,4,5,29,32,69,89,15,
2024-09-06,142,2,26,37,38,69,85,66,
2024-09-07,143,1,16,64,70,72,82,34,
2024-09-10,144,9,11,27,53,63,78,8,
2024-09-12,145,29,35,65,67,70,80,10,
2024-09-13,146,2,12,16,18,59,61,56,
2024-09-14,147,1,31,55,65,76,88,52,
2024-09-17,148,17,28,62,64,74,84,88,
2024-09-19,149,3,13,44,45,56,61,33,
2024-09-20,150,14,22,42,44,47,79,85,
2024-09-21,151,8,33,35,39,78,83,52,
2024-09-24,152,2,25,27,50,88,90,19,
2024-09-26,153,2,13,14,41,52,79,84,
2024-09-27,154,4,14,42,46,53,60,31,
2024-09-28,155,4,8,28,33,34,57,27,
2024-10-01,156,57,60,68,70,80,83,25,
2024-10-03,157,26,27,40,51,67,86,4,
2024-10-04,158,5,43,57,58,72,87,3,
2024-10-05,159,13,41,47,58,81,84,4,
2024-10-08,160,6,21,25,59,63,68,8,
2024-10-10,161,6,48,64,80,87,89,43,
2024-10-11,162,31,34,49,66,75,88,1,
2024-10-12,163,11,13,16,22,42,51,37,
2024-10-15,164,1,23,44,45,47,60,14,
2024-10-17,165,2,23,24,42,46,88,61,
2024-10-18,166,19,39,41,42,45,88,40,
2024-10-19,167,14,67,73,86,89,90,8,
2024-10-22,168,13,23,37,43,64,79,84,
2024-10-24,169,7,21,23,28,29,31,20,
2024-10-25,170,5,11,39,41,62,80,78,
2024-10-26,171,14,31,40,42,52,65,15,
2024-10-29,172,6,17,26,35,57,64,14,
2024-10-31,173,18,40,55,58,71,85,46,
2024-11-02,174,3,19,27,43,61,77,80,
2024-11-04,175,27,32,33,44,60,89,52,
2024-11-05,176,32,43,53,75,77,88,81,
2024-11-07,177,1,50,68,75,81,84,8,
2024-11-08,178,13,22,49,58,64,75,20,
2024-11-09,179,26,36,43,51,63,89,21,
2024-11-12,180,13,28,29,32,39,81,82,
2024-11-14,181,36,46,69,70,73,82,26,
2024-11-15,182,2,4,5,42,53,83,23,
2024-11-16,183,52,56,66,68,70,73,90,
2024-11-19,184,20,34,36,68,72,74,44,
2024-11-21,185,4,7,20,24,41,67,85,
2024-11-22,186,6,26,51,53,78,89,79,
2024-11-23,187,15,22,29,32,35,67,87,
2024-11-26,188,13,23,26,31,46,89,43,
2024-11-28,189,3,8,37,54,74,84,26,
2024-11-29,190,21,33,44,55,75,80,53,
2024-11-30,191,27,48,50,69,74,81,13,
2024-12-03,192,4,17,37,56,73,90,46,
2024-12-05,193,4,42,45,72,82,84,25,
2024-12-06,194,21,48,60,61,67,71,86,
2024-12-07,195,21,30,55,60,70,75,13,
2024-12-10,196,5,54,68,69,71,81,30,
2024-12-12,197,20,61,76,78,85,87,44,
2024-12-13,198,16,42,54,55,65,83,27,
2024-12-14,199,34,50,52,59,70,83,13,
2024-12-17,200,3,25,49,58,64,66,46,
2024-12-19,201,2,4,8,20,22,76,72,
2024-12-20,202,17,35,43,56,63,85,23,
2024-12-21,203,23,25,53,55,71,79,63,
2024-12-24,204,6,18,27,30,52,56,83,
2024-12-27,205,9,13,15,43,53,68,58,
2024-12-28,206,28,29,46,68,81,88,79,
2024-12-30,207,3,8,18,25,58,75,12,
2024-12-31,208,5,16,23,40,47,80,17,
2025-01-02,1,19,21,29,74,77,88,7,
2025-01-03,2,13,30,43,49,74,89,4,
2025-01-04,3,31,42,43,63,83,86,37,
2025-01-07,4,7,10,11,29,32,87,34,
2025-01-09,5,15,33,40,71,74,82,89,
2025-01-10,6,19,25,33,49,57,72,46,
2025-01-11,7,5,6,11,22,35,85,30,
2025-01-14,8,4,15,17,40,64,75,23,
2025-01-16,9,31,38,59,69,72,88,64,
2025-01-17,10,8,12,15,40,66,89,7,
2025-01-18,11,2,10,21,29,46,70,31,
2025-01-21,12,3,18,41,58,62,73,64,
2025-01-23,13,1,7,34,46,69,80,64,
2025-01-24,14,14,20,46,62,84,85,1,
2025-01-25,15,5,6,24,44,45,76,58,
2025-01-28,16,48,63,65,72,77,82,85,
2025-01-30,17,23,32,34,35,41,47,65,
2025-01-31,18,7,18,22,25,30,72,76,
2025-02-01,19,21,25,26,45,49,59,68,
2025-02-04,20,10,29,41,77,83,85,56,
2025-02-06,21,4,11,41,72,83,86,30,
2025-02-07,22,16,29,30,47,52,84,10,
2025-02-08,23,29,46,57,66,72,86,64,
2025-02-11,24,9,39,55,75,79,86,2,
2025-02-13,25,31,41,62,64,74,87,84,
2025-02-14,26,18,30,40,52,60,71,65,
2025-02-15,27,22,37,48,72,77,85,39,
2025-02-18,28,3,5,7,54,76,85,89,
2025-02-20,29,6,19,27,63,71,77,13,
2025-02-21,30,21,45,48,72,79,87,73,
2025-02-22,31,35,40,48,49,52,89,24,
2025-02-25,32,6,58,68,83,89,90,73,
2025-02-27,33,29,31,33,42,51,72,34,
2025-02-28,34,4,12,37,59,63,90,70,
2025-03-01,35,1,12,33,40,41,83,6,
2025-03-04,36,9,28,52,63,77,79,11,
2025-03-06,37,1,10,18,19,32,36,20,
2025-03-07,38,11,24,25,30,43,47,28,
2025-03-08,39,11,16,35,59,65,87,9,
2025-03-11,40,22,27,48,55,58,90,63,
2025-03-13,41,7,25,33,51,58,70,79,
2025-03-14,42,3,10,20,36,37,49,21,
2025-03-15,43,2,8,50,77,79,82,85,
2025-03-18,44,1,64,73,79,80,86,39,
2025-03-20,45,36,40,49,54,66,83,14,
2025-03-21,46,7,15,48,49,65,80,67,
2025-03-22,47,15,28,45,46,66,76,44,
2025-03-25,48,27,29,31,60,74,88,71,
2025-03-27,49,28,35,43,45,64,85,13,
2025-03-28,50,17,26,46,56,71,90,6,
2025-03-29,51,9,45,66,68,71,85,31,
2025-04-01,52,4,19,32,47,74,81,10,
2025-04-03,53,29,30,31,32,35,57,26,
2025-04-04,54,42,51,71,77,80,82,72,
2025-04-05,55,5,8,22,41,60,73,18,
2025-04-08,56,11,20,34,46,48,90,68,
2025-04-10,57,11,24,32,40,44,85,27,
2025-04-11,58,9,20,43,49,52,57,61,
2025-04-12,59,16,38,60,79,83,85,27,
2025-04-15,60,40,57,60,66,80,81,36,
2025-04-17,61,8,20,40,44,46,49,63,
2025-04-18,62,4,11,18,23,83,88,89,
2025-04-19,63,8,32,51,54,62,69,18,
2025-04-22,64,10,59,61,62,68,74,43,
2025-04-24,65,13,14,20,31,55,60,89,
2025-04-26,66,10,21,24,48,63,67,34,
2025-04-28,67,13,18,30,44,51,81,38,
2025-04-29,68,20,31,39,59,60,82,57,
2025-05-02,69,54,55,67,76,80,85,82,
2025-05-03,70,1,4,22,44,70,72,18,
2025-05-05,71,6,18,37,63,72,73,36,
2025-05-06,72,2,35,51,58,63,88,8,
2025-05-08,73,1,23,27,54,67,83,65,
2025-05-09,74,3,47,51,77,85,88,52,
2025-05-10,75,8,14,17,39,49,55,2,
2025-05-13,76,2,15,25,62,76,81,89,
2025-05-15,77,10,28,35,37,73,75,42,
2025-05-16,78,15,21,30,31,42,80,69,
2025-05-17,79,10,11,19,22,39,88,29,
2025-05-20,80,5,19,21,30,33,48,74,
2025-05-22,81,2,19,23,46,49,72,71,
2025-05-23,82,2,8,10,18,20,79,13,
2025-05-24,83,1,3,5,53,62,71,32,
2025-05-27,84,7,10,35,40,53,75,60,
2025-05-29,85,27,32,51,67,71,81,35,
2025-05-30,86,31,34,62,63,82,87,81,
2025-05-31,87,4,8,47,48,63,90,77,
2025-06-03,88,1,6,31,37,47,71,26,
2025-06-05,89,10,17,19,21,63,74,4,
2025-06-06,90,2,10,33,55,73,74,80,
2025-06-07,91,5,28,46,49,52,76,83,
2025-06-10,92,14,45,55,62,76,80,51,
2025-06-12,93,21,61,69,76,79,81,77,
2025-06-13,94,8,23,25,48,78,83,80,
2025-06-14,95,10,18,44,56,73,86,48,
2025-06-17,96,17,48,52,58,86,87,74,
2025-06-19,97,4,6,11,31,69,73,9,
2025-06-20,98,34,67,76,77,86,90,40,
2025-06-21,99,4,17,28,36,42,50,5,
2025-06-24,100,2,23,32,36,63,64,37,
2025-06-26,101,10,56,69,70,79,81,53,
2025-06-27,102,25,49,54,55,62,73,4,
2025-06-28,103,10,35,38,41,51,56,3,
2025-07-01,104,6,9,25,28,75,79,83,
2025-07-03,105,37,42,49,53,57,65,62,
2025-07-04,106,26,45,58,65,70,82,27,
2025-07-05,107,16,46,61,71,75,85,64,
2025-07-08,108,1,33,40,61,64,73,15,
2025-07-10,109,5,15,20,32,65,75,12,
2025-07-11,110,1,31,40,62,64,74,81,
2025-07-12,111,16,24,25,43,64,78,54,
2025-07-15,112,4,10,14,48,58,83,47,
2025-07-17,113,16,35,37,42,43,68,58,
2025-07-18,114,20,37,50,70,75,88,46,
2025-07-19,115,5,43,46,56,58,90,23,
2025-07-22,116,3,8,44,52,69,85,11,
2025-07-24,117,10,14,37,66,88,89,34,
2025-07-25,118,15,16,17,36,62,83,7,
2025-07-26,119,1,9,19,49,53,88,77,
2025-07-29,120,13,27,31,60,65,75,39,
2025-07-31,121,14,55,56,57,58,66,46,
2025-08-01,122,9,25,27,36,54,86,45,
2025-08-02,123,42,54,66,78,80,88,60,
2025-08-05,124,6,31,57,60,65,80,12,
2025-08-07,125,43,55,70,79,83,85,24,
2025-08-08,126,8,34,38,53,78,79,58,
2025-08-09,127,6,18,40,41,45,88,37,
2025-08-12,128,7,11,26,59,82,83,24,
2025-08-14,129,3,19,30,47,49,75,35,
2025-08-16,130,6,15,25,31,72,79,54,
2025-08-18,131,5,19,58,59,83,87,10,
2025-08-19,132,5,10,51,62,77,81,74,
2025-08-21,133,49,56,57,61,62,86,16,
2025-08-22,134,7,25,38,39,66,69,17,
2025-08-23,135,5,29,40,47,52,80,4,
2025-08-26,136,12,23,25,34,41,63,21,
2025-08-28,137,56,59,64,67,72,78,51,
2025-08-29,138,18,22,32,34,52,56,62,
2025-08-30,139,30,43,46,62,73,90,35,
2025-09-02,140,16,19,28,44,60,78,9,
2025-09-04,141,5,16,38,45,63,83,46,
2025-09-05,142,9,39,47,52,71,82,83,
2025-09-06,143,59,73,75,76,78,88,57,
2025-09-09,144,34,47,71,73,82,90,49,
2025-09-11,145,3,9,11,35,65,74,26,
2025-09-12,146,29,33,44,52,63,65,19,
2025-09-13,147,26,28,31,35,37,65,30,
2025-09-16,148,1,12,26,44,51,90,72,
2025-09-18,149,12,38,46,49,60,65,2,
2025-09-19,150,11,16,23,31,49,78,63,
2025-09-20,151,2,12,15,31,63,71,50,
2025-09-23,152,1,6,20,43,59,73,58,
2025-09-25,153,11,19,36,41,65,82,17,
2025-09-26,154,2,17,23,39,58,82,75,
2025-09-27,155,9,10,21,25,27,68,54,
2025-09-30,156,5,8,71,74,77,81,34,
2025-10-02,157,1,21,39,42,52,89,6,
2025-10-03,158,2,4,69,75,79,88,12,
2025-10-04,159,48,54,61,68,79,87,80,
2025-10-07,160,17,21,40,56,61,79,87,
2025-10-09,161,38,49,50,54,78,82,90,
2025-10-10,162,20,38,42,61,81,82,16,
2025-10-11,163,28,51,55,62,80,90,68,
2025-10-14,164,9,31,44,59,70,86,37,
2025-10-16,165,7,44,45,58,76,80,77,
2025-10-17,166,2,9,10,32,66,77,72,
2025-10-18,167,12,13,19,26,75,82,50,
2025-10-21,168,4,9,14,33,36,77,66,
2025-10-23,169,7,29,42,62,68,73,26,
2025-10-24,170,5,12,23,31,84,90,68,
2025-10-25,171,16,18,33,53,58,89,81,
2025-10-28,172,8,25,40,54,58,63,50,
2025-10-30,173,15,30,37,39,56,74,43,
2025-10-31,174,8,30,32,61,67,85,22,
2025-11-03,175,30,56,80,81,85,87,67,
2025-11-04,176,5,18,28,38,44,76,23,
2025-11-06,177,9,48,51,53,73,88,19,
2025-11-07,178,5,24,32,67,82,88,43,
2025-11-08,179,17,18,19,33,35,62,80,
2025-11-11,180,3,37,42,59,63,84,49,
2025-11-13,181,7,9,17,54,73,90,89,
2025-11-14,182,26,38,43,46,72,73,45,
2025-11-15,183,20,23,40,51,55,85,5,
2025-11-18,184,18,40,54,83,85,89,4,
2025-11-20,185,5,9,15,17,48,74,65,
2025-11-21,186,12,14,18,53,84,86,72,
2025-11-22,187,2,8,29,47,59,65,86,
2025-11-25,188,18,20,21,23,40,43,52,
2025-11-27,189,9,28,43,50,61,88,83,
2025-11-28,190,1,12,20,21,42,58,84,
2025-11-29,191,8,16,29,61,65,69,17,
2025-12-02,192,5,17,28,59,70,90,27,
2025-12-04,193,12,30,45,48,59,60,40,
2025-12-05,194,10,19,29,30,56,71,76,
2025-12-06,195,1,38,42,78,82,84,24,
2025-12-09,196,8,31,51,65,78,79,26,
2025-12-11,197,14,44,72,81,85,86,80,
2025-12-12,198,7,21,35,38,64,80,29,
2025-12-13,199,2,5,7,36,58,64,14,
2025-12-16,200,2,18,24,35,41,84,44,
2025-12-18,201,7,28,63,69,73,77,64,
2025-12-19,202,16,52,60,75,81,88,40,
2025-12-20,203,11,24,42,50,89,90,36,
2025-12-22,204,2,14,28,36,78,85,17,
2025-12-23,205,16,18,22,24,34,80,62,
2025-12-27,206,8,19,20,41,74,84,45,
2025-12-29,207,36,38,45,61,79,83,12,
2025-12-30,208,6,9,17,20,60,67,1,
2026-01-02,1,29,33,47,56,69,89,16,
2026-01-03,2,16,30,32,43,68,76,36,
2026-01-05,3,11,13,17,56,80,84,41,
2026-01-08,4,35,42,45,53,55,88,66,
2026-01-09,5,31,33,61,68,71,72,87,
2026-01-10,6,11,19,24,66,82,88,58,
2026-01-12,7,1,11,40,73,75,81,70,
2026-01-13,8,20,29,56,68,72,74,35,
2026-01-15,9,44,49,60,69,73,85,36,
2026-01-16,10,14,21,24,52,80,86,57,
2026-01-17,11,3,7,41,56,65,83,79,
2026-01-20,12,8,13,25,60,72,74,78,
2026-01-22,13,2,30,52,56,57,78,59,
2026-01-23,14,2,6,11,19,88,90,69,
2026-01-24,15,22,37,55,61,68,71,21,
2026-01-27,16,11,19,27,31,54,84,38,
2026-01-29,17,29,30,34,56,66,80,88,
2026-01-30,18,32,33,39,40,52,86,63,
2026-01-31,19,2,6,7,33,37,80,11,
2026-02-03,20,11,16,17,41,42,46,70,
2026-02-05,21,6,8,26,27,57,90,41,
2026-02-06,22,6,8,17,31,36,75,90,
2026-02-07,23,4,7,12,30,69,81,41,
2026-02-10,24,1,15,29,39,63,83,73,
2026-02-12,25,5,11,35,52,80,85,66,
2026-02-13,26,1,52,57,71,76,83,37,
2026-02-14,27,5,23,40,47,80,85,6,
2026-02-17,28,16,21,42,45,52,88,58,
2026-02-19,29,20,39,40,43,76,90,53,
2026-02-20,30,30,34,41,42,49,83,64,
2026-02-21,31,49,58,60,66,68,81,75,
2026-02-24,32,4,18,23,26,45,87,82,
2026-02-26,33,18,30,36,52,67,72,69,
2026-02-27,34,10,14,49,55,71,79,80,
2026-02-28,35,14,17,33,63,64,80,15,
2026-03-03,36,4,16,42,48,56,68,26,
2026-03-05,37,7,23,39,62,63,78,22,
2026-03-06,38,4,17,22,37,50,88,20,
2026-03-07,39,3,12,18,40,45,69,5,
2026-03-10,40,8,34,42,47,55,83,4,
2026-03-12,41,8,24,25,62,63,64,43,
2026-03-13,42,3,11,13,20,53,61,88,
2026-03-14,43,3,6,33,63,88,89,18,
2026-03-17,44,2,13,16,41,53,56,60,
2026-03-19,45,19,39,45,54,62,89,42,
2026-03-20,46,14,32,45,51,54,87,61,
2026-03-21,47,9,26,33,49,51,55,50,
2026-03-24,48,6,54,60,64,74,87,10,
2026-03-26,49,24,26,39,69,77,80,82,
2026-03-27,50,6,22,27,43,58,64,10,
2026-03-28,51,9,45,62,67,68,81,36,
2026-03-31,52,1,3,39,46,47,61,25,
2026-04-02,53,18,24,25,32,36,63,40,
2026-04-03,54,28,52,53,64,66,72,44,
2026-04-04,55,8,21,29,46,60,81,42,
2026-04-07,56,10,16,18,47,50,59,7,
2026-04-09,57,2,30,38,63,74,84,19,
2026-04-10,58,3,10,13,17,58,90,32,
2026-04-11,59,19,28,38,48,77,85,59,
2026-04-14,60,3,5,20,27,35,66,17,
2026-04-16,61,9,11,12,38,44,54,60,
2026-04-17,62,13,27,45,53,57,84,34,
2026-04-18,63,11,22,28,33,68,77,9,
2026-04-21,64,18,19,40,43,56,77,6,
2026-04-23,65,18,24,28,35,56,58,72,
2026-04-24,66,6,13,33,37,68,82,56,
2026-04-27,67,40,57,62,64,85,87,23,
2026-04-28,68,29,42,43,47,57,60,27,
2026-04-30,69,6,7,15,44,52,58,40,
2026-05-02,70,7,58,60,79,84,86,2,
2026-05-04,71,3,14,31,46,61,63,75,
2026-05-05,72,24,34,45,55,81,87,23,
2026-05-07,73,1,34,48,66,69,73,75,
2026-05-08,74,8,16,41,47,51,90,82,
2026-05-09,75,9,27,30,42,43,62,11,
2026-05-12,76,2,28,31,57,58,59,5,
2026-05-14,77,31,56,72,74,84,85,18,
2026-05-15,78,5,13,17,28,47,68,42,
