1,03/12/1997,20,36,39,41,72,76,88,00
2,06/12/1997,2,4,25,29,30,52,24,00
3,10/12/1997,1,2,14,23,78,88,40,00
4,13/12/1997,5,22,34,61,62,77,58,00
5,17/12/1997,10,65,77,80,81,86,89,00
6,20/12/1997,3,27,48,58,78,90,45,00
7,24/12/1997,13,59,63,75,85,87,52,00
8,27/12/1997,8,26,35,43,55,67,69,00
9,31/12/1997,34,36,71,76,86,89,82,00
10,03/01/1998,2,29,36,72,82,90,71,00
11,07/01/1998,20,23,24,29,66,73,30,00
12,10/01/1998,24,33,37,40,60,86,32,00
13,14/01/1998,16,37,49,52,53,82,57,00
14,17/01/1998,29,37,49,51,55,74,86,00
15,21/01/1998,22,25,26,49,59,85,62,00
16,24/01/1998,3,4,39,43,56,81,82,00
17,28/01/1998,2,3,49,51,63,79,43,00
18,31/01/1998,6,13,26,33,34,78,65,00
19,04/02/1998,18,23,24,35,48,82,38,00
20,07/02/1998,8,9,23,34,64,89,01,00
21,11/02/1998,2,15,63,65,68,78,71,00
22,14/02/1998,37,40,46,51,58,66,84,00
23,18/02/1998,10,12,29,41,45,50,52,00
24,21/02/1998,4,19,47,60,73,84,58,00
25,25/02/1998,1,27,40,81,82,85,06,00
26,28/02/1998,13,68,75,79,87,88,90,00
27,04/03/1998,28,36,59,79,84,88,07,00
28,07/03/1998,2,12,57,62,64,71,56,00
29,11/03/1998,3,23,25,44,74,89,76,00
30,14/03/1998,16,33,42,86,88,89,43,00
31,18/03/1998,1,5,17,38,61,71,70,00
32,21/03/1998,17,30,38,51,77,80,33,00
33,25/03/1998,5,6,17,55,62,73,38,00
34,28/03/1998,16,40,50,58,62,63,05,00
35,01/04/1998,17,31,42,43,55,72,64,00
36,04/04/1998,1,7,21,49,84,87,77,00
37,08/04/1998,4,7,22,27,39,88,14,00
38,11/04/1998,23,58,64,67,79,81,14,00
39,15/04/1998,4,5,46,47,73,82,62,00
40,18/04/1998,17,38,47,56,76,85,26,00
41,22/04/1998,5,22,40,46,86,87,13,00
42,27/04/1998,18,36,62,63,76,80,64,00
43,29/04/1998,15,23,27,29,50,69,54,00
44,02/05/1998,6,12,23,28,77,79,73,00
45,06/05/1998,5,28,33,64,81,84,67,00
46,09/05/1998,5,19,43,44,73,77,39,00
47,13/05/1998,6,15,41,57,81,83,74,00
48,16/05/1998,7,19,25,68,71,85,46,00
49,20/05/1998,5,13,22,25,43,50,45,00
50,23/05/1998,7,12,24,37,58,81,10,00
51,27/05/1998,36,48,56,65,71,73,38,00
52,30/05/1998,4,11,29,34,86,88,59,00
53,03/06/1998,48,50,80,81,84,87,42,00
54,06/06/1998,13,18,22,56,67,72,65,00
55,10/06/1998,5,14,17,38,64,68,83,00
56,13/06/1998,13,26,30,34,83,86,64,00
57,17/06/1998,10,16,35,39,64,65,70,00
58,20/06/1998,20,24,39,63,65,70,36,00
59,24/06/1998,19,43,59,60,67,79,10,00
60,27/06/1998,2,16,38,40,44,57,28,00
61,01/07/1998,25,33,37,47,48,79,29,00
62,04/07/1998,29,42,49,52,53,67,55,00
63,08/07/1998,5,20,24,48,78,80,06,00
64,11/07/1998,15,16,17,57,60,63,28,00
65,15/07/1998,12,32,48,68,70,85,07,00
66,18/07/1998,1,36,42,71,72,88,90,00
67,22/07/1998,56,71,75,78,81,85,08,00
68,25/07/1998,25,37,54,63,70,76,07,00
69,29/07/1998,25,60,62,68,83,89,88,00
70,01/08/1998,5,14,37,38,50,72,90,00
71,05/08/1998,7,24,40,56,79,85,90,00
72,08/08/1998,12,27,31,32,57,83,42,00
73,12/08/1998,31,33,61,77,86,88,16,00
74,17/08/1998,4,47,53,55,71,73,80,00
75,19/08/1998,6,15,16,50,62,82,04,00
76,22/08/1998,10,36,48,63,83,90,32,00
77,26/08/1998,10,40,66,72,76,80,61,00
78,29/08/1998,12,19,22,53,72,88,34,00
79,02/09/1998,1,43,45,48,83,90,14,00
80,05/09/1998,15,16,20,23,24,87,77,00
81,09/09/1998,10,25,56,68,71,77,03,00
82,12/09/1998,14,37,48,55,84,87,23,00
83,16/09/1998,22,26,29,37,75,76,36,00
84,19/09/1998,3,33,45,57,78,80,65,00
85,23/09/1998,7,9,31,41,67,68,22,00
86,26/09/1998,28,31,40,67,74,90,61,00
87,30/09/1998,20,34,44,61,74,87,25,00
88,03/10/1998,2,9,13,34,46,63,85,00
89,07/10/1998,6,13,17,49,51,83,76,00
90,10/10/1998,42,43,46,49,52,76,48,00
91,14/10/1998,15,28,42,55,76,88,74,00
92,17/10/1998,10,13,50,59,64,78,23,00
93,21/10/1998,14,39,50,56,72,89,29,00
94,24/10/1998,4,26,27,74,77,84,20,00
95,28/10/1998,37,60,64,73,80,84,02,00
96,31/10/1998,1,21,30,61,73,84,74,00
97,04/11/1998,6,54,72,75,81,87,55,00
98,07/11/1998,15,19,25,33,40,68,81,00
99,11/11/1998,19,38,60,80,81,90,10,00
100,14/11/1998,6,31,69,70,76,85,44,00
101,18/11/1998,12,18,43,47,50,83,53,00
102,21/11/1998,32,36,43,56,66,89,08,00
103,25/11/1998,32,39,52,56,69,85,53,00
104,28/11/1998,12,15,40,50,66,88,70,00
105,02/12/1998,9,23,36,66,67,77,87,00
106,05/12/1998,27,35,47,48,59,79,77,00
107,09/12/1998,1,11,42,43,61,81,29,00
108,12/12/1998,9,37,39,40,42,86,02,00
109,16/12/1998,22,43,56,71,77,83,35,00
110,19/12/1998,3,6,13,28,49,50,33,00
111,23/12/1998,3,9,14,26,47,79,81,00
112,28/12/1998,14,43,46,65,71,82,22,00
113,30/12/1998,30,36,45,49,63,89,46,00
114,02/01/1999,10,12,54,58,72,88,23,00
115,07/01/1999,34,43,44,45,53,58,64,00
116,09/01/1999,1,6,13,23,53,77,20,00
117,13/01/1999,18,23,45,51,61,86,29,00
118,16/01/1999,7,9,12,37,86,90,87,00
119,20/01/1999,1,43,45,48,51,56,18,00
120,23/01/1999,36,45,46,47,74,75,69,00
121,27/01/1999,8,48,65,72,83,88,67,00
122,30/01/1999,14,20,40,58,68,84,88,00
123,03/02/1999,45,67,70,80,81,89,03,00
124,06/02/1999,9,10,26,30,44,54,62,00
125,10/02/1999,4,8,12,17,19,80,84,00
126,13/02/1999,12,20,23,34,67,87,46,00
127,17/02/1999,24,45,49,63,78,83,04,00
128,20/02/1999,4,26,59,63,69,74,86,00
129,24/02/1999,17,19,32,41,52,87,23,00
130,27/02/1999,6,7,42,55,75,88,67,00
131,03/03/1999,40,41,51,62,66,80,77,00
132,06/03/1999,27,41,44,50,68,73,21,00
133,10/03/1999,11,20,56,69,72,76,32,00
134,13/03/1999,6,18,20,34,72,90,17,00
135,17/03/1999,3,7,14,45,68,70,39,00
136,20/03/1999,43,71,80,84,88,89,73,00
137,24/03/1999,4,26,34,61,76,81,67,00
138,27/03/1999,7,18,27,80,81,83,87,00
139,31/03/1999,25,60,64,71,75,85,18,00
140,03/04/1999,33,41,47,48,60,80,17,00
141,07/04/1999,13,27,40,46,70,84,28,00
142,10/04/1999,4,11,14,17,25,32,61,00
143,14/04/1999,34,63,70,77,83,90,43,00
144,17/04/1999,4,6,25,32,73,83,64,00
145,21/04/1999,20,53,55,61,64,74,46,00
146,24/04/1999,20,22,33,44,50,74,60,00
147,28/04/1999,1,51,53,55,73,86,41,00
148,03/05/1999,8,49,50,65,66,69,75,00
149,05/05/1999,3,10,28,71,81,88,84,00
150,08/05/1999,11,14,15,30,68,81,82,00
151,12/05/1999,3,7,10,37,57,86,49,00
152,15/05/1999,7,33,54,72,73,90,24,00
153,19/05/1999,10,23,35,64,74,90,52,00
154,22/05/1999,3,28,38,43,73,75,01,00
155,26/05/1999,3,4,13,16,59,70,22,00
156,29/05/1999,10,34,44,49,62,79,47,00
157,02/06/1999,2,16,17,65,69,72,60,00
158,05/06/1999,9,36,52,76,77,90,54,00
159,09/06/1999,16,32,35,45,72,77,06,00
160,12/06/1999,32,35,57,74,79,84,70,00
161,16/06/1999,5,20,29,41,56,86,81,00
162,19/06/1999,13,23,31,58,67,68,22,00
163,23/06/1999,31,36,37,71,86,90,13,00
164,26/06/1999,8,19,23,37,65,77,48,00
165,30/06/1999,13,22,44,74,77,87,76,00
166,03/07/1999,3,6,7,53,65,90,14,00
167,07/07/1999,38,46,63,82,83,87,01,00
168,10/07/1999,1,4,42,67,75,77,31,00
169,14/07/1999,4,48,60,63,84,88,62,00
170,17/07/1999,5,22,35,38,74,82,36,00
171,21/07/1999,11,19,26,58,67,89,01,00
172,24/07/1999,13,16,23,52,67,78,76,00
173,28/07/1999,13,64,68,84,89,90,85,00
174,31/07/1999,5,34,44,73,77,83,65,00
175,04/08/1999,12,23,46,54,78,90,85,00
176,07/08/1999,4,16,29,58,69,88,54,00
177,11/08/1999,10,19,24,29,42,67,39,00
178,14/08/1999,45,64,73,80,81,85,11,00
179,18/08/1999,13,16,51,56,65,67,35,00
180,21/08/1999,1,32,37,63,67,69,90,00
181,25/08/1999,1,25,28,39,51,89,62,00
182,28/08/1999,7,12,14,16,24,45,54,00
183,01/09/1999,5,19,26,32,67,87,65,00
184,04/09/1999,38,40,41,69,76,81,78,00
185,08/09/1999,15,38,48,74,75,80,81,00
186,11/09/1999,25,40,57,59,76,82,55,00
187,15/09/1999,17,20,27,29,72,73,85,00
188,18/09/1999,12,15,33,60,79,88,08,00
189,22/09/1999,1,11,40,50,53,80,68,00
190,25/09/1999,6,27,37,38,47,79,23,00
191,29/09/1999,4,16,27,55,67,72,03,00
192,02/10/1999,6,10,38,48,49,65,61,00
193,06/10/1999,38,58,61,64,82,87,68,00
194,09/10/1999,12,35,40,59,78,80,44,00
195,13/10/1999,6,24,30,34,37,71,82,00
196,16/10/1999,3,35,45,47,54,70,30,00
197,20/10/1999,22,26,58,60,67,88,49,00
198,23/10/1999,24,46,57,73,79,81,77,00
199,27/10/1999,6,25,34,72,76,82,12,00
200,30/10/1999,16,21,29,39,70,90,76,00
201,03/11/1999,19,42,64,68,72,86,45,00
202,06/11/1999,6,7,37,67,80,87,22,00
203,10/11/1999,21,45,55,61,73,80,77,00
204,13/11/1999,3,23,61,82,83,88,64,00
205,17/11/1999,6,51,73,78,80,81,34,00
206,20/11/1999,20,31,45,62,76,81,51,00
207,24/11/1999,12,16,24,48,53,58,85,00
208,27/11/1999,14,20,57,79,85,88,69,00
209,01/12/1999,1,13,24,39,44,45,83,00
210,04/12/1999,13,39,62,63,66,76,11,00
211,09/12/1999,20,32,37,44,75,88,72,00
212,11/12/1999,6,27,50,57,77,80,22,00
213,15/12/1999,18,21,28,35,41,85,66,00
214,18/12/1999,13,42,57,61,63,82,45,00
215,22/12/1999,6,9,32,47,59,60,83,00
216,27/12/1999,20,21,63,71,75,79,15,00
217,29/12/1999,14,15,20,42,70,88,28,00
218,03/01/2000,17,38,48,51,55,62,59,00
219,05/01/2000,2,13,31,37,38,82,39,00
220,08/01/2000,6,15,47,71,75,86,78,00
221,12/01/2000,3,15,48,74,76,81,34,00
222,15/01/2000,11,21,22,50,59,63,42,00
223,19/01/2000,20,29,39,54,57,71,28,00
224,22/01/2000,15,21,55,60,70,90,34,00
225,26/01/2000,2,57,62,63,73,87,55,00
226,29/01/2000,55,65,68,70,73,80,89,00
227,02/02/2000,12,13,28,30,47,63,35,00
228,05/02/2000,17,48,52,64,86,87,60,00
229,09/02/2000,6,36,49,51,52,76,35,00
230,12/02/2000,4,33,67,71,81,82,72,00
231,16/02/2000,8,27,39,51,54,90,71,00
232,19/02/2000,25,28,37,51,54,81,04,00
233,23/02/2000,44,53,61,65,86,89,49,00
234,26/02/2000,4,35,48,57,69,90,34,00
235,01/03/2000,27,32,37,70,82,88,52,00
236,04/03/2000,7,19,29,33,40,88,80,00
237,08/03/2000,4,13,15,20,32,41,28,00
238,11/03/2000,28,42,46,56,74,87,43,00
239,15/03/2000,8,17,35,61,78,89,09,00
240,18/03/2000,8,58,76,81,85,87,65,00
241,22/03/2000,2,19,22,57,65,89,61,00
242,25/03/2000,15,27,47,51,62,63,20,00
243,29/03/2000,1,6,12,26,57,70,28,00
244,01/04/2000,3,9,30,58,60,88,37,00
245,05/04/2000,10,17,33,38,67,71,73,00
246,08/04/2000,3,12,26,47,54,87,90,00
247,12/04/2000,18,24,45,58,62,80,04,00
248,15/04/2000,2,27,33,47,53,86,65,00
249,19/04/2000,5,53,64,74,77,88,78,00
250,22/04/2000,24,35,39,48,82,85,66,00
251,26/04/2000,17,51,67,70,82,86,49,00
252,29/04/2000,8,42,45,59,68,88,09,00
253,03/05/2000,1,13,37,53,62,71,09,00
254,06/05/2000,23,26,34,56,66,85,44,00
255,10/05/2000,9,12,19,39,82,86,69,00
256,13/05/2000,32,38,40,59,62,79,02,00
257,17/05/2000,11,14,19,32,78,89,09,00
258,20/05/2000,19,32,41,42,67,77,79,00
259,24/05/2000,8,10,22,72,87,90,39,00
260,27/05/2000,3,25,39,50,53,67,51,00
261,31/05/2000,4,8,19,39,63,70,66,00
262,03/06/2000,6,17,31,33,43,66,78,00
263,07/06/2000,2,4,23,38,53,59,17,00
264,10/06/2000,3,16,37,56,58,79,18,00
265,14/06/2000,15,25,50,64,80,89,72,00
266,17/06/2000,29,32,35,49,69,71,70,00
267,21/06/2000,12,15,34,43,55,75,70,00
268,24/06/2000,1,28,52,53,63,77,11,00
269,28/06/2000,3,17,18,41,63,89,48,00
270,01/07/2000,19,39,43,48,62,76,05,00
271,05/07/2000,12,34,35,50,63,88,69,00
272,08/07/2000,4,6,8,41,76,80,60,00
273,12/07/2000,11,15,16,43,49,84,48,00
274,15/07/2000,5,18,24,51,55,74,17,00
275,19/07/2000,6,37,53,60,66,72,26,00
276,22/07/2000,10,13,42,54,66,81,01,00
277,26/07/2000,3,37,40,49,53,83,44,00
278,29/07/2000,29,31,56,57,76,79,43,00
279,02/08/2000,4,39,56,59,65,78,61,00
280,05/08/2000,23,36,56,78,80,83,40,00
281,09/08/2000,18,36,47,62,75,80,41,00
282,12/08/2000,9,19,52,68,70,74,88,00
283,16/08/2000,14,21,27,49,82,83,36,00
284,19/08/2000,5,30,32,35,55,87,86,00
285,23/08/2000,11,13,20,41,76,89,29,00
286,26/08/2000,4,14,15,19,76,85,89,00
287,30/08/2000,8,16,59,61,78,90,45,00
288,02/09/2000,28,44,49,57,64,89,87,00
289,06/09/2000,7,11,48,49,64,72,08,00
290,09/09/2000,3,6,10,26,43,72,89,00
291,13/09/2000,1,45,48,69,70,89,26,00
292,16/09/2000,8,9,17,37,49,86,30,00
293,20/09/2000,12,14,29,49,62,82,79,00
294,23/09/2000,12,51,56,73,85,88,25,00
295,27/09/2000,5,48,71,84,85,87,22,00
296,30/09/2000,25,35,52,55,60,68,75,00
297,04/10/2000,2,3,15,16,24,67,07,00
298,07/10/2000,8,10,16,21,39,65,02,00
299,11/10/2000,11,54,64,70,73,77,66,00
300,14/10/2000,24,35,37,63,81,85,25,00
301,18/10/2000,15,33,41,48,52,56,82,00
302,21/10/2000,1,10,23,40,68,75,14,00
303,25/10/2000,2,38,39,41,61,76,21,00
304,28/10/2000,6,21,29,43,80,89,05,00
305,02/11/2000,2,55,76,78,81,85,71,00
306,04/11/2000,19,21,28,50,53,62,64,00
307,08/11/2000,22,42,50,53,78,83,40,00
308,11/11/2000,9,27,45,66,68,71,83,00
309,15/11/2000,1,25,26,28,53,79,73,00
310,18/11/2000,3,21,42,49,64,85,66,00
311,22/11/2000,14,25,39,50,72,89,59,00
312,25/11/2000,3,14,49,52,65,81,42,00
313,29/11/2000,13,17,29,32,35,49,56,00
314,02/12/2000,6,11,17,18,20,59,55,00
315,06/12/2000,9,16,48,70,75,77,64,00
316,09/12/2000,39,55,62,77,82,88,78,00
317,13/12/2000,8,54,62,63,66,84,45,00
318,16/12/2000,23,33,36,55,76,79,44,00
319,20/12/2000,26,36,43,47,64,90,23,00
320,23/12/2000,11,33,59,68,84,85,62,00
321,27/12/2000,1,5,14,20,39,58,76,00
322,30/12/2000,1,8,26,33,47,70,72,00
323,03/01/2001,15,25,26,33,41,62,51,00
324,08/01/2001,16,19,61,69,72,84,59,00
325,10/01/2001,8,14,30,31,35,76,75,00
326,13/01/2001,44,50,57,81,83,90,05,00
327,17/01/2001,16,22,35,41,53,62,71,00
328,20/01/2001,14,25,28,42,82,90,31,00
329,24/01/2001,29,42,56,65,80,90,78,00
330,27/01/2001,2,6,18,20,49,83,15,00
331,31/01/2001,28,46,65,70,77,86,53,00
332,03/02/2001,2,8,13,39,47,89,33,00
333,07/02/2001,4,23,56,63,71,89,84,00
334,10/02/2001,4,36,41,49,56,82,62,00
335,14/02/2001,15,22,38,62,83,86,57,00
336,17/02/2001,9,17,30,37,40,46,74,00
337,21/02/2001,6,28,46,55,56,62,64,00
338,24/02/2001,25,26,75,78,79,80,56,00
339,28/02/2001,33,43,59,77,83,86,12,00
340,03/03/2001,5,13,18,40,51,56,82,00
341,07/03/2001,32,34,40,45,65,71,89,00
342,10/03/2001,18,39,61,68,74,75,22,00
343,14/03/2001,28,35,36,62,66,70,67,00
344,17/03/2001,8,19,46,49,73,85,72,00
345,21/03/2001,39,43,56,61,65,81,28,00
346,24/03/2001,2,8,24,36,80,84,79,00
347,28/03/2001,11,39,63,64,74,88,28,00
348,31/03/2001,12,14,17,32,50,58,13,00
349,04/04/2001,2,23,48,57,63,89,11,00
350,07/04/2001,5,12,40,61,63,88,31,00
351,11/04/2001,11,41,52,71,81,89,38,00
352,14/04/2001,10,11,64,74,82,88,33,00
353,18/04/2001,10,26,32,41,42,54,31,00
354,21/04/2001,2,7,12,31,38,71,63,00
355,26/04/2001,4,22,27,45,58,86,55,00
356,28/04/2001,2,14,32,43,44,55,12,00
357,02/05/2001,2,45,59,70,75,82,26,00
358,05/05/2001,9,22,26,67,71,89,36,00
359,09/05/2001,7,30,47,76,83,89,11,00
360,12/05/2001,3,32,37,42,43,89,57,00
361,16/05/2001,13,15,18,49,65,73,67,00
362,19/05/2001,6,36,52,68,80,81,87,00
363,23/05/2001,8,39,55,56,57,63,45,00
364,26/05/2001,5,26,37,43,45,64,54,00
365,30/05/2001,11,18,42,44,45,83,07,00
366,04/06/2001,36,48,70,77,82,88,37,00
367,06/06/2001,7,18,44,48,51,63,73,00
368,09/06/2001,4,18,24,29,41,59,40,00
369,13/06/2001,58,61,70,78,84,87,83,00
370,16/06/2001,7,12,19,21,60,81,04,00
371,20/06/2001,25,32,34,54,64,83,56,00
372,23/06/2001,4,15,22,34,77,87,81,00
373,27/06/2001,16,20,27,31,32,77,14,00
374,30/06/2001,22,31,45,68,84,88,54,00
375,04/07/2001,13,29,40,61,73,81,04,00
376,07/07/2001,10,50,53,78,82,86,90,00
377,11/07/2001,7,10,23,33,68,85,30,00
378,14/07/2001,1,31,44,59,64,77,53,00
379,18/07/2001,4,22,37,43,63,80,46,00
380,21/07/2001,3,9,35,65,80,84,26,00
381,25/07/2001,39,56,64,75,76,90,53,00
382,28/07/2001,27,31,34,47,58,75,62,00
383,01/08/2001,5,39,43,53,63,82,33,00
384,04/08/2001,5,22,49,63,65,66,76,00
385,08/08/2001,1,8,14,27,83,87,05,00
386,11/08/2001,21,25,31,44,49,52,61,00
387,16/08/2001,7,58,61,62,73,74,79,00
388,18/08/2001,6,7,14,53,54,85,03,00
389,22/08/2001,10,12,38,57,72,84,11,00
390,25/08/2001,1,9,27,36,68,70,85,00
391,29/08/2001,5,11,44,57,86,90,39,00
392,01/09/2001,10,11,16,45,46,55,31,00
393,05/09/2001,8,43,53,69,74,79,75,00
394,08/09/2001,12,25,49,53,67,73,37,00
395,12/09/2001,3,5,10,32,44,75,49,00
396,15/09/2001,2,14,38,53,56,71,48,00
397,19/09/2001,10,21,30,45,55,57,64,00
398,22/09/2001,22,26,27,28,72,73,01,00
399,26/09/2001,14,62,69,70,86,88,09,00
400,29/09/2001,3,4,7,55,61,77,75,00
401,03/10/2001,14,42,45,49,71,86,72,00
402,06/10/2001,3,11,43,50,85,88,45,00
403,10/10/2001,14,35,37,52,66,72,12,00
404,13/10/2001,13,28,45,58,70,86,60,00
405,17/10/2001,18,49,60,64,80,84,79,00
406,20/10/2001,16,19,20,30,31,47,83,00
407,24/10/2001,12,23,48,70,85,86,78,00
408,27/10/2001,25,32,36,46,57,58,73,00
409,31/10/2001,5,11,17,21,28,63,50,00
410,03/11/2001,7,24,30,59,66,89,74,00
411,07/11/2001,8,10,23,35,40,46,09,00
412,10/11/2001,1,34,42,50,70,72,11,00
413,14/11/2001,3,4,16,36,74,89,40,00
414,17/11/2001,1,7,10,23,66,88,18,00
415,21/11/2001,14,53,55,65,83,87,74,00
416,24/11/2001,6,7,16,51,62,83,36,00
417,28/11/2001,21,32,35,40,66,83,50,00
418,01/12/2001,32,48,50,55,58,86,04,00
419,05/12/2001,14,32,47,48,63,79,46,00
420,10/12/2001,5,19,40,51,85,87,88,00
421,12/12/2001,4,14,20,61,75,78,56,00
422,15/12/2001,1,14,68,70,75,83,89,00
423,19/12/2001,19,25,49,53,81,84,64,00
424,22/12/2001,3,21,32,48,59,68,18,00
425,27/12/2001,20,21,26,53,80,90,04,00
426,29/12/2001,24,26,49,53,68,83,29,00
427,31/12/2001,41,51,54,63,66,69,35,00
428,02/01/2002,23,31,33,39,74,84,45,00
429,05/01/2002,50,52,54,76,77,86,64,00
430,09/01/2002,15,30,37,52,61,87,10,00
431,12/01/2002,12,26,45,75,82,84,33,00
432,16/01/2002,3,13,20,35,46,58,71,00
433,19/01/2002,15,19,30,46,47,71,72,00
434,23/01/2002,12,41,52,55,84,85,45,00
435,26/01/2002,25,33,41,51,66,76,28,00
436,30/01/2002,3,6,34,49,79,83,32,00
437,02/02/2002,21,28,60,68,71,88,89,00
438,06/02/2002,29,37,53,62,79,85,51,00
439,09/02/2002,9,35,45,77,85,87,72,00
440,13/02/2002,14,39,53,55,73,87,03,00
441,16/02/2002,6,36,37,59,61,62,38,00
442,20/02/2002,1,61,66,70,78,81,85,00
443,23/02/2002,14,17,56,59,69,88,13,00
444,27/02/2002,29,33,40,47,54,87,27,00
445,02/03/2002,19,26,28,45,86,88,79,00
446,06/03/2002,5,6,32,61,67,85,35,00
447,09/03/2002,44,56,57,76,86,88,19,00
448,13/03/2002,20,40,64,68,76,90,59,00
449,16/03/2002,5,30,34,50,82,84,28,00
450,20/03/2002,15,35,42,45,55,77,43,00
451,23/03/2002,1,29,35,38,45,51,86,00
452,27/03/2002,3,11,16,38,69,82,17,00
453,30/03/2002,30,56,57,73,82,84,41,00
454,03/04/2002,15,37,40,47,64,81,49,00
455,06/04/2002,19,23,29,44,69,89,60,00
456,10/04/2002,2,28,43,57,79,90,15,00
457,13/04/2002,18,21,76,79,80,84,57,00
458,17/04/2002,24,27,35,43,64,88,08,00
459,20/04/2002,19,42,45,51,62,88,18,00
460,24/04/2002,27,42,45,62,74,87,02,00
461,27/04/2002,21,37,41,45,60,71,23,00
462,02/05/2002,7,15,17,26,36,54,10,00
463,04/05/2002,1,6,60,61,69,86,03,00
464,08/05/2002,25,55,57,67,69,86,02,00
465,11/05/2002,10,17,51,54,62,65,81,00
466,15/05/2002,23,26,34,35,71,84,53,00
467,18/05/2002,13,28,31,58,59,79,45,00
468,22/05/2002,12,26,27,42,66,89,41,00
469,25/05/2002,40,46,49,62,77,88,02,00
470,29/05/2002,21,36,38,72,79,82,25,00
471,01/06/2002,38,50,58,80,85,90,84,00
472,05/06/2002,4,41,43,51,85,89,64,00
473,08/06/2002,1,38,70,75,83,86,52,00
474,12/06/2002,37,51,58,62,63,86,78,00
475,15/06/2002,8,16,33,64,71,86,90,00
476,19/06/2002,22,24,30,58,60,89,26,00
477,22/06/2002,16,37,42,46,60,64,11,00
478,26/06/2002,9,11,17,38,81,88,46,00
479,29/06/2002,1,4,50,66,69,77,42,00
480,03/07/2002,14,21,34,37,66,73,74,00
481,06/07/2002,3,15,28,76,83,86,56,00
482,10/07/2002,19,37,50,73,75,85,61,00
483,13/07/2002,21,38,63,70,71,83,07,00
484,17/07/2002,17,20,44,57,71,76,14,00
485,20/07/2002,11,19,57,63,84,89,35,00
486,24/07/2002,5,17,44,62,80,88,69,00
487,27/07/2002,11,20,24,31,40,49,88,00
488,31/07/2002,8,12,36,62,68,81,51,00
489,03/08/2002,23,26,32,52,71,75,35,00
490,07/08/2002,7,8,53,72,82,84,22,00
491,10/08/2002,16,29,32,40,48,70,38,00
492,14/08/2002,5,7,20,25,38,59,63,00
493,17/08/2002,15,30,33,35,87,88,90,00
494,21/08/2002,17,23,33,44,46,69,07,00
495,24/08/2002,8,25,26,38,66,79,49,00
496,28/08/2002,1,7,42,49,77,88,46,00
497,31/08/2002,21,28,29,36,45,54,05,00
498,04/09/2002,10,41,52,53,61,88,89,00
499,07/09/2002,16,51,57,64,72,90,63,00
500,11/09/2002,16,23,55,83,86,89,09,00
501,14/09/2002,20,23,30,44,78,88,56,00
502,18/09/2002,11,18,55,77,81,85,58,00
503,21/09/2002,1,10,16,51,76,89,49,00
504,25/09/2002,23,50,54,56,78,83,65,00
505,28/09/2002,34,56,61,62,70,77,59,00
506,02/10/2002,14,18,54,63,70,87,74,00
507,05/10/2002,9,15,25,40,44,71,84,00
508,09/10/2002,21,22,52,59,65,76,40,00
509,12/10/2002,1,2,8,12,48,66,28,00
510,16/10/2002,10,27,37,57,66,78,09,00
511,19/10/2002,10,21,23,35,55,89,53,00
512,23/10/2002,40,43,46,57,77,82,47,00
513,26/10/2002,27,70,73,84,88,90,04,00
514,30/10/2002,13,15,36,78,82,86,67,00
515,02/11/2002,1,15,22,33,42,80,53,00
516,06/11/2002,11,13,25,59,61,87,77,00
517,09/11/2002,12,34,39,52,61,83,07,00
518,13/11/2002,5,44,45,53,73,89,41,00
519,16/11/2002,5,11,23,47,58,60,08,00
520,20/11/2002,18,26,44,51,63,90,68,00
521,23/11/2002,14,42,68,69,80,85,54,00
522,27/11/2002,10,16,20,26,48,56,63,00
523,30/11/2002,17,34,35,56,65,85,61,00
524,03/12/2002,4,5,11,26,34,36,72,00
525,05/12/2002,14,17,21,31,33,69,78,00
526,07/12/2002,6,17,23,55,56,68,41,00
527,10/12/2002,22,31,63,76,78,79,58,00
528,12/12/2002,3,8,21,33,46,86,37,00
529,14/12/2002,14,35,36,47,58,69,89,00
530,17/12/2002,5,27,30,31,34,86,87,00
531,19/12/2002,18,27,49,59,81,88,17,00
532,21/12/2002,2,27,52,65,70,82,90,00
533,24/12/2002,1,3,6,42,81,83,87,00
534,27/12/2002,33,41,49,50,73,87,27,00
535,28/12/2002,14,17,62,75,76,85,35,00
536,31/12/2002,24,31,37,45,71,81,72,00
537,02/01/2003,6,18,34,43,58,80,08,00
538,04/01/2003,16,17,26,28,37,85,55,00
539,08/01/2003,5,26,49,50,73,90,65,00
540,11/01/2003,11,12,27,39,67,90,34,00
541,15/01/2003,2,46,49,56,82,84,37,00
542,18/01/2003,50,62,70,75,82,90,74,00
543,22/01/2003,51,57,58,69,86,89,07,00
544,25/01/2003,33,37,41,56,65,82,10,00
545,29/01/2003,5,11,22,27,36,90,84,00
546,01/02/2003,14,24,40,56,81,90,20,00
547,05/02/2003,12,18,54,71,80,85,24,00
548,08/02/2003,3,14,31,32,64,79,50,00
549,12/02/2003,14,22,24,34,60,85,61,00
550,15/02/2003,3,9,12,36,71,85,08,00
551,19/02/2003,12,19,51,61,62,90,01,00
552,22/02/2003,17,41,45,81,82,88,39,00
553,26/02/2003,1,41,48,49,84,87,80,00
554,01/03/2003,8,12,27,72,80,84,19,00
555,05/03/2003,29,40,57,67,76,79,87,00
556,08/03/2003,8,27,34,42,83,88,24,00
557,12/03/2003,5,27,30,58,78,82,68,00
558,15/03/2003,23,27,43,56,71,75,58,00
559,19/03/2003,1,17,46,58,67,75,41,00
560,22/03/2003,32,34,37,49,52,68,71,00
561,26/03/2003,15,37,43,51,61,89,79,00
562,29/03/2003,1,31,54,80,81,85,26,00
563,02/04/2003,27,28,40,63,67,78,83,00
564,05/04/2003,12,18,47,63,75,81,60,00
565,09/04/2003,4,14,16,44,76,77,15,00
566,12/04/2003,4,61,63,79,84,85,03,00
567,16/04/2003,15,22,37,64,88,90,26,00
568,19/04/2003,11,26,45,53,69,75,64,00
569,23/04/2003,11,21,40,66,68,83,89,00
570,26/04/2003,10,18,26,39,62,68,86,00
571,30/04/2003,35,38,60,68,74,86,53,00
572,03/05/2003,2,6,12,17,19,63,50,00
573,07/05/2003,1,2,4,19,26,89,06,00
574,10/05/2003,22,38,46,47,77,86,53,00
575,14/05/2003,16,21,38,44,67,87,28,00
576,17/05/2003,5,39,61,75,79,90,38,00
577,21/05/2003,5,28,48,53,75,88,04,00
578,24/05/2003,12,35,54,58,61,65,60,00
579,28/05/2003,40,44,62,76,85,90,10,00
580,31/05/2003,30,44,47,48,53,56,72,00
581,04/06/2003,17,29,35,45,76,84,51,00
582,07/06/2003,15,37,38,57,76,87,30,00
583,11/06/2003,7,32,40,43,47,87,05,00
584,14/06/2003,6,25,46,59,71,83,61,00
585,18/06/2003,2,12,26,30,65,74,39,00
586,21/06/2003,7,19,39,45,48,86,90,00
587,25/06/2003,1,9,40,59,73,74,70,00
588,28/06/2003,14,18,34,48,49,74,04,00
589,02/07/2003,9,13,16,17,34,57,37,00
590,05/07/2003,50,62,68,70,74,80,22,00
591,09/07/2003,36,38,39,66,76,83,03,00
592,12/07/2003,10,11,46,80,83,88,15,00
593,16/07/2003,15,18,29,37,47,50,22,00
594,19/07/2003,7,14,27,47,80,87,33,00
595,23/07/2003,1,10,35,57,67,78,85,00
596,26/07/2003,3,4,8,28,77,86,68,00
597,30/07/2003,7,18,46,74,82,90,60,00
598,02/08/2003,12,41,45,51,66,77,40,00
599,06/08/2003,8,21,24,42,72,73,51,00
600,09/08/2003,37,48,55,76,87,90,71,00
601,13/08/2003,9,11,39,44,49,86,47,00
602,16/08/2003,35,52,55,61,80,83,36,00
603,20/08/2003,8,9,10,18,42,63,49,00
604,23/08/2003,6,42,68,70,75,87,73,00
605,27/08/2003,1,8,22,28,64,77,21,00
606,30/08/2003,2,5,36,61,86,88,44,00
607,03/09/2003,18,45,47,56,77,78,52,00
608,06/09/2003,16,17,49,50,74,81,19,00
609,10/09/2003,39,50,51,64,72,81,18,00
610,13/09/2003,1,18,34,39,48,64,08,00
611,17/09/2003,25,33,64,67,68,73,58,00
612,20/09/2003,42,44,51,64,65,77,35,00
613,24/09/2003,3,26,39,41,56,61,82,00
614,27/09/2003,17,52,55,65,82,90,85,00
615,01/10/2003,17,55,66,81,86,89,19,00
616,04/10/2003,22,62,68,73,75,87,47,00
617,08/10/2003,1,8,26,41,70,84,02,00
618,11/10/2003,13,16,25,45,47,55,22,00
619,15/10/2003,11,26,30,34,43,73,40,00
620,18/10/2003,1,4,14,41,44,82,30,00
621,22/10/2003,14,15,64,76,80,86,81,00
622,25/10/2003,49,54,55,62,66,88,12,00
623,29/10/2003,2,12,20,52,54,63,69,00
624,03/11/2003,9,25,37,73,80,81,13,00
625,05/11/2003,13,14,24,29,73,79,46,00
626,08/11/2003,7,30,43,52,57,82,75,00
627,12/11/2003,18,29,32,55,79,82,52,00
628,15/11/2003,35,54,78,81,86,88,50,00
629,19/11/2003,2,11,23,31,40,86,29,00
630,22/11/2003,3,27,54,65,81,83,58,00
631,26/11/2003,46,66,68,70,78,79,54,00
632,29/11/2003,38,50,63,65,84,88,26,00
633,03/12/2003,7,20,29,55,71,81,59,00
634,06/12/2003,1,2,18,27,43,47,78,00
635,10/12/2003,6,37,62,73,79,90,48,00
636,13/12/2003,20,48,50,58,65,78,62,00
637,17/12/2003,1,3,42,48,73,83,04,00
638,20/12/2003,3,36,40,42,54,59,64,00
639,24/12/2003,3,19,33,36,72,84,54,00
640,27/12/2003,7,19,37,51,53,74,77,00
641,31/12/2003,3,15,31,36,43,82,57,00
642,03/01/2004,29,32,36,72,77,82,20,00
643,07/01/2004,2,33,41,56,62,74,14,00
644,10/01/2004,15,25,26,32,51,61,63,00
645,14/01/2004,5,15,59,65,70,82,14,00
646,17/01/2004,4,6,19,40,60,79,89,00
647,21/01/2004,3,36,53,64,80,90,04,00
648,24/01/2004,22,27,48,52,81,83,43,00
649,28/01/2004,7,41,48,54,72,88,12,00
650,31/01/2004,4,11,26,53,63,66,08,00
651,04/02/2004,11,30,51,54,88,90,02,00
652,07/02/2004,17,24,34,59,72,82,40,00
653,11/02/2004,12,19,38,43,52,85,33,00
654,14/02/2004,17,35,41,81,82,86,13,00
655,18/02/2004,12,20,55,79,81,82,02,00
656,21/02/2004,4,13,18,58,71,84,03,00
657,25/02/2004,66,72,76,77,81,85,82,00
658,28/02/2004,11,29,60,61,82,84,33,00
659,03/03/2004,12,23,52,69,75,85,43,00
660,06/03/2004,8,19,25,49,50,54,40,00
661,10/03/2004,30,52,55,65,71,80,39,00
662,13/03/2004,4,8,12,44,77,88,71,00
663,17/03/2004,5,17,53,56,61,83,86,00
664,20/03/2004,21,41,60,69,71,83,65,00
665,24/03/2004,24,50,58,69,87,88,03,00
666,27/03/2004,4,15,39,41,49,68,34,00
667,31/03/2004,32,40,45,47,56,71,64,00
668,03/04/2004,6,7,13,35,56,87,48,00
669,07/04/2004,4,16,17,52,62,67,49,00
670,10/04/2004,3,9,41,69,74,79,89,00
671,14/04/2004,24,51,64,69,71,77,63,00
672,17/04/2004,3,14,50,59,82,84,02,00
673,21/04/2004,29,61,62,69,80,85,05,00
674,24/04/2004,7,19,27,51,63,86,62,00
675,28/04/2004,35,42,60,88,89,90,86,00
676,03/05/2004,2,7,24,56,82,85,62,00
677,05/05/2004,2,22,37,46,57,74,63,00
678,08/05/2004,3,34,62,63,72,73,15,00
679,12/05/2004,13,14,40,66,79,85,80,00
680,15/05/2004,14,46,49,60,77,86,33,00
681,19/05/2004,9,22,36,47,69,85,78,00
682,22/05/2004,14,33,35,46,50,66,44,00
683,26/05/2004,26,65,73,76,81,90,13,00
684,29/05/2004,1,5,16,60,84,86,57,00
685,03/06/2004,13,16,42,61,63,81,10,00
686,05/06/2004,29,34,37,55,62,78,24,00
687,09/06/2004,1,2,26,31,42,64,11,00
688,12/06/2004,38,44,46,55,67,85,29,00
689,16/06/2004,20,55,59,73,87,90,40,00
690,19/06/2004,4,8,11,36,55,83,49,00
691,23/06/2004,11,15,58,66,74,79,03,00
692,26/06/2004,18,37,40,45,54,56,57,00
693,30/06/2004,10,22,34,43,62,68,40,00
694,03/07/2004,14,18,22,27,39,58,43,00
695,07/07/2004,14,23,29,44,48,74,73,00
696,10/07/2004,13,30,47,66,74,81,70,00
697,14/07/2004,8,18,26,36,41,52,90,00
698,17/07/2004,29,53,54,72,76,90,20,00
699,21/07/2004,8,13,31,42,58,88,46,00
700,24/07/2004,5,17,18,27,33,47,80,00
701,28/07/2004,2,13,22,53,60,85,16,00
702,31/07/2004,17,29,63,66,70,89,82,00
703,04/08/2004,12,17,27,44,72,90,11,00
704,07/08/2004,8,29,38,53,77,80,27,00
705,11/08/2004,6,42,43,46,53,70,35,00
706,14/08/2004,29,40,52,59,71,84,60,00
707,18/08/2004,4,19,51,57,66,89,78,00
708,21/08/2004,32,42,55,74,78,88,71,00
709,25/08/2004,1,27,37,42,53,61,70,00
710,28/08/2004,18,35,50,57,67,72,16,00
711,01/09/2004,5,15,66,67,82,84,64,00
712,04/09/2004,35,37,41,43,51,88,02,00
713,08/09/2004,41,43,53,65,67,80,77,00
714,11/09/2004,16,20,43,77,78,84,42,00
715,15/09/2004,8,36,49,59,70,87,73,00
716,18/09/2004,2,21,24,27,42,68,63,00
717,22/09/2004,11,67,72,74,75,77,44,00
718,25/09/2004,2,49,56,76,86,89,10,00
719,29/09/2004,2,11,22,25,60,78,74,00
720,02/10/2004,9,37,41,46,65,79,83,00
721,06/10/2004,3,11,19,28,52,87,72,00
722,09/10/2004,7,32,44,47,65,79,48,00
723,13/10/2004,19,44,57,69,71,87,65,00
724,16/10/2004,12,14,27,35,73,88,66,00
725,20/10/2004,13,33,47,48,70,85,07,00
726,23/10/2004,12,40,51,68,73,77,69,00
727,27/10/2004,10,14,17,56,65,84,25,00
728,30/10/2004,4,13,19,30,53,81,42,00
729,03/11/2004,24,35,39,60,72,75,20,00
730,06/11/2004,13,18,21,31,41,56,33,00
731,10/11/2004,15,51,63,79,83,90,64,00
732,13/11/2004,2,21,33,38,45,46,54,00
733,17/11/2004,19,21,27,47,59,88,29,00
734,20/11/2004,29,30,38,54,66,78,80,00
735,24/11/2004,43,45,46,47,69,90,21,00
736,27/11/2004,27,35,54,61,83,89,57,00
737,01/12/2004,3,41,64,65,74,90,80,00
738,04/12/2004,20,24,38,42,44,79,50,00
739,09/12/2004,6,8,15,18,33,75,87,00
740,11/12/2004,8,41,60,70,73,85,55,00
741,15/12/2004,3,4,15,21,61,67,55,00
742,18/12/2004,11,23,47,48,80,87,89,00
743,22/12/2004,14,15,54,77,80,82,55,00
744,27/12/2004,41,59,68,72,74,87,12,00
745,29/12/2004,2,24,49,56,76,78,44,00
746,03/01/2005,10,21,22,43,61,66,47,00
747,05/01/2005,51,53,63,75,76,87,46,00
748,08/01/2005,11,25,63,72,76,87,59,00
749,12/01/2005,2,12,16,20,24,79,83,00
750,15/01/2005,14,31,34,78,89,90,55,00
751,19/01/2005,7,43,46,70,77,89,38,00
752,22/01/2005,15,45,62,63,80,82,44,00
753,26/01/2005,1,22,24,44,47,79,43,00
754,29/01/2005,1,16,18,43,47,78,59,00
755,02/02/2005,28,32,46,49,85,87,52,00
756,05/02/2005,45,60,67,69,70,87,34,00
757,09/02/2005,23,35,36,51,59,80,53,00
758,12/02/2005,13,18,24,50,58,66,64,00
759,16/02/2005,6,8,18,51,80,89,47,00
760,19/02/2005,22,26,32,38,42,86,85,00
761,23/02/2005,8,17,36,37,60,65,13,00
762,26/02/2005,4,23,28,60,64,65,35,00
763,02/03/2005,15,31,62,68,72,73,25,00
764,05/03/2005,19,21,36,55,77,87,51,00
765,09/03/2005,26,31,50,71,85,87,18,00
766,12/03/2005,2,8,30,74,76,88,37,00
767,16/03/2005,4,10,18,53,75,80,85,00
768,19/03/2005,12,33,40,52,53,85,22,00
769,23/03/2005,11,32,36,52,63,66,26,00
770,26/03/2005,42,55,59,61,70,73,41,00
771,30/03/2005,6,55,61,65,78,89,13,00
772,02/04/2005,7,24,42,49,54,65,44,00
773,06/04/2005,28,41,56,75,83,90,44,00
774,09/04/2005,29,30,61,65,73,81,58,00
775,13/04/2005,1,52,70,73,83,89,56,00
776,16/04/2005,5,13,20,32,38,59,07,00
777,20/04/2005,19,47,56,57,70,71,11,00
778,23/04/2005,1,32,37,68,81,88,74,00
779,27/04/2005,13,15,19,21,82,86,87,00
780,30/04/2005,16,31,53,63,70,81,07,00
781,04/05/2005,1,29,49,53,56,74,67,00
782,07/05/2005,6,11,21,30,58,63,05,00
783,11/05/2005,5,55,68,69,70,76,14,00
784,14/05/2005,6,16,44,45,89,90,82,00
785,18/05/2005,5,9,23,40,57,68,66,00
786,21/05/2005,4,15,25,39,45,79,50,00
787,25/05/2005,17,19,35,39,40,51,72,00
788,28/05/2005,2,3,10,15,31,61,37,00
789,01/06/2005,3,7,11,35,69,85,19,00
790,04/06/2005,15,18,35,55,64,88,50,00
791,08/06/2005,6,8,28,29,32,73,59,00
792,11/06/2005,22,35,36,44,74,75,58,00
793,15/06/2005,6,57,58,66,76,80,72,00
794,18/06/2005,7,19,27,54,64,78,86,00
795,21/06/2005,10,13,45,51,65,88,43,00
796,23/06/2005,9,24,56,68,80,86,14,00
797,25/06/2005,4,8,38,60,82,89,88,00
798,28/06/2005,6,8,49,60,72,74,89,00
799,30/06/2005,6,27,42,49,82,86,69,00
800,02/07/2005,1,19,23,50,74,77,18,00
801,05/07/2005,33,39,49,57,76,80,53,00
802,07/07/2005,17,21,40,55,64,79,86,00
803,09/07/2005,2,13,18,51,52,55,64,00
804,12/07/2005,5,24,28,41,51,73,29,00
805,14/07/2005,8,14,41,55,83,85,07,00
806,16/07/2005,8,22,28,36,74,85,79,00
807,19/07/2005,2,15,39,57,62,73,75,00
808,21/07/2005,2,7,16,26,34,80,23,00
809,23/07/2005,41,48,66,81,86,87,50,00
810,26/07/2005,3,17,43,54,75,79,76,00
811,28/07/2005,8,18,25,38,41,43,04,00
812,30/07/2005,25,28,29,54,74,88,02,00
813,02/08/2005,24,34,64,66,68,72,65,00
814,04/08/2005,24,37,64,81,84,90,74,00
815,06/08/2005,1,4,22,24,38,46,61,00
816,09/08/2005,3,8,13,28,50,61,38,00
817,11/08/2005,3,49,68,73,76,80,70,00
818,13/08/2005,7,8,33,39,48,84,23,00
819,16/08/2005,18,22,28,33,57,71,64,00
820,18/08/2005,3,15,49,65,70,72,63,00
821,20/08/2005,24,34,56,72,79,88,18,00
822,23/08/2005,7,22,33,48,86,87,39,00
823,25/08/2005,7,15,33,40,51,64,17,00
824,27/08/2005,11,14,17,35,43,70,54,00
825,30/08/2005,10,29,53,73,78,83,16,00
826,01/09/2005,9,12,20,55,69,81,64,00
827,03/09/2005,3,11,26,36,45,75,01,00
828,06/09/2005,13,22,31,54,55,87,29,00
829,08/09/2005,42,64,79,84,87,89,06,00
830,10/09/2005,20,48,57,65,71,90,39,00
831,13/09/2005,18,21,24,28,74,77,13,00
832,15/09/2005,19,36,44,46,51,89,09,00
833,17/09/2005,13,14,20,22,44,88,01,00
834,20/09/2005,37,40,70,71,75,80,15,00
835,22/09/2005,18,28,34,46,66,82,90,00
836,24/09/2005,4,18,41,52,79,82,39,00
837,27/09/2005,12,33,49,58,69,75,55,00
838,29/09/2005,12,23,29,48,52,78,40,00
839,01/10/2005,44,56,63,71,79,90,88,00
840,04/10/2005,5,25,44,54,65,70,43,00
841,06/10/2005,5,11,13,55,66,71,25,00
842,08/10/2005,15,25,58,61,83,86,77,00
843,11/10/2005,10,25,35,83,87,90,05,00
844,13/10/2005,14,20,35,45,48,66,57,00
845,15/10/2005,13,27,46,68,79,83,32,00
846,18/10/2005,3,33,63,71,78,79,74,00
847,20/10/2005,7,48,53,59,70,76,63,00
848,22/10/2005,24,35,38,61,70,86,58,00
849,25/10/2005,17,39,48,55,57,85,15,00
850,27/10/2005,17,42,62,67,77,79,74,00
851,29/10/2005,3,6,21,24,37,48,13,00
852,02/11/2005,5,31,57,66,81,85,50,00
853,03/11/2005,9,13,17,47,63,81,77,00
854,05/11/2005,13,30,60,67,84,86,78,00
855,08/11/2005,1,13,14,25,72,86,04,00
856,10/11/2005,3,15,23,40,51,60,32,00
857,12/11/2005,11,16,54,56,57,82,41,00
858,15/11/2005,48,59,65,69,84,90,46,00
859,17/11/2005,20,26,30,39,40,55,73,00
860,19/11/2005,12,14,23,36,72,87,89,00
861,22/11/2005,4,16,31,54,70,87,27,00
862,24/11/2005,25,28,34,44,57,80,86,00
863,26/11/2005,23,30,32,41,48,64,78,00
864,29/11/2005,1,12,21,36,40,84,48,00
865,01/12/2005,22,30,43,56,69,78,66,00
866,03/12/2005,24,40,53,60,63,68,56,00
867,06/12/2005,18,38,43,57,73,88,67,00
868,09/12/2005,15,23,35,38,69,89,22,00
869,10/12/2005,20,27,28,46,64,85,68,00
870,13/12/2005,52,59,63,72,75,87,89,00
871,15/12/2005,6,26,42,51,60,79,47,00
872,17/12/2005,20,23,42,70,80,90,39,00
873,20/12/2005,1,17,31,39,49,71,07,00
874,22/12/2005,9,46,54,64,69,72,90,00
875,24/12/2005,26,47,49,66,86,88,44,00
876,27/12/2005,3,5,51,55,82,83,76,00
877,29/12/2005,3,4,17,20,23,54,43,00
878,31/12/2005,57,66,68,70,74,86,87,00
879,03/01/2006,13,14,22,24,46,81,70,00
880,05/01/2006,8,27,29,38,64,82,37,00
881,07/01/2006,43,45,80,81,83,86,77,00
882,10/01/2006,54,58,72,73,82,86,38,00
883,12/01/2006,26,30,38,55,69,75,11,00
884,14/01/2006,30,31,33,44,77,89,51,00
885,17/01/2006,26,27,31,69,78,85,67,00
886,19/01/2006,25,55,60,69,77,81,34,00
887,21/01/2006,7,37,44,45,53,68,57,00
888,24/01/2006,11,13,27,47,82,84,28,00
889,26/01/2006,9,47,59,73,79,88,18,00
890,28/01/2006,25,39,74,76,85,88,58,00
891,31/01/2006,34,38,53,60,72,88,18,00
892,02/02/2006,3,22,29,54,75,84,78,00
893,04/02/2006,13,22,43,50,70,76,14,00
894,07/02/2006,11,18,27,37,65,72,43,00
895,09/02/2006,7,33,38,51,53,67,57,00
896,11/02/2006,1,2,8,30,42,43,45,00
897,14/02/2006,8,44,47,60,66,77,83,00
898,16/02/2006,5,6,18,34,42,72,08,00
899,18/02/2006,34,40,42,64,77,88,48,00
900,21/02/2006,20,58,65,70,77,86,87,00
901,23/02/2006,17,26,70,76,82,90,72,00
902,25/02/2006,3,6,44,60,84,86,53,00
903,28/02/2006,3,21,63,81,87,89,04,00
904,02/03/2006,4,35,41,66,77,89,68,00
905,04/03/2006,17,27,29,31,44,46,51,00
906,07/03/2006,1,7,22,72,79,82,75,00
907,09/03/2006,10,12,15,51,66,68,60,00
908,11/03/2006,26,28,55,61,62,85,81,00
909,14/03/2006,15,20,32,43,45,54,81,00
910,16/03/2006,8,10,15,42,48,51,25,00
911,18/03/2006,41,43,52,59,73,82,87,00
912,21/03/2006,7,8,10,29,40,52,14,00
913,23/03/2006,10,41,53,62,65,76,26,00
914,25/03/2006,16,20,29,31,38,45,25,00
915,28/03/2006,24,25,33,42,57,89,20,68
916,30/03/2006,1,4,14,30,78,82,70,44
917,01/04/2006,15,30,33,37,62,78,55,23
918,04/04/2006,13,25,45,70,78,88,89,55
919,06/04/2006,13,19,60,61,83,90,10,06
920,08/04/2006,16,33,60,61,62,63,77,51
921,11/04/2006,16,19,44,60,76,89,79,49
922,13/04/2006,27,35,41,46,49,86,24,40
923,15/04/2006,10,11,13,37,81,84,03,63
924,18/04/2006,1,4,12,14,66,78,55,75
925,20/04/2006,32,35,44,58,82,90,52,42
926,22/04/2006,16,21,59,70,71,83,90,37
927,26/04/2006,13,18,47,51,60,64,11,36
928,27/04/2006,8,23,30,53,69,78,36,78
929,29/04/2006,12,22,53,54,60,77,28,07
930,02/05/2006,22,42,52,55,62,74,61,74
931,04/05/2006,11,18,37,52,62,77,59,19
932,06/05/2006,19,22,46,49,72,85,14,10
933,09/05/2006,16,23,40,62,79,88,42,89
934,11/05/2006,14,19,20,26,79,82,47,59
935,13/05/2006,11,31,38,50,59,62,07,56
936,16/05/2006,1,4,32,35,36,87,07,20
937,18/05/2006,1,63,67,71,75,79,28,78
938,20/05/2006,5,32,39,50,59,77,71,18
939,23/05/2006,30,36,39,68,71,80,38,78
940,25/05/2006,19,22,44,61,66,75,77,58
941,27/05/2006,5,11,33,51,82,85,19,01
942,30/05/2006,1,16,25,33,54,71,11,29
943,01/06/2006,18,33,51,66,87,90,05,16
944,03/06/2006,20,68,70,71,72,81,90,41
945,06/06/2006,29,31,41,44,64,73,01,46
946,08/06/2006,5,42,51,66,69,74,22,34
947,10/06/2006,9,10,63,73,79,90,02,62
948,13/06/2006,10,13,21,31,48,72,79,09
949,15/06/2006,6,27,39,43,62,84,67,12
950,17/06/2006,2,8,43,48,60,67,74,79
951,20/06/2006,22,26,51,63,64,73,17,37
952,22/06/2006,8,22,36,48,53,55,29,89
953,24/06/2006,5,11,24,26,49,68,13,54
954,27/06/2006,11,29,56,62,68,76,33,33
955,29/06/2006,27,28,56,67,75,86,79,70
956,01/07/2006,5,11,40,45,58,75,66,12
957,04/07/2006,20,45,59,75,84,90,85,20
958,06/07/2006,21,22,34,55,56,74,63,43
959,08/07/2006,4,49,54,73,79,83,29,08
960,11/07/2006,2,12,19,25,31,76,49,14
961,13/07/2006,15,46,47,67,73,90,51,32
962,15/07/2006,16,21,27,43,56,64,19,78
963,18/07/2006,3,27,30,38,43,60,50,13
964,20/07/2006,22,36,65,72,82,86,27,15
965,22/07/2006,12,37,46,54,58,79,90,40
966,25/07/2006,5,35,49,52,65,89,15,55
967,27/07/2006,26,34,68,82,83,87,42,71
968,29/07/2006,18,24,46,47,69,70,82,41
969,01/08/2006,31,37,45,52,74,83,70,19
970,03/08/2006,21,22,25,53,76,85,07,77
971,05/08/2006,5,11,21,49,54,84,66,69
972,08/08/2006,3,4,5,47,55,80,73,71
973,10/08/2006,6,9,42,48,81,87,63,84
974,12/08/2006,45,49,63,67,82,90,72,56
975,16/08/2006,8,25,28,57,71,72,83,66
976,17/08/2006,4,25,30,40,41,62,38,55
977,19/08/2006,6,59,77,81,82,88,61,74
978,22/08/2006,3,8,16,64,72,73,22,61
979,24/08/2006,3,27,29,46,47,61,15,24
980,26/08/2006,3,9,14,55,62,83,79,45
981,29/08/2006,46,49,50,57,68,69,14,90
982,31/08/2006,2,11,17,33,79,87,07,79
983,02/09/2006,26,33,35,45,54,61,10,61
984,05/09/2006,16,21,51,64,65,89,63,42
985,07/09/2006,1,3,29,63,72,85,55,49
986,09/09/2006,7,10,24,31,81,84,04,74
987,12/09/2006,8,22,36,43,76,77,23,88
988,14/09/2006,10,22,27,34,56,85,16,29
989,16/09/2006,14,34,35,37,41,61,31,46
990,19/09/2006,4,6,8,14,21,28,56,07
991,21/09/2006,2,8,27,30,35,87,21,29
992,23/09/2006,8,23,39,52,75,81,65,86
993,26/09/2006,6,9,10,20,60,83,81,16
994,28/09/2006,52,58,61,62,65,69,53,66
995,30/09/2006,3,47,63,66,67,69,56,90
996,03/10/2006,14,24,33,41,53,82,47,35
997,05/10/2006,4,40,60,71,72,90,21,53
998,07/10/2006,15,29,30,68,79,85,26,06
999,10/10/2006,6,13,34,52,63,83,16,10
1000,12/10/2006,12,46,52,55,65,90,32,28
1001,14/10/2006,12,37,38,42,79,82,60,12
1002,17/10/2006,4,18,24,49,66,81,70,80
1003,19/10/2006,34,36,44,50,71,80,85,83
1004,21/10/2006,4,5,21,26,42,79,84,28
1005,24/10/2006,4,25,43,45,71,90,52,85
1006,26/10/2006,42,44,45,47,72,79,15,79
1007,28/10/2006,15,29,50,57,79,88,84,61
1008,31/10/2006,8,19,27,43,51,79,22,15
1009,02/11/2006,2,4,5,9,22,75,79,31
1010,04/11/2006,14,37,48,50,65,66,87,18
1011,07/11/2006,10,27,42,72,75,87,44,49
1012,09/11/2006,5,6,28,61,77,87,71,16
1013,11/11/2006,22,36,40,44,46,76,30,69
1014,14/11/2006,8,12,14,66,76,88,45,69
1015,16/11/2006,36,42,46,51,72,84,65,62
1016,18/11/2006,36,55,59,81,82,89,20,06
1017,21/11/2006,2,3,35,41,48,88,05,01
1018,23/11/2006,23,29,42,44,59,82,38,17
1019,25/11/2006,1,2,4,44,75,80,33,30
1020,28/11/2006,50,51,57,59,64,74,28,14
1021,30/11/2006,1,31,51,73,77,88,89,53
1022,02/12/2006,25,45,63,71,74,88,90,04
1023,05/12/2006,3,12,22,65,77,84,04,27
1024,07/12/2006,4,19,31,51,56,57,24,81
1025,09/12/2006,21,23,28,48,49,54,65,07
1026,12/12/2006,7,17,44,63,64,88,08,56
1027,14/12/2006,1,31,48,75,78,81,28,59
1028,16/12/2006,14,28,40,52,54,83,25,61
1029,19/12/2006,10,19,32,44,56,76,15,50
1030,21/12/2006,2,10,30,43,56,83,64,47
1031,23/12/2006,8,13,16,17,49,68,15,13
1032,27/12/2006,3,11,28,29,68,88,39,90
1033,28/12/2006,15,43,45,66,74,87,86,70
1034,30/12/2006,2,20,32,51,53,83,47,43
1035,02/01/2007,42,47,55,57,61,79,72,65
1036,04/01/2007,21,40,76,77,83,84,73,90
1037,08/01/2007,3,45,49,53,58,77,48,46
1038,09/01/2007,16,39,65,67,83,86,64,10
1039,11/01/2007,6,27,59,71,85,90,72,70
1040,13/01/2007,11,49,53,65,77,89,33,02
1041,16/01/2007,1,11,24,33,36,80,15,03
1042,18/01/2007,7,39,45,47,55,80,03,78
1043,20/01/2007,18,47,55,64,74,89,23,17
1044,23/01/2007,8,10,20,40,80,85,32,66
1045,25/01/2007,4,6,26,28,53,64,42,90
1046,27/01/2007,10,33,34,44,70,79,80,48
1047,30/01/2007,1,23,38,50,60,77,39,57
1048,01/02/2007,1,20,21,27,44,75,36,22
1049,03/02/2007,3,12,32,43,51,58,13,44
1050,06/02/2007,21,35,39,54,62,85,71,52
1051,08/02/2007,3,9,33,61,65,85,11,83
1052,10/02/2007,11,30,55,76,77,90,57,52
1053,13/02/2007,4,29,70,82,86,88,08,02
1054,15/02/2007,11,22,35,65,78,81,07,25
1055,17/02/2007,40,41,62,65,89,90,25,89
1056,20/02/2007,19,25,31,56,82,90,17,72
1057,22/02/2007,28,44,51,72,81,90,16,74
1058,24/02/2007,1,30,60,70,74,77,90,88
1059,27/02/2007,6,20,58,59,65,88,90,78
1060,01/03/2007,40,55,64,65,70,85,13,65
1061,03/03/2007,6,32,50,57,59,61,68,29
1062,06/03/2007,1,8,21,30,81,86,13,54
1063,08/03/2007,5,27,43,50,75,90,54,59
1064,10/03/2007,16,22,36,40,62,75,55,51
1065,13/03/2007,13,46,48,76,81,83,35,70
1066,15/03/2007,1,6,43,46,61,83,80,71
1067,17/03/2007,10,43,55,56,81,87,69,35
1068,20/03/2007,5,7,68,71,75,85,15,18
1069,22/03/2007,23,32,34,72,80,83,22,86
1070,24/03/2007,28,45,60,63,74,86,66,05
1071,27/03/2007,35,36,43,46,69,75,47,17
1072,29/03/2007,13,17,19,21,69,73,78,20
1073,31/03/2007,42,70,74,78,82,87,23,41
1074,03/04/2007,12,16,21,25,27,64,66,04
1075,05/04/2007,2,17,60,77,85,86,21,71
1076,07/04/2007,1,29,37,67,74,81,54,67
1077,10/04/2007,8,30,39,66,69,78,70,54
1078,12/04/2007,10,28,53,64,76,79,47,81
1079,14/04/2007,3,46,64,71,78,87,04,64
1080,17/04/2007,3,21,33,45,47,85,17,22
1081,19/04/2007,28,30,65,74,77,83,40,88
1082,21/04/2007,11,19,43,75,81,87,01,80
1083,24/04/2007,8,36,40,45,67,79,84,40
1084,26/04/2007,36,38,54,56,75,85,28,32
1085,28/04/2007,7,15,16,21,37,60,52,58
1086,02/05/2007,3,6,12,20,69,83,80,52
1087,03/05/2007,1,11,20,66,69,88,35,03
1088,05/05/2007,2,3,64,69,73,82,62,58
1089,08/05/2007,14,30,33,35,58,76,82,77
1090,10/05/2007,32,38,55,58,66,85,51,38
1091,12/05/2007,25,46,48,52,57,81,03,06
1092,15/05/2007,23,33,78,79,87,88,56,90
1093,17/05/2007,10,36,63,75,79,85,49,44
1094,19/05/2007,7,8,13,17,38,43,06,59
1095,22/05/2007,1,44,67,77,88,90,79,31
1096,24/05/2007,13,19,32,39,44,61,66,18
1097,26/05/2007,5,31,62,63,68,78,02,47
1098,29/05/2007,1,16,17,31,42,70,81,51
1099,31/05/2007,7,21,36,38,77,79,17,18
1100,04/06/2007,17,39,40,75,76,88,19,86
1101,05/06/2007,1,9,13,29,71,83,56,41
1102,07/06/2007,59,66,69,72,73,80,23,53
1103,09/06/2007,5,19,20,26,53,54,56,23
1104,12/06/2007,1,14,17,47,61,66,13,53
1105,14/06/2007,12,42,44,46,52,86,25,34
1106,16/06/2007,29,32,39,43,66,73,60,06
1107,19/06/2007,1,2,26,41,65,80,37,27
1108,21/06/2007,2,10,35,67,77,90,51,80
1109,23/06/2007,15,42,65,68,70,90,46,40
1110,26/06/2007,6,15,45,47,69,70,40,18
1111,28/06/2007,3,20,47,52,83,90,75,22
1112,30/06/2007,4,24,30,61,66,69,67,24
1113,03/07/2007,19,23,39,54,79,87,42,43
1114,05/07/2007,8,24,52,73,84,86,51,11
1115,07/07/2007,32,45,69,77,83,87,19,03
1116,10/07/2007,14,42,53,68,83,89,75,78
1117,12/07/2007,1,35,51,56,68,79,63,07
1118,14/07/2007,27,33,44,56,63,85,79,40
1119,17/07/2007,23,31,62,65,69,89,49,46
1120,19/07/2007,21,30,33,45,62,70,57,03
1121,21/07/2007,18,62,64,69,75,81,03,06
1122,24/07/2007,43,56,61,62,73,81,75,73
1123,26/07/2007,20,22,36,68,81,87,52,55
1124,28/07/2007,8,38,47,63,71,84,69,36
1125,31/07/2007,12,38,65,72,83,84,31,61
1126,02/08/2007,16,24,51,55,59,66,41,52
1127,04/08/2007,41,46,64,71,84,87,81,22
1128,07/08/2007,21,29,50,55,67,73,24,85
1129,09/08/2007,34,39,57,62,79,83,13,03
1130,11/08/2007,30,37,41,62,65,68,40,64
1131,14/08/2007,14,19,44,52,60,71,57,18
1132,16/08/2007,16,24,37,38,69,78,25,04
1133,18/08/2007,1,25,60,67,87,88,75,14
1134,21/08/2007,11,27,45,53,55,58,34,85
1135,23/08/2007,8,46,49,55,80,87,64,67
1136,25/08/2007,4,23,25,30,34,57,40,70
1137,28/08/2007,6,18,36,75,81,83,72,75
1138,30/08/2007,19,48,49,56,60,88,76,56
1139,01/09/2007,1,35,37,39,57,84,67,31
1140,04/09/2007,5,6,9,51,62,66,10,03
1141,06/09/2007,9,16,22,25,26,70,64,63
1142,08/09/2007,9,31,32,47,70,89,19,05
1143,11/09/2007,3,4,19,39,73,78,80,05
1144,13/09/2007,15,23,59,65,78,82,41,79
1145,15/09/2007,10,30,57,64,72,75,49,03
1146,18/09/2007,7,17,30,56,68,80,19,28
1147,20/09/2007,10,20,24,38,49,87,77,48
1148,22/09/2007,4,52,68,79,85,86,20,68
1149,25/09/2007,10,14,18,22,48,68,38,24
1150,27/09/2007,2,23,46,48,55,63,15,83
1151,29/09/2007,8,11,17,20,21,80,64,35
1152,02/10/2007,8,23,48,49,61,62,47,54
1153,04/10/2007,3,17,33,51,77,87,16,42
1154,06/10/2007,3,20,21,43,69,70,78,11
1155,09/10/2007,7,9,17,51,57,78,87,20
1156,11/10/2007,18,37,49,71,76,78,23,35
1157,13/10/2007,12,41,42,44,80,86,37,46
1158,16/10/2007,7,21,58,65,72,77,85,23
1159,18/10/2007,2,24,51,55,62,81,53,27
1160,20/10/2007,11,17,20,36,57,72,51,89
1161,23/10/2007,1,10,26,62,71,90,43,32
1162,25/10/2007,3,6,7,30,67,89,11,07
1163,27/10/2007,7,19,39,42,56,57,18,73
1164,30/10/2007,22,39,54,63,68,73,12,15
1165,02/11/2007,29,31,51,60,72,73,69,50
1166,03/11/2007,11,31,44,64,83,89,34,37
1167,06/11/2007,13,18,32,46,55,78,59,66
1168,08/11/2007,16,29,38,62,72,84,66,28
1169,10/11/2007,6,39,50,52,54,88,51,49
1170,13/11/2007,1,2,33,62,68,79,14,21
1171,15/11/2007,4,9,69,74,76,85,86,11
1172,17/11/2007,18,28,40,63,68,86,71,68
1173,20/11/2007,1,18,30,34,65,75,31,45
1174,22/11/2007,2,51,55,57,61,82,15,60
1175,24/11/2007,26,37,53,81,86,90,31,60
1176,27/11/2007,2,22,28,39,61,79,84,23
1177,29/11/2007,17,41,42,43,66,76,08,46
1178,01/12/2007,6,19,30,53,55,76,17,70
1179,04/12/2007,3,10,40,54,69,85,43,13
1180,06/12/2007,33,37,48,65,83,84,55,88
1181,10/12/2007,5,13,28,30,42,63,84,66
1182,11/12/2007,9,12,28,71,82,85,37,01
1183,13/12/2007,12,20,22,39,55,72,15,52
1184,15/12/2007,25,31,43,61,63,86,23,39
1185,18/12/2007,28,29,33,35,65,80,69,07
1186,20/12/2007,6,10,13,17,22,46,43,85
1187,22/12/2007,3,14,30,50,66,87,47,48
1188,24/12/2007,29,31,35,49,69,74,16,28
1189,27/12/2007,6,13,19,37,67,72,49,01
1190,29/12/2007,12,26,70,74,84,87,46,11
1191,02/01/2008,16,38,40,69,84,90,60,14
1192,03/01/2008,20,39,56,64,66,85,29,17
1193,05/01/2008,16,30,68,75,83,86,15,25
1194,08/01/2008,17,23,30,74,81,84,55,49
1195,10/01/2008,23,25,30,44,51,68,58,21
1196,12/01/2008,8,9,52,77,82,86,85,08
1197,15/01/2008,12,50,55,62,67,88,29,01
1198,17/01/2008,4,15,21,35,59,73,70,76
1199,19/01/2008,10,23,31,35,61,87,81,15
1200,22/01/2008,7,18,19,56,66,71,26,20
1201,24/01/2008,18,28,33,41,63,84,88,41
1202,26/01/2008,15,17,25,31,85,87,82,57
1203,29/01/2008,1,23,30,60,70,74,31,21
1204,31/01/2008,7,14,26,34,45,77,83,34
1205,02/02/2008,18,33,61,70,81,90,10,80
1206,05/02/2008,22,28,75,78,83,87,13,84
1207,07/02/2008,30,32,49,68,71,85,86,09
1208,09/02/2008,2,3,13,23,30,70,85,72
1209,12/02/2008,8,16,33,64,68,82,04,44
1210,14/02/2008,4,18,30,69,73,74,78,52
1211,16/02/2008,16,17,52,60,80,81,29,52
1212,19/02/2008,2,18,35,53,60,66,32,45
1213,21/02/2008,27,43,46,51,52,72,83,32
1214,23/02/2008,11,13,25,62,76,80,18,54
1215,26/02/2008,2,11,40,60,73,82,74,50
1216,28/02/2008,2,5,6,56,58,73,03,38
1217,01/03/2008,23,30,33,67,69,71,61,56
1218,04/03/2008,12,32,54,63,64,85,62,77
1219,06/03/2008,1,16,32,51,60,61,78,11
1220,08/03/2008,4,12,21,39,59,83,64,63
1221,11/03/2008,41,51,61,66,75,88,27,71
1222,13/03/2008,50,61,62,71,72,74,59,09
1223,15/03/2008,7,32,49,55,61,83,64,82
1224,18/03/2008,27,36,38,41,71,84,06,37
1225,20/03/2008,5,37,38,59,71,80,43,33
1226,22/03/2008,30,37,47,72,85,87,71,34
1227,25/03/2008,8,36,75,76,79,83,65,58
1228,27/03/2008,11,34,46,58,77,82,50,27
1229,29/03/2008,1,17,33,34,46,62,03,17
1230,01/04/2008,5,9,53,57,61,84,78,02
1231,03/04/2008,9,37,40,61,69,84,35,36
1232,05/04/2008,29,51,52,62,72,79,34,43
1233,08/04/2008,12,21,49,51,56,74,08,76
1234,10/04/2008,34,54,72,76,79,85,78,10
1235,12/04/2008,5,34,55,58,74,90,08,33
1236,15/04/2008,2,25,28,31,46,59,22,25
1237,17/04/2008,8,14,36,71,74,87,18,29
1238,19/04/2008,22,29,30,32,41,52,42,07
1239,22/04/2008,18,54,62,80,88,90,24,58
1240,24/04/2008,36,43,47,49,84,89,51,25
1241,26/04/2008,56,64,72,81,83,86,32,25
1242,29/04/2008,28,33,42,54,76,79,68,62
1243,02/05/2008,36,38,40,51,53,71,08,58
1244,03/05/2008,8,38,39,52,64,70,73,39
1245,06/05/2008,7,71,72,75,80,90,85,55
1246,08/05/2008,8,29,33,47,52,56,59,19
1247,10/05/2008,1,4,25,44,82,89,23,50
1248,13/05/2008,28,33,39,40,80,89,82,12
1249,15/05/2008,7,31,38,57,84,87,86,71
1250,17/05/2008,8,53,65,66,80,87,03,20
1251,20/05/2008,40,42,57,62,67,88,03,49
1252,22/05/2008,22,63,66,73,81,90,47,43
1253,24/05/2008,6,16,28,32,43,90,73,27
1254,27/05/2008,7,10,50,51,80,85,60,46
1255,29/05/2008,7,30,40,58,75,79,84,78
1256,31/05/2008,8,16,39,63,84,86,34,48
1257,03/06/2008,2,26,30,32,63,89,56,82
1258,05/06/2008,13,22,40,41,51,86,06,26
1259,07/06/2008,10,26,53,66,70,78,75,64
1260,10/06/2008,4,62,67,69,70,84,23,31
1261,12/06/2008,10,15,17,57,65,80,01,47
1262,14/06/2008,3,6,20,46,50,80,86,02
1263,17/06/2008,8,11,14,39,46,51,57,02
1264,19/06/2008,18,31,47,59,75,80,79,73
1265,21/06/2008,8,16,42,64,72,74,53,74
1266,24/06/2008,13,25,54,56,57,58,31,15
1267,26/06/2008,4,12,35,61,66,84,79,75
1268,28/06/2008,6,19,25,42,48,52,56,57
1269,01/07/2008,1,38,54,63,66,74,13,22
1270,03/07/2008,19,32,41,42,64,65,75,81
1271,05/07/2008,9,69,70,72,77,81,39,01
1272,08/07/2008,1,26,49,74,82,87,81,74
1273,10/07/2008,11,22,39,52,55,63,24,06
1274,12/07/2008,16,26,31,67,74,82,18,74
1275,15/07/2008,21,40,57,60,61,68,09,68
1276,17/07/2008,8,28,34,63,86,90,15,89
1277,19/07/2008,4,33,34,44,52,63,27,53
1278,22/07/2008,35,49,56,78,87,90,10,59
1279,24/07/2008,15,17,25,39,57,58,24,18
1280,26/07/2008,6,44,66,68,77,86,20,17
1281,29/07/2008,14,28,37,47,53,57,88,23
1282,31/07/2008,20,67,71,81,84,88,07,27
1283,02/08/2008,35,49,68,71,82,85,31,48
1284,05/08/2008,1,30,36,37,60,88,27,28
1285,07/08/2008,19,30,52,66,70,82,84,33
1286,09/08/2008,2,11,21,23,39,47,72,31
1287,12/08/2008,12,24,26,50,65,69,51,51
1288,14/08/2008,8,19,30,32,52,75,85,79
1289,16/08/2008,7,10,35,64,77,89,21,83
1290,19/08/2008,5,7,13,33,66,79,84,27
1291,21/08/2008,2,4,11,37,62,75,19,25
1292,23/08/2008,21,31,37,64,75,88,41,27
1293,26/08/2008,7,23,28,50,80,87,27,63
1294,28/08/2008,18,19,36,39,58,88,53,16
1295,30/08/2008,24,26,33,36,38,73,74,29
1296,02/09/2008,6,29,30,78,81,88,26,27
1297,04/09/2008,1,6,11,27,65,80,21,39
1298,06/09/2008,2,22,33,42,52,71,72,86
1299,09/09/2008,1,3,20,43,51,78,12,83
1300,11/09/2008,27,31,35,53,54,78,45,27
1301,13/09/2008,28,38,41,58,67,80,85,79
1302,16/09/2008,21,30,32,41,47,67,49,24
1303,18/09/2008,15,18,21,57,59,61,19,56
1304,20/09/2008,7,12,36,73,77,85,01,80
1305,23/09/2008,8,22,31,39,58,63,42,48
1306,25/09/2008,25,51,53,72,77,81,83,19
1307,27/09/2008,3,16,20,55,60,80,52,10
1308,30/09/2008,5,34,43,53,71,78,73,28
1309,02/10/2008,2,41,59,68,74,86,31,56
1310,04/10/2008,31,58,80,81,88,89,65,79
1311,07/10/2008,16,21,24,60,66,79,82,44
1312,09/10/2008,4,19,20,24,44,55,80,80
1313,11/10/2008,7,9,35,61,67,68,53,26
1314,14/10/2008,11,14,43,46,61,70,82,73
1315,16/10/2008,1,20,22,23,61,82,70,58
1316,18/10/2008,8,25,33,48,58,90,53,63
1317,21/10/2008,4,47,76,78,81,86,06,49
1318,23/10/2008,7,20,21,74,75,81,33,10
1319,25/10/2008,13,16,28,32,71,85,78,67
1320,28/10/2008,5,9,50,80,82,88,89,18
1321,30/10/2008,2,25,26,41,55,75,59,15
1322,03/11/2008,16,21,33,42,52,66,19,75
1323,04/11/2008,6,28,32,39,57,85,47,51
1324,06/11/2008,24,26,31,39,49,81,89,29
1325,08/11/2008,3,31,33,37,52,54,17,42
1326,11/11/2008,6,10,22,48,61,65,58,70
1327,13/11/2008,15,17,24,31,80,86,52,48
1328,15/11/2008,5,7,13,40,52,84,37,21
1329,18/11/2008,3,4,7,44,52,89,47,46
1330,20/11/2008,25,39,43,46,59,67,75,72
1331,22/11/2008,7,30,45,50,55,74,60,17
1332,25/11/2008,19,48,61,73,81,83,22,73
1333,27/11/2008,27,28,46,48,52,70,71,60
1334,29/11/2008,2,3,22,46,61,80,49,68
1335,02/12/2008,8,9,17,33,80,86,22,06
1336,04/12/2008,17,44,49,60,66,81,74,34
1337,06/12/2008,30,46,54,56,72,86,22,85
1338,09/12/2008,1,38,47,50,58,65,22,45
1339,11/12/2008,40,60,68,72,84,89,90,65
1340,13/12/2008,28,32,45,61,63,76,43,11
1341,16/12/2008,17,20,48,62,85,90,69,39
1342,18/12/2008,9,26,29,31,58,70,21,43
1343,20/12/2008,12,14,29,48,49,85,79,14
1344,23/12/2008,30,45,66,69,75,80,63,52
1345,24/12/2008,17,32,33,50,61,82,67,56
1346,27/12/2008,8,25,31,65,87,90,28,01
1347,30/12/2008,23,32,38,40,51,71,48,52
1348,02/01/2009,16,19,29,34,48,64,53,34
1349,03/01/2009,17,24,25,40,58,64,27,51
1350,07/01/2009,14,31,35,40,50,66,68,16
1351,08/01/2009,14,23,24,41,71,73,63,33
1352,10/01/2009,2,15,35,54,60,78,27,64
1353,13/01/2009,9,14,21,55,66,90,04,28
1354,15/01/2009,8,15,24,25,44,55,86,76
1355,17/01/2009,13,17,25,55,64,85,11,36
1356,20/01/2009,19,35,49,52,75,79,41,07
1357,22/01/2009,1,2,40,52,67,82,23,78
1358,24/01/2009,2,4,13,23,28,68,49,13
1359,27/01/2009,20,31,44,51,65,74,71,66
1360,29/01/2009,27,32,55,65,76,86,60,51
1361,31/01/2009,1,3,8,38,83,88,16,85
1362,03/02/2009,11,13,17,49,51,61,08,13
1363,05/02/2009,7,18,27,33,35,43,28,56
1364,07/02/2009,8,23,58,61,76,79,90,71
1365,10/02/2009,11,18,47,80,89,90,70,09
1366,12/02/2009,3,24,31,32,61,85,17,04
1367,14/02/2009,7,32,43,50,68,73,31,13
1368,17/02/2009,17,20,63,78,82,85,42,78
1369,19/02/2009,28,30,32,33,34,52,14,17
1370,21/02/2009,6,39,40,41,50,54,02,34
1371,24/02/2009,33,38,47,67,68,81,51,90
1372,26/02/2009,10,19,25,35,51,73,66,56
1373,28/02/2009,6,26,56,65,69,82,19,14
1374,03/03/2009,20,39,42,45,74,77,81,12
1375,05/03/2009,29,36,37,40,70,75,07,40
1376,07/03/2009,4,14,45,53,77,84,69,57
1377,10/03/2009,33,57,63,65,78,88,55,79
1378,12/03/2009,2,10,19,36,78,90,83,06
1379,14/03/2009,10,15,46,51,65,75,29,17
1380,17/03/2009,3,38,44,50,53,70,22,64
1381,19/03/2009,1,39,40,52,54,64,37,38
1382,21/03/2009,4,39,43,59,74,90,30,26
1383,24/03/2009,1,9,11,21,36,47,29,20
1384,26/03/2009,13,21,70,71,72,85,82,12
1385,28/03/2009,1,10,55,61,72,77,30,75
1386,31/03/2009,2,4,16,20,29,53,65,16
1387,02/04/2009,3,12,16,30,84,89,18,03
1388,04/04/2009,2,3,4,27,34,42,59,55
1389,07/04/2009,3,37,54,65,87,89,58,16
1390,09/04/2009,2,23,36,62,75,79,48,21
1391,11/04/2009,6,34,59,61,83,90,53,60
1392,14/04/2009,2,5,20,43,64,83,66,04
1393,16/04/2009,3,9,17,38,54,62,64,28
1394,18/04/2009,20,46,48,62,71,86,44,80
1395,21/04/2009,19,22,26,59,61,71,57,88
1396,23/04/2009,24,29,40,71,74,78,21,57
1397,27/04/2009,7,40,54,64,69,71,67,70
1398,28/04/2009,11,12,32,55,72,87,88,36
1399,30/04/2009,28,64,65,77,85,89,47,22
1400,02/05/2009,2,25,31,38,45,84,24,62
1401,05/05/2009,7,12,19,43,71,77,44,36
1402,07/05/2009,31,43,67,69,76,80,01,67
1403,09/05/2009,9,11,40,48,68,84,06,47
1404,12/05/2009,4,9,22,23,47,73,45,02
1405,14/05/2009,1,22,41,69,73,89,39,54
1406,16/05/2009,39,50,55,57,78,82,81,52
1407,19/05/2009,36,55,62,66,81,85,09,33
1408,21/05/2009,11,14,17,24,39,48,64,15
1409,23/05/2009,9,25,29,43,48,54,65,12
1410,26/05/2009,6,33,35,64,66,77,85,50
1411,28/05/2009,5,27,37,63,67,77,75,49
1412,30/05/2009,1,13,17,31,58,62,74,02
1413,03/06/2009,32,33,37,43,44,79,74,71
1414,04/06/2009,7,57,60,67,69,90,14,22
1415,06/06/2009,8,14,16,18,56,60,69,20
1416,09/06/2009,14,17,39,47,58,85,61,45
1417,11/06/2009,4,10,24,59,72,83,47,15
1418,13/06/2009,8,19,25,73,76,84,33,78
1419,16/06/2009,6,14,39,47,63,82,74,61
1420,18/06/2009,15,27,31,52,74,77,54,46
1421,20/06/2009,1,7,38,58,62,78,79,74
1422,23/06/2009,2,3,37,38,58,59,24,53
1423,25/06/2009,23,36,38,52,62,63,43,81
1424,27/06/2009,29,56,66,77,88,89,45,39
1425,30/06/2009,12,19,24,51,56,78,03,87
1426,02/07/2009,12,13,38,46,47,72,05,17
1427,04/07/2009,6,35,53,67,75,89,02,66
1428,07/07/2009,41,44,55,56,68,79,40,17
1429,09/07/2009,7,29,57,60,79,87,84,11
1430,11/07/2009,8,21,32,33,60,69,48,64
1431,14/07/2009,33,35,47,51,62,89,05,74
1432,16/07/2009,6,35,38,48,58,76,26,79
1433,18/07/2009,4,32,34,56,61,82,81,06
1434,21/07/2009,27,32,40,49,75,82,05,84
1435,23/07/2009,9,12,60,69,72,89,02,80
1436,25/07/2009,7,35,36,41,45,88,52,46
1437,28/07/2009,1,21,29,40,63,70,39,26
1438,30/07/2009,2,68,77,81,83,84,19,07
1439,01/08/2009,17,21,23,31,33,37,79,51
1440,04/08/2009,4,8,51,72,74,88,85,41
1441,06/08/2009,40,41,49,56,61,63,02,67
1442,08/08/2009,24,51,58,61,74,77,43,20
1443,11/08/2009,26,29,40,50,54,72,78,85
1444,13/08/2009,11,29,56,63,88,90,22,08
1445,17/08/2009,4,10,27,28,34,57,71,58
1446,18/08/2009,2,19,43,49,77,82,50,07
1447,20/08/2009,2,16,38,67,70,84,04,44
1448,22/08/2009,10,11,27,45,79,88,42,63
1449,25/08/2009,4,5,22,48,53,86,41,10
1450,27/08/2009,15,20,36,69,74,87,86,53
1451,29/08/2009,15,19,26,34,67,69,50,77
1452,01/09/2009,12,14,19,38,41,45,31,28
1453,03/09/2009,18,54,56,58,62,66,32,45
1454,05/09/2009,15,31,39,49,64,85,56,44
1455,08/09/2009,6,13,41,71,75,86,58,36
1456,10/09/2009,17,39,41,47,77,83,63,34
1457,12/09/2009,5,21,26,45,47,49,11,29
1458,15/09/2009,26,60,61,72,85,88,73,54
1459,17/09/2009,19,32,34,63,74,89,55,85
1460,19/09/2009,4,8,20,21,44,80,77,18
1461,22/09/2009,17,40,50,73,74,82,19,28
1462,24/09/2009,5,9,25,30,76,81,06,68
1463,26/09/2009,34,69,70,73,82,90,80,77
1464,29/09/2009,10,22,24,45,67,76,71,48
1465,01/10/2009,4,19,34,52,68,77,63,47
1466,03/10/2009,28,38,59,60,71,83,54,33
1467,06/10/2009,23,24,49,69,70,72,88,04
1468,08/10/2009,1,12,17,65,70,90,24,09
1469,10/10/2009,9,33,34,52,82,83,51,16
1470,13/10/2009,5,11,40,43,56,82,07,23
1471,15/10/2009,3,29,51,55,73,81,83,23
1472,17/10/2009,8,24,45,47,72,84,78,27
1473,20/10/2009,41,47,49,55,77,90,22,75
1474,22/10/2009,29,33,34,64,65,87,37,42
1475,24/10/2009,6,26,37,38,55,73,22,63
1476,27/10/2009,38,43,44,45,63,77,42,49
1477,29/10/2009,29,37,42,52,54,59,79,18
1478,31/10/2009,13,16,41,49,58,76,47,23
1479,03/11/2009,22,35,44,66,71,88,76,44
1480,05/11/2009,12,20,28,57,74,85,41,06
1481,07/11/2009,9,11,70,74,75,84,80,07
1482,10/11/2009,24,32,56,59,76,81,55,85
1483,12/11/2009,37,43,49,66,73,88,10,82
1484,14/11/2009,15,27,31,40,63,82,53,88
1485,17/11/2009,16,25,28,30,39,51,09,51
1486,19/11/2009,1,35,42,55,57,62,87,14
1487,21/11/2009,36,37,50,57,73,83,69,19
1488,24/11/2009,19,47,69,71,86,87,17,49
1489,26/11/2009,26,31,32,50,61,77,55,51
1490,28/11/2009,3,42,52,67,78,86,57,44
1491,01/12/2009,21,25,36,51,82,90,61,66
1492,03/12/2009,19,30,34,49,54,74,02,16
1493,05/12/2009,20,63,66,74,75,77,88,58
1494,09/12/2009,9,30,50,57,62,70,31,41
1495,10/12/2009,33,36,39,50,65,70,55,05
1496,12/12/2009,10,16,40,55,66,77,36,47
1497,15/12/2009,1,4,48,53,61,85,82,84
1498,17/12/2009,1,23,32,53,66,83,56,21
1499,19/12/2009,9,15,17,34,73,83,67,15
1500,22/12/2009,6,13,17,52,64,82,24,35
1501,24/12/2009,5,25,37,52,62,79,11,77
1502,28/12/2009,34,36,61,62,78,88,55,20
1503,29/12/2009,11,16,21,62,70,84,24,04
1504,31/12/2009,40,41,45,51,52,79,31,76
1505,02/01/2010,10,23,47,63,70,81,19,51
1506,05/01/2010,44,48,49,68,86,87,62,84
1507,07/01/2010,13,24,26,34,76,77,80,75
1508,09/01/2010,1,30,32,45,69,83,49,89
1509,12/01/2010,26,27,39,55,59,63,71,57
1510,14/01/2010,4,24,47,66,74,77,81,50
1511,16/01/2010,14,18,32,33,46,88,35,62
1512,19/01/2010,5,18,55,59,65,74,53,20
1513,21/01/2010,11,21,53,62,63,68,10,85
1514,23/01/2010,2,23,24,70,81,90,35,27
1515,26/01/2010,6,15,18,23,53,62,80,74
1516,28/01/2010,21,23,25,27,36,84,80,80
1517,30/01/2010,4,17,52,55,56,67,26,13
1518,02/02/2010,8,26,32,40,62,88,87,18
1519,04/02/2010,11,25,36,49,53,85,55,49
1520,06/02/2010,24,40,43,51,53,88,31,68
1521,09/02/2010,20,22,24,40,51,80,60,82
1522,11/02/2010,4,19,32,58,73,87,29,35
1523,13/02/2010,1,14,26,49,71,89,40,04
1524,16/02/2010,46,48,63,68,83,85,13,29
1525,18/02/2010,7,34,49,51,58,86,69,83
1526,20/02/2010,19,26,63,67,68,83,06,05
1527,23/02/2010,12,30,35,44,49,62,22,30
1528,25/02/2010,1,64,67,68,79,90,59,25
1529,27/02/2010,13,43,47,55,67,70,82,71
1530,02/03/2010,4,5,18,35,40,90,38,18
1531,04/03/2010,17,24,34,48,61,87,39,75
1532,06/03/2010,16,21,30,35,57,78,36,38
1533,09/03/2010,26,28,48,52,55,90,64,49
1534,11/03/2010,7,8,25,46,65,78,74,45
1535,13/03/2010,8,9,11,14,79,90,82,90
1536,16/03/2010,6,15,21,27,49,85,66,81
1537,18/03/2010,4,5,29,58,71,84,49,35
1538,20/03/2010,4,18,26,47,61,80,35,15
1539,23/03/2010,20,29,44,54,64,69,23,59
1540,25/03/2010,6,50,67,69,77,88,32,75
1541,27/03/2010,44,45,58,65,66,85,16,35
1542,30/03/2010,8,30,64,69,80,88,35,05
1543,01/04/2010,23,25,37,38,50,86,43,31
1544,03/04/2010,2,16,19,47,49,57,27,23
1545,06/04/2010,1,30,67,68,71,80,56,84
1546,08/04/2010,7,29,36,50,56,75,25,51
1547,10/04/2010,6,31,58,64,74,82,33,36
1548,13/04/2010,33,42,46,55,69,90,83,45
1549,15/04/2010,34,37,38,39,59,90,42,86
1550,17/04/2010,30,54,66,67,76,90,14,05
1551,20/04/2010,4,14,40,41,54,79,50,55
1552,22/04/2010,6,25,29,44,68,74,76,88
1553,24/04/2010,6,7,45,46,67,85,31,21
1554,27/04/2010,4,26,28,59,61,68,60,42
1555,29/04/2010,31,38,49,54,62,76,60,87
1556,03/05/2010,19,33,45,55,82,84,86,02
1557,04/05/2010,5,15,23,39,43,49,29,87
1558,06/05/2010,2,4,25,34,61,66,47,87
1559,08/05/2010,18,26,45,67,70,90,32,55
1560,11/05/2010,13,28,39,45,68,81,08,40
1561,13/05/2010,19,29,37,46,64,75,70,04
1562,15/05/2010,22,32,34,70,78,90,61,73
1563,18/05/2010,50,55,57,62,78,83,23,29
1564,20/05/2010,19,38,48,54,71,84,28,31
1565,22/05/2010,31,32,57,59,78,79,10,73
1566,25/05/2010,6,34,43,60,71,73,81,71
1567,27/05/2010,9,39,49,64,65,72,52,07
1568,29/05/2010,22,68,75,83,85,89,10,72
1569,01/06/2010,3,15,46,67,75,78,05,51
1570,03/06/2010,30,38,46,47,62,67,68,63
1571,05/06/2010,1,6,13,24,46,89,08,86
1572,08/06/2010,24,33,54,69,79,86,52,41
1573,10/06/2010,16,19,48,51,65,85,40,58
1574,12/06/2010,16,27,43,46,62,85,52,62
1575,15/06/2010,48,54,64,75,79,87,27,35
1576,17/06/2010,20,46,50,52,69,86,64,20
1577,19/06/2010,3,8,10,22,32,50,58,63
1578,22/06/2010,9,19,54,73,83,90,47,42
1579,24/06/2010,12,18,49,51,66,69,50,77
1580,26/06/2010,9,28,33,38,50,55,47,49
1581,29/06/2010,1,13,18,41,68,84,64,22
1582,01/07/2010,1,14,38,77,80,89,57,39
1583,03/07/2010,14,18,48,52,64,75,26,76
1584,06/07/2010,9,34,57,72,84,88,43,72
1585,08/07/2010,23,25,43,50,51,61,30,77
1586,10/07/2010,10,25,34,79,85,86,15,87
1587,13/07/2010,9,20,33,48,55,84,10,74
1588,15/07/2010,4,5,11,15,20,46,82,75
1589,17/07/2010,1,9,32,56,71,79,10,39
1590,20/07/2010,19,33,45,50,54,86,63,89
1591,22/07/2010,30,37,41,45,47,57,82,24
1592,24/07/2010,37,47,51,54,78,82,26,70
1593,27/07/2010,37,47,69,75,86,88,06,65
1594,29/07/2010,6,7,11,19,34,49,73,21
1595,31/07/2010,14,15,16,27,56,57,21,76
1596,03/08/2010,8,38,48,66,70,86,75,58
1597,05/08/2010,11,17,47,57,79,86,70,82
1598,07/08/2010,1,7,19,65,67,74,87,78
1599,10/08/2010,1,10,17,31,58,80,40,63
1600,12/08/2010,2,40,47,54,66,83,25,20
1601,14/08/2010,6,10,69,78,83,86,26,52
1602,17/08/2010,4,19,52,67,82,90,45,07
1603,19/08/2010,9,17,37,51,70,78,56,88
1604,21/08/2010,14,59,64,75,80,83,42,15
1605,24/08/2010,50,53,66,69,70,90,51,36
1606,26/08/2010,13,28,36,45,59,65,41,09
1607,28/08/2010,6,11,13,48,72,77,85,78
1608,31/08/2010,10,21,35,40,63,79,80,76
1609,02/09/2010,18,30,40,64,88,89,69,79
1610,04/09/2010,13,54,56,67,82,90,25,29
1611,07/09/2010,3,7,48,67,87,90,31,60
1612,09/09/2010,8,26,32,44,82,86,37,04
1613,11/09/2010,10,16,36,70,71,73,66,85
1614,14/09/2010,6,29,54,62,72,80,05,29
1615,16/09/2010,5,49,71,83,85,88,74,28
1616,18/09/2010,4,23,24,35,77,79,17,11
1617,21/09/2010,46,49,61,69,74,82,66,41
1618,23/09/2010,25,32,64,74,85,90,06,29
1619,25/09/2010,13,16,45,58,63,72,74,69
1620,28/09/2010,18,20,46,54,57,65,58,20
1621,30/09/2010,6,24,55,67,70,75,19,74
1622,02/10/2010,9,16,31,43,49,83,61,10
1623,05/10/2010,17,38,42,50,68,86,62,01
1624,07/10/2010,19,22,49,65,70,87,60,61
1625,09/10/2010,24,30,42,54,84,85,75,09
1626,12/10/2010,18,23,31,38,47,51,35,88
1627,14/10/2010,9,15,19,38,48,77,75,53
1628,16/10/2010,16,31,41,61,65,77,25,34
1629,19/10/2010,31,49,54,57,80,88,22,25
1630,21/10/2010,3,13,33,42,56,85,68,71
1631,23/10/2010,12,26,46,69,72,87,18,71
1632,26/10/2010,30,32,49,53,72,84,86,44
1633,28/10/2010,16,29,32,53,61,72,88,23
1634,30/10/2010,4,26,40,54,55,67,41,78
1635,02/11/2010,31,39,53,56,68,90,66,18
1636,04/11/2010,1,10,47,50,52,74,23,18
1637,06/11/2010,13,35,41,44,59,79,74,84
1638,09/11/2010,23,37,41,51,62,74,33,43
1639,11/11/2010,28,49,50,54,66,68,77,63
1640,13/11/2010,2,34,45,47,54,74,48,20
1641,16/11/2010,26,38,40,66,76,81,33,50
1642,18/11/2010,23,32,33,47,63,81,77,67
1643,20/11/2010,5,7,46,65,73,82,01,20
1644,23/11/2010,46,54,65,70,82,85,23,37
1645,25/11/2010,5,14,48,52,57,90,61,50
1646,27/11/2010,21,38,41,43,52,77,05,41
1647,30/11/2010,19,20,32,64,87,89,69,37
1648,02/12/2010,10,35,39,57,61,75,12,11
1649,04/12/2010,16,20,36,39,42,51,80,61
1650,07/12/2010,27,31,45,61,74,79,70,22
1651,09/12/2010,12,32,54,60,89,90,71,25
1652,11/12/2010,3,17,35,52,69,83,68,05
1653,14/12/2010,3,17,48,76,77,90,83,03
1654,16/12/2010,9,15,27,54,76,86,56,08
1655,18/12/2010,30,38,52,63,74,89,10,36
1656,21/12/2010,8,9,19,48,51,81,26,50
1657,23/12/2010,5,12,16,44,71,75,21,28
1658,27/12/2010,4,39,62,67,69,78,65,05
1659,28/12/2010,1,4,21,56,69,75,59,10
1660,30/12/2010,5,29,35,39,41,45,46,44
1661,03/01/2011,4,7,12,20,74,89,76,09
1662,04/01/2011,1,12,21,31,39,49,25,51
1663,07/01/2011,14,25,44,54,78,89,66,49
1664,08/01/2011,26,68,73,75,76,86,71,83
1665,11/01/2011,12,13,31,69,71,77,49,18
1666,13/01/2011,15,17,34,59,83,86,23,49
1667,15/01/2011,5,8,37,77,79,90,09,63
1668,18/01/2011,10,50,55,61,87,90,26,42
1669,20/01/2011,4,23,35,54,72,88,74,43
1670,22/01/2011,6,8,15,52,67,86,42,45
1671,25/01/2011,3,12,13,15,43,46,11,37
1672,27/01/2011,1,11,27,45,49,61,80,49
1673,29/01/2011,11,35,58,64,68,72,26,31
1674,01/02/2011,22,30,43,62,70,71,50,88
1675,03/02/2011,20,25,37,45,49,63,73,37
1676,05/02/2011,25,32,43,52,65,78,88,39
1677,08/02/2011,10,11,20,41,55,83,01,67
1678,10/02/2011,1,47,54,81,84,89,22,57
1679,12/02/2011,1,3,19,23,61,78,36,16
1680,15/02/2011,25,40,63,78,82,85,88,80
1681,17/02/2011,10,17,18,25,45,84,21,73
1682,19/02/2011,27,44,48,57,77,83,47,78
1683,22/02/2011,2,3,38,42,56,74,23,88
1684,24/02/2011,2,25,50,63,76,85,77,74
1685,26/02/2011,16,18,20,26,32,35,08,11
1686,01/03/2011,9,32,42,55,71,90,86,31
1687,03/03/2011,12,41,64,75,82,84,34,29
1688,05/03/2011,3,12,38,50,54,55,19,74
1689,08/03/2011,22,28,32,57,58,85,50,08
1690,10/03/2011,7,14,21,47,58,71,43,61
1691,12/03/2011,22,26,42,44,58,83,59,24
1692,15/03/2011,6,25,62,80,85,86,57,44
1693,18/03/2011,6,16,35,52,53,69,49,66
1694,19/03/2011,10,21,43,47,58,85,02,49
1695,22/03/2011,2,32,49,52,54,80,90,60
1696,24/03/2011,7,13,19,65,86,88,46,68
1697,26/03/2011,37,38,56,62,70,83,88,15
1698,29/03/2011,2,11,37,45,48,66,22,15
1699,31/03/2011,3,25,43,55,72,80,85,88
1700,02/04/2011,8,14,20,36,45,85,26,70
1701,05/04/2011,5,30,31,55,57,70,84,62
1702,07/04/2011,21,22,46,56,63,66,34,85
1703,09/04/2011,12,13,17,38,74,87,18,21
1704,12/04/2011,29,37,50,62,70,86,27,62
1705,14/04/2011,24,26,43,71,79,80,07,23
1706,16/04/2011,9,17,29,37,49,68,70,53
1707,19/04/2011,9,12,21,34,64,67,01,70
1708,21/04/2011,8,14,23,25,45,69,78,78
1709,23/04/2011,6,34,35,54,62,84,45,26
1710,26/04/2011,14,32,56,72,78,79,27,55
1711,28/04/2011,38,42,45,69,86,90,63,47
1712,30/04/2011,15,29,36,48,74,83,45,60
1713,03/05/2011,30,40,51,52,54,74,72,12
1714,05/05/2011,21,31,33,40,50,52,62,89
1715,07/05/2011,3,4,22,43,65,67,10,33
1716,10/05/2011,12,35,75,76,82,84,17,18
1717,12/05/2011,1,3,6,21,85,90,58,46
1718,14/05/2011,2,21,22,56,70,81,44,51
1719,17/05/2011,28,41,55,69,79,82,35,61
1720,19/05/2011,5,24,32,78,80,83,40,16
1721,21/05/2011,8,12,18,31,32,85,73,69
1722,24/05/2011,65,72,74,79,87,90,30,23
1723,26/05/2011,20,24,31,38,54,72,27,52
1724,28/05/2011,15,16,79,80,84,88,83,38
1725,31/05/2011,1,10,62,69,78,85,30,27
1726,03/06/2011,14,16,24,30,34,72,17,86
1727,04/06/2011,21,44,46,49,58,67,88,59
1728,07/06/2011,5,20,44,51,54,90,63,43
1729,09/06/2011,10,17,21,35,36,76,83,73
1730,11/06/2011,11,29,39,41,43,55,83,22
1731,14/06/2011,40,44,49,57,58,87,01,28
1732,16/06/2011,18,48,57,59,84,87,06,43
1733,18/06/2011,19,22,25,67,74,89,01,18
1734,21/06/2011,2,41,62,75,79,87,03,61
1735,23/06/2011,11,27,47,50,58,82,22,08
1736,25/06/2011,11,17,35,42,71,76,82,30
1737,28/06/2011,5,6,29,43,66,74,47,48
1738,30/06/2011,7,20,35,37,57,70,42,31
1739,02/07/2011,6,9,11,19,45,51,69,20
1740,05/07/2011,2,6,7,51,57,71,10,49
1741,07/07/2011,1,2,34,54,79,88,45,53
1742,09/07/2011,11,22,42,49,58,89,78,22
1743,12/07/2011,7,27,28,45,57,75,24,18
1744,14/07/2011,21,35,51,68,81,90,13,06
1745,16/07/2011,17,20,38,51,53,74,05,79
1746,19/07/2011,35,43,56,58,71,90,40,34
1747,21/07/2011,9,13,31,35,45,79,62,88
1748,23/07/2011,36,42,63,77,81,86,78,65
1749,26/07/2011,6,38,50,63,65,74,11,76
1750,28/07/2011,21,23,25,65,67,78,40,63
1751,30/07/2011,9,33,36,54,60,86,28,65
1752,02/08/2011,1,5,32,49,69,72,89,28
1753,04/08/2011,3,10,18,42,67,90,80,01
1754,06/08/2011,18,21,58,65,89,90,62,67
1755,09/08/2011,30,41,55,68,76,82,70,58
1756,11/08/2011,8,17,51,60,63,79,22,49
1757,13/08/2011,14,31,37,49,74,78,76,02
1758,16/08/2011,2,6,27,29,38,55,26,58
1759,18/08/2011,18,23,34,37,67,68,87,44
1760,20/08/2011,18,26,29,78,79,80,49,56
1761,23/08/2011,2,34,42,43,58,76,52,47
1762,25/08/2011,18,38,39,45,57,90,69,13
1763,27/08/2011,9,43,50,51,57,83,27,50
1764,30/08/2011,12,23,32,35,52,55,75,51
1765,01/09/2011,8,12,26,44,48,50,68,46
1766,03/09/2011,3,5,9,41,58,62,82,11
1767,06/09/2011,14,15,21,41,60,63,37,08
1768,08/09/2011,20,45,61,67,80,88,16,15
1769,10/09/2011,2,8,9,29,53,75,83,63
1770,13/09/2011,61,64,74,75,80,87,38,28
1771,15/09/2011,6,19,30,45,52,89,07,80
1772,17/09/2011,13,45,70,72,81,84,71,50
1773,20/09/2011,7,23,39,48,69,75,83,68
1774,22/09/2011,4,6,27,37,45,58,84,01
1775,24/09/2011,4,23,56,71,76,78,73,01
1776,27/09/2011,18,28,35,52,57,75,83,68
1777,29/09/2011,11,26,41,45,75,77,46,60
1778,01/10/2011,3,5,13,54,58,85,90,24
1779,04/10/2011,1,8,41,68,69,73,50,27
1780,06/10/2011,5,8,11,47,56,63,87,12
1781,08/10/2011,1,26,45,58,66,88,34,02
1782,11/10/2011,23,36,41,43,83,90,17,89
1783,13/10/2011,9,19,27,53,78,81,39,88
1784,15/10/2011,33,40,44,54,64,85,12,41
1785,18/10/2011,1,19,29,60,76,77,02,67
1786,20/10/2011,7,11,21,34,69,88,76,72
1787,22/10/2011,9,15,22,56,61,86,24,08
1788,25/10/2011,13,21,24,39,44,60,66,73
1789,27/10/2011,2,41,63,64,67,73,76,70
1790,29/10/2011,8,16,23,24,71,77,40,60
1791,02/11/2011,5,14,41,48,59,90,06,31
1792,03/11/2011,52,55,65,75,79,81,88,29
1793,05/11/2011,23,44,46,59,74,80,67,40
1794,08/11/2011,23,52,71,74,78,86,54,04
1795,10/11/2011,8,13,24,39,57,77,21,56
1796,12/11/2011,25,32,46,58,74,79,73,40
1797,15/11/2011,18,21,36,38,45,62,85,83
1798,17/11/2011,12,25,30,33,38,84,47,39
1799,19/11/2011,13,24,52,53,88,90,01,79
1800,22/11/2011,11,16,17,25,61,72,18,48
1801,24/11/2011,3,33,62,69,75,79,02,73
1802,26/11/2011,26,29,35,81,82,87,56,37
1803,29/11/2011,13,24,29,37,55,67,47,62
1804,01/12/2011,4,10,29,41,54,74,14,25
1805,03/12/2011,7,13,16,42,67,68,83,11
1806,06/12/2011,1,4,10,24,55,90,60,02
1807,09/12/2011,1,49,51,60,83,84,72,56
1808,10/12/2011,28,31,48,56,72,78,65,34
1809,13/12/2011,10,26,31,36,72,85,61,03
1810,15/12/2011,7,37,40,53,55,62,58,23
1811,17/12/2011,2,28,37,56,77,79,85,12
1812,20/12/2011,21,28,56,63,68,88,86,50
1813,22/12/2011,36,37,44,62,75,90,61,40
1814,24/12/2011,16,41,46,53,86,87,24,89
1815,27/12/2011,6,9,21,24,30,47,87,74
1816,29/12/2011,15,20,42,43,47,83,26,80
1817,31/12/2011,2,3,9,30,33,56,11,32
1818,03/01/2012,35,47,54,68,71,78,33,79
1819,05/01/2012,10,11,12,24,56,71,38,28
1820,07/01/2012,7,15,60,72,77,90,13,48
1821,10/01/2012,14,22,27,28,34,66,69,23
1822,12/01/2012,20,49,53,63,73,84,88,49
1823,14/01/2012,4,12,15,37,53,83,41,65
1824,17/01/2012,9,27,32,51,53,71,62,82
1825,19/01/2012,24,41,44,56,73,90,60,66
1826,21/01/2012,12,19,33,38,62,80,84,12
1827,24/01/2012,27,32,55,68,72,75,84,61
1828,26/01/2012,13,16,22,30,52,87,42,37
1829,28/01/2012,2,17,25,50,52,84,28,35
1830,31/01/2012,16,23,28,33,43,86,30,51
1831,02/02/2012,25,37,43,50,58,60,89,06
1832,04/02/2012,1,17,30,43,67,82,02,40
1833,07/02/2012,27,30,69,75,81,83,68,36
1834,09/02/2012,43,51,54,71,73,85,25,56
1835,11/02/2012,23,30,46,64,70,86,31,26
1836,14/02/2012,12,25,41,79,86,88,37,66
1837,16/02/2012,5,21,23,41,74,84,81,48
1838,18/02/2012,8,21,39,56,74,81,19,30
1839,21/02/2012,28,29,30,39,75,87,65,16
1840,23/02/2012,20,28,56,62,63,76,35,31
1841,25/02/2012,14,30,64,75,79,89,31,11
1842,28/02/2012,25,34,43,57,67,77,03,73
1843,01/03/2012,6,14,19,26,51,53,83,31
1844,03/03/2012,16,19,31,46,69,74,62,82
1845,06/03/2012,31,42,49,51,68,79,70,69
1846,08/03/2012,23,37,47,79,80,83,53,46
1847,10/03/2012,1,8,40,54,69,81,61,53
1848,13/03/2012,15,17,53,67,75,81,37,18
1849,15/03/2012,1,13,14,34,67,83,61,17
1850,17/03/2012,12,23,54,68,84,89,86,76
1851,20/03/2012,21,39,44,49,65,87,54,57
1852,22/03/2012,6,21,37,55,84,88,89,53
1853,24/03/2012,39,45,49,66,75,80,77,74
1854,27/03/2012,9,26,27,40,51,69,11,08
1855,29/03/2012,11,45,50,54,57,62,18,62
1856,31/03/2012,11,23,38,47,57,83,61,38
1857,03/04/2012,11,34,55,63,87,89,06,83
1858,05/04/2012,10,37,44,56,60,89,07,25
1859,07/04/2012,37,46,54,55,65,87,01,59
1860,10/04/2012,9,22,41,49,52,53,77,36
1861,12/04/2012,15,25,34,54,70,88,33,45
1862,14/04/2012,5,22,24,36,85,86,29,02
1863,17/04/2012,6,28,39,46,60,78,57,56
1864,19/04/2012,12,26,27,47,63,77,03,45
1865,21/04/2012,9,11,33,69,73,82,44,48
1866,24/04/2012,24,28,54,68,78,81,74,26
1867,26/04/2012,19,61,62,65,85,89,67,39
1868,28/04/2012,6,11,34,51,59,82,75,06
1869,02/05/2012,9,22,61,67,84,85,06,36
1870,03/05/2012,8,16,25,28,57,68,55,10
1871,05/05/2012,13,14,19,57,77,79,65,52
1872,08/05/2012,13,19,35,38,52,64,57,66
1873,10/05/2012,6,16,30,53,60,71,86,11
1874,12/05/2012,10,45,58,66,83,85,51,20
1875,15/05/2012,5,38,56,76,77,89,71,64
1876,17/05/2012,14,38,41,58,65,75,86,70
1877,19/05/2012,1,23,27,33,37,85,56,16
1878,22/05/2012,1,6,31,45,58,85,55,81
1879,24/05/2012,10,29,32,43,56,90,71,84
1880,26/05/2012,3,33,51,55,73,84,47,88
1881,29/05/2012,38,39,42,49,55,81,02,10
1882,31/05/2012,12,25,66,72,75,89,06,57
1883,04/06/2012,8,16,20,23,47,56,50,79
1884,05/06/2012,15,29,38,44,67,74,63,02
1885,07/06/2012,32,58,63,70,75,81,04,59
1886,09/06/2012,31,34,52,54,78,82,74,81
1887,12/06/2012,20,30,47,69,77,83,86,17
1888,14/06/2012,3,13,39,40,49,75,24,26
1889,16/06/2012,1,9,37,69,71,83,48,40
1890,19/06/2012,52,62,65,77,87,90,13,31
1891,21/06/2012,9,24,39,48,69,75,36,80
1892,23/06/2012,2,6,26,42,55,86,03,15
1893,26/06/2012,13,30,46,48,70,88,10,09
1894,28/06/2012,6,20,25,42,57,80,49,63
1895,30/06/2012,17,20,21,39,44,89,75,83
1896,03/07/2012,2,12,17,60,63,78,61,56
1897,05/07/2012,15,59,64,65,76,79,17,26
1898,07/07/2012,15,25,26,53,74,76,28,25
1899,10/07/2012,19,32,33,66,75,78,21,36
1900,12/07/2012,40,42,54,66,77,86,39,47
1901,14/07/2012,27,38,70,75,78,82,69,28
1902,17/07/2012,8,28,35,53,57,61,36,14
1903,19/07/2012,5,36,51,55,69,79,48,86
1904,21/07/2012,22,24,49,58,72,85,25,52
1905,24/07/2012,2,45,55,77,84,88,65,07
1906,26/07/2012,11,18,30,59,76,77,05,54
1907,28/07/2012,9,17,67,68,80,81,01,87
1908,31/07/2012,29,82,83,84,87,89,13,49
1909,02/08/2012,2,8,55,66,73,83,32,83
1910,04/08/2012,12,35,47,56,74,87,67,13
1911,07/08/2012,24,50,57,62,72,77,38,75
1912,09/08/2012,19,30,32,39,47,71,35,42
1913,11/08/2012,4,11,13,42,54,75,82,50
1914,14/08/2012,19,22,23,28,41,74,61,84
1915,16/08/2012,38,39,46,74,85,89,82,21
1916,18/08/2012,3,5,11,34,43,49,02,24
1917,21/08/2012,35,42,62,67,76,78,49,85
1918,23/08/2012,5,27,36,40,46,64,04,52
1919,25/08/2012,7,38,66,67,71,88,43,40
1920,28/08/2012,15,27,30,34,75,80,70,71
1921,30/08/2012,17,20,22,40,52,62,14,43
1922,01/09/2012,6,20,31,33,63,74,75,57
1923,04/09/2012,34,42,58,60,82,83,72,28
1924,06/09/2012,16,29,39,49,59,64,18,41
1925,08/09/2012,5,13,31,42,43,73,60,21
1926,11/09/2012,8,33,42,44,48,89,43,09
1927,13/09/2012,12,26,27,46,65,77,15,50
1928,15/09/2012,21,23,32,35,36,72,04,68
1929,18/09/2012,3,10,18,25,50,68,66,45
1930,20/09/2012,10,17,50,65,75,86,57,08
1931,22/09/2012,1,28,29,68,84,85,27,81
1932,25/09/2012,21,23,33,46,61,76,10,32
1933,27/09/2012,3,8,10,31,77,79,61,58
1934,29/09/2012,6,7,33,53,64,90,38,17
1935,02/10/2012,36,52,69,71,78,84,01,16
1936,04/10/2012,21,25,47,62,79,87,37,51
1937,06/10/2012,13,40,41,56,82,87,74,47
1938,09/10/2012,6,9,37,67,83,88,26,19
1939,11/10/2012,16,34,50,58,80,90,33,71
1940,13/10/2012,14,17,38,58,60,81,79,57
1941,16/10/2012,1,20,24,27,46,60,18,01
1942,18/10/2012,7,41,56,61,68,84,89,06
1943,20/10/2012,2,5,28,36,69,81,29,61
1944,23/10/2012,45,50,65,67,78,79,43,77
1945,25/10/2012,15,23,51,52,77,90,19,19
1946,27/10/2012,15,33,34,43,49,75,09,13
1947,30/10/2012,10,32,46,61,70,75,73,13
1948,03/11/2012,1,4,8,47,74,87,26,69
1949,05/11/2012,7,14,15,17,57,66,08,38
1950,06/11/2012,18,20,22,76,82,84,89,57
1951,08/11/2012,9,31,39,44,72,81,67,16
1952,10/11/2012,1,34,46,51,60,75,23,18
1953,13/11/2012,3,20,57,62,79,84,61,72
1954,15/11/2012,12,24,53,66,74,83,86,69
1955,17/11/2012,8,10,39,60,77,84,23,90
1956,20/11/2012,9,11,29,41,67,70,69,01
1957,22/11/2012,20,25,51,59,77,88,37,13
1958,24/11/2012,12,26,34,42,48,63,33,42
1959,27/11/2012,5,13,56,65,78,82,74,58
1960,29/11/2012,1,13,17,29,54,63,60,28
1961,01/12/2012,6,20,25,45,56,60,48,66
1962,04/12/2012,19,33,35,42,49,83,09,24
1963,06/12/2012,15,18,47,70,74,89,62,88
1964,10/12/2012,11,28,38,49,66,77,02,79
1965,11/12/2012,6,8,10,11,16,61,26,87
1966,13/12/2012,9,25,48,61,73,82,16,84
1967,15/12/2012,15,26,35,39,53,59,11,66
1968,18/12/2012,22,56,60,62,79,87,61,02
1969,20/12/2012,6,19,26,27,52,65,32,48
1970,22/12/2012,24,50,53,59,80,85,32,03
1971,24/12/2012,6,22,31,37,38,51,35,50
1972,27/12/2012,28,52,57,71,81,87,07,28
1973,29/12/2012,31,39,51,84,86,89,45,48
1974,02/01/2013,10,11,43,54,61,83,87,39
1975,03/01/2013,12,14,41,51,69,90,15,82
1976,05/01/2013,3,11,38,59,67,74,31,02
1977,08/01/2013,28,32,52,74,79,80,15,11
1978,10/01/2013,1,16,22,54,73,76,62,83
1979,12/01/2013,9,12,13,30,48,86,72,20
1980,15/01/2013,12,24,40,42,70,84,76,82
1981,17/01/2013,25,34,38,69,83,86,04,30
1982,19/01/2013,1,6,23,52,58,65,84,51
1983,22/01/2013,8,51,52,60,83,88,78,13
1984,24/01/2013,15,17,47,53,64,80,30,86
1985,26/01/2013,10,12,27,39,78,84,71,35
1986,29/01/2013,6,12,18,22,25,82,42,25
1987,31/01/2013,37,42,47,49,53,63,16,75
1988,02/02/2013,9,18,39,63,64,85,74,84
1989,05/02/2013,7,13,49,71,80,88,62,13
1990,07/02/2013,4,5,55,77,80,81,03,81
1991,09/02/2013,4,11,32,51,66,81,26,49
1992,12/02/2013,6,21,41,72,73,80,52,14
1993,14/02/2013,24,32,44,60,64,76,25,76
1994,16/02/2013,6,32,35,43,53,69,82,08
1995,19/02/2013,3,34,37,55,82,90,61,46
1996,21/02/2013,4,16,35,57,69,88,87,21
1997,23/02/2013,1,11,21,50,67,75,52,34
1998,26/02/2013,20,25,51,59,84,90,10,42
1999,28/02/2013,4,24,62,66,76,84,27,19
2000,02/03/2013,16,49,59,67,71,82,78,88
2001,05/03/2013,32,34,39,52,59,61,11,37
2002,07/03/2013,26,32,42,46,78,82,07,21
2003,09/03/2013,13,22,36,64,80,84,37,69
2004,12/03/2013,7,10,22,23,41,77,49,80
2005,14/03/2013,27,35,47,57,85,89,68,35
2006,16/03/2013,19,41,43,48,73,81,01,57
2007,19/03/2013,21,39,71,76,89,90,78,33
2008,21/03/2013,9,27,47,58,62,71,72,23
2009,23/03/2013,29,42,45,58,67,86,59,36
2010,26/03/2013,15,37,46,52,64,89,07,73
2011,28/03/2013,12,27,54,68,73,76,89,25
2012,30/03/2013,17,42,52,71,74,90,87,48
2013,02/04/2013,4,12,33,52,85,87,35,70
2014,04/04/2013,3,4,31,52,66,84,24,35
2015,06/04/2013,5,8,73,84,87,88,82,39
2016,09/04/2013,25,44,45,52,68,81,10,49
2017,11/04/2013,1,47,66,67,78,90,83,49
2018,13/04/2013,26,33,43,49,61,76,78,33
2019,16/04/2013,21,30,35,36,83,89,73,69
2020,18/04/2013,27,30,35,39,49,69,56,62
2021,20/04/2013,29,33,67,75,83,86,40,19
2022,23/04/2013,1,13,37,53,62,63,27,11
2023,27/04/2013,1,2,11,56,57,75,46,37
2024,29/04/2013,2,6,53,54,68,89,21,61
2025,30/04/2013,5,35,38,75,82,86,12,60
2026,02/05/2013,19,32,33,57,65,75,29,80
2027,04/05/2013,6,31,63,74,75,85,86,13
2028,07/05/2013,19,37,54,65,67,70,75,46
2029,09/05/2013,13,16,20,21,25,65,69,64
2030,11/05/2013,10,42,48,67,83,84,04,04
2031,14/05/2013,35,41,47,74,77,85,40,55
2032,16/05/2013,3,16,22,39,49,71,33,20
2033,18/05/2013,14,20,24,36,40,81,17,15
2034,21/05/2013,6,32,48,53,54,87,63,73
2035,23/05/2013,14,22,36,53,59,66,11,77
2036,25/05/2013,6,27,34,55,62,87,51,32
2037,28/05/2013,26,35,47,66,67,80,11,24
2038,30/05/2013,29,43,61,62,77,79,85,55
2039,01/06/2013,8,21,25,54,84,85,51,73
2040,04/06/2013,3,27,34,62,81,88,35,81
2041,06/06/2013,34,36,47,64,73,78,25,67
2042,08/06/2013,5,10,31,53,56,61,21,19
2043,11/06/2013,2,21,37,39,41,64,63,79
2044,13/06/2013,1,5,6,39,41,70,10,27
2045,15/06/2013,15,19,33,35,62,68,40,54
2046,18/06/2013,8,24,32,34,65,86,23,40
2047,20/06/2013,15,24,32,52,68,71,75,26
2048,22/06/2013,2,19,25,59,84,88,61,24
2049,25/06/2013,6,16,40,61,64,82,19,42
2050,27/06/2013,12,22,27,37,52,87,35,18
2051,29/06/2013,17,22,54,69,82,88,09,01
2052,02/07/2013,3,4,18,29,64,90,52,15
2053,04/07/2013,9,41,46,47,53,77,03,54
2054,06/07/2013,4,9,24,64,74,76,40,89
2055,09/07/2013,17,36,48,55,63,70,28,21
2056,11/07/2013,14,15,34,55,59,81,46,10
2057,13/07/2013,23,49,52,65,67,76,61,84
2058,16/07/2013,22,29,57,72,85,89,49,36
2059,18/07/2013,16,19,24,37,63,85,38,49
2060,20/07/2013,2,16,20,26,31,33,64,46
2061,23/07/2013,11,14,39,63,73,75,29,86
2062,25/07/2013,33,38,41,43,46,57,53,20
2063,27/07/2013,17,19,40,43,72,84,48,35
2064,30/07/2013,16,47,55,57,70,85,19,83
2065,01/08/2013,8,21,24,25,27,75,34,51
2066,03/08/2013,15,16,34,74,85,87,65,80
2067,06/08/2013,14,16,32,35,41,50,01,12
2068,08/08/2013,2,14,42,52,75,79,53,14
2069,10/08/2013,5,33,47,61,64,70,29,32
2070,13/08/2013,1,33,41,78,83,84,72,57
2071,17/08/2013,20,21,24,43,76,89,83,60
2072,19/08/2013,3,5,11,14,38,79,29,26
2073,20/08/2013,4,11,15,26,58,68,16,39
2074,22/08/2013,19,21,30,59,61,89,25,07
2075,24/08/2013,1,2,5,27,39,49,31,14
2076,27/08/2013,6,44,63,64,72,82,12,90
2077,29/08/2013,19,54,55,71,80,84,81,73
2078,31/08/2013,11,20,50,62,70,85,59,01
2079,03/09/2013,1,7,56,70,88,90,83,87
2080,05/09/2013,15,23,45,70,81,82,16,44
2081,07/09/2013,41,55,72,78,83,87,77,61
2082,10/09/2013,35,44,57,58,87,88,22,69
2083,12/09/2013,7,44,48,51,64,83,90,51
2084,14/09/2013,20,35,45,47,72,78,59,31
2085,17/09/2013,1,21,34,44,49,90,37,74
2086,19/09/2013,15,21,28,75,81,86,38,82
2087,21/09/2013,36,61,75,81,82,89,14,75
2088,24/09/2013,1,27,33,36,43,86,42,03
2089,26/09/2013,4,38,42,57,64,75,84,09
2090,28/09/2013,28,57,61,69,78,83,86,44
2091,01/10/2013,16,21,26,64,66,78,50,78
2092,03/10/2013,7,14,42,43,56,57,64,82
2093,05/10/2013,2,5,8,65,74,77,86,16
2094,08/10/2013,1,31,39,60,62,84,26,55
2095,10/10/2013,3,7,12,20,48,55,26,48
2096,12/10/2013,10,19,20,39,85,87,46,23
2097,15/10/2013,22,36,60,64,71,80,47,27
2098,17/10/2013,11,18,40,58,81,87,62,32
2099,19/10/2013,12,30,36,44,54,60,40,16
2100,22/10/2013,2,5,34,56,72,73,11,61
2101,24/10/2013,1,3,5,41,62,76,21,23
2102,26/10/2013,24,48,50,62,63,87,12,74
2103,29/10/2013,12,23,49,53,67,83,13,59
2104,31/10/2013,13,18,26,37,46,48,42,62
2105,02/11/2013,1,12,67,75,81,90,76,66
2106,05/11/2013,4,9,10,76,78,87,66,16
2107,07/11/2013,9,19,21,50,61,82,71,68
2108,09/11/2013,10,22,39,55,81,89,43,58
2109,12/11/2013,16,26,30,52,57,83,61,07
2110,14/11/2013,23,45,54,61,69,75,52,29
2111,16/11/2013,16,36,54,55,63,69,85,20
2112,19/11/2013,14,15,39,47,53,76,67,45
2113,21/11/2013,28,37,52,57,64,66,43,58
2114,23/11/2013,6,10,19,71,72,89,52,77
2115,26/11/2013,20,25,30,45,75,79,15,84
2116,28/11/2013,31,51,55,66,73,78,88,22
2117,30/11/2013,10,11,35,42,52,89,84,58
2118,03/12/2013,12,40,42,66,73,80,30,63
2119,05/12/2013,28,34,42,68,71,88,07,21
2120,07/12/2013,2,16,42,67,75,87,89,75
2121,10/12/2013,10,16,20,57,65,89,05,22
2122,12/12/2013,10,19,32,49,53,66,16,52
2123,14/12/2013,5,33,44,46,66,76,81,76
2124,17/12/2013,12,22,27,43,60,72,08,73
2125,19/12/2013,10,23,27,39,70,82,65,35
2126,21/12/2013,2,14,17,21,22,26,78,77
2127,23/12/2013,15,43,48,54,55,76,79,89
2128,24/12/2013,10,39,45,65,74,86,60,17
2129,28/12/2013,39,52,69,70,74,82,40,80
2130,31/12/2013,25,60,62,76,82,87,08,47
2131,02/01/2014,49,55,57,64,70,77,85,45
2132,04/01/2014,19,26,30,47,69,81,90,30
2133,07/01/2014,14,47,48,58,60,69,26,41
2134,09/01/2014,15,17,24,41,70,87,71,07
2135,11/01/2014,11,37,39,52,68,90,12,56
2136,14/01/2014,4,7,25,74,82,87,03,33
2137,16/01/2014,3,18,34,37,40,47,55,85
2138,18/01/2014,14,18,38,41,74,78,58,70
2139,21/01/2014,5,23,35,54,56,62,53,88
2140,23/01/2014,3,6,12,13,19,67,39,24
2141,25/01/2014,22,34,53,59,62,88,36,57
2142,28/01/2014,9,17,27,29,59,67,34,70
2143,30/01/2014,7,21,28,45,59,90,74,65
2144,01/02/2014,3,6,41,44,48,73,84,46
2145,04/02/2014,3,12,25,33,59,85,77,12
2146,06/02/2014,9,12,14,61,79,90,26,63
2147,08/02/2014,8,16,41,52,64,74,81,62
2148,11/02/2014,12,27,38,43,65,67,71,09
2149,13/02/2014,9,11,17,20,33,75,32,46
2150,15/02/2014,18,31,62,64,72,77,69,49
2151,18/02/2014,15,36,49,62,75,82,39,23
2152,20/02/2014,14,26,47,63,78,80,37,68
2153,22/02/2014,17,19,28,34,38,82,40,62
2154,25/02/2014,26,51,52,54,70,88,65,45
2155,27/02/2014,19,32,54,59,68,86,45,53
2156,01/03/2014,7,8,47,56,79,90,09,18
2157,04/03/2014,40,46,51,61,65,76,71,65
2158,06/03/2014,15,61,66,67,76,79,68,40
2159,08/03/2014,35,45,50,51,82,87,30,38
2160,11/03/2014,49,51,53,56,58,81,12,37
2161,13/03/2014,10,28,40,57,58,78,60,33
2162,15/03/2014,1,5,22,24,41,43,38,71
2163,18/03/2014,38,39,46,58,66,83,55,44
2164,20/03/2014,15,18,28,49,51,77,65,70
2165,22/03/2014,19,22,31,38,87,89,46,49
2166,25/03/2014,28,36,42,70,74,78,32,05
2167,27/03/2014,8,12,47,64,83,88,41,56
2168,29/03/2014,12,21,57,68,86,88,82,21
2169,01/04/2014,7,56,66,72,73,90,78,73
2170,03/04/2014,40,47,59,64,79,89,66,18
2171,05/04/2014,9,31,33,37,79,86,12,50
2172,08/04/2014,11,61,64,76,82,87,15,76
2173,10/04/2014,22,25,46,52,54,65,51,61
2174,12/04/2014,14,29,34,62,65,89,63,31
2175,15/04/2014,3,26,33,44,48,49,57,70
2176,17/04/2014,11,20,51,63,68,88,28,40
2177,19/04/2014,42,45,56,75,79,90,88,17
2178,22/04/2014,14,16,21,24,62,78,01,75
2179,24/04/2014,5,7,11,67,70,85,20,17
2180,26/04/2014,3,9,13,25,42,81,24,05
2181,29/04/2014,27,33,40,52,76,86,62,17
2182,03/05/2014,15,33,45,60,72,85,44,60
2183,05/05/2014,27,44,46,50,54,69,36,15
2184,06/05/2014,1,3,4,60,70,73,57,36
2185,08/05/2014,6,9,54,70,78,79,22,90
2186,10/05/2014,8,39,40,57,69,81,28,88
2187,13/05/2014,3,5,16,54,58,68,82,41
2188,15/05/2014,20,47,56,64,66,67,24,24
2189,17/05/2014,5,31,36,68,75,90,52,35
2190,20/05/2014,10,17,41,45,69,78,02,32
2191,22/05/2014,8,23,48,56,59,78,06,77
2192,24/05/2014,3,22,38,70,77,81,32,22
2193,27/05/2014,32,37,52,53,66,83,87,38
2194,29/05/2014,27,32,33,52,73,84,63,10
2195,31/05/2014,1,6,7,10,14,56,16,49
2196,03/06/2014,3,25,26,29,48,79,56,45
2197,05/06/2014,11,31,43,70,74,80,65,72
2198,07/06/2014,12,18,39,46,56,63,03,16
2199,10/06/2014,27,29,30,42,48,73,11,05
2200,12/06/2014,13,18,19,27,50,69,68,37
2201,14/06/2014,3,31,45,48,71,76,75,70
2202,17/06/2014,21,29,43,53,66,89,04,14
2203,19/06/2014,16,19,24,36,39,81,25,69
2204,21/06/2014,14,61,69,79,81,85,32,07
2205,24/06/2014,3,22,31,42,73,88,60,13
2206,26/06/2014,8,43,61,62,70,86,80,08
2207,28/06/2014,17,20,41,42,49,81,48,25
2208,01/07/2014,31,35,48,64,65,89,58,90
2209,03/07/2014,1,13,21,25,61,63,69,06
2210,05/07/2014,15,31,38,47,55,82,62,49
2211,08/07/2014,5,8,32,43,59,85,89,80
2212,10/07/2014,3,11,18,30,51,85,07,56
2213,12/07/2014,11,20,48,52,70,74,49,36
2214,15/07/2014,5,15,17,31,32,40,41,38
2215,17/07/2014,6,11,12,28,59,79,04,54
2216,19/07/2014,29,48,49,54,75,87,43,40
2217,22/07/2014,7,32,58,60,66,69,25,50
2218,24/07/2014,4,12,13,55,73,86,79,89
2219,26/07/2014,1,10,26,28,29,62,52,87
2220,29/07/2014,32,45,56,74,87,89,25,26
2221,31/07/2014,14,19,22,66,80,90,47,28
2222,02/08/2014,29,38,54,58,72,86,81,65
2223,05/08/2014,2,19,22,41,77,89,90,04
2224,07/08/2014,10,29,50,59,79,80,11,39
2225,09/08/2014,9,10,26,53,68,72,60,66
2226,12/08/2014,11,24,34,39,68,86,85,13
2227,14/08/2014,4,12,24,61,73,75,56,09
2228,16/08/2014,31,63,64,68,69,71,13,80
2229,19/08/2014,15,30,62,63,67,74,13,09
2230,21/08/2014,4,31,52,73,76,84,27,78
2231,23/08/2014,16,45,51,58,60,71,08,77
2232,26/08/2014,1,20,44,56,59,69,25,36
2233,28/08/2014,22,39,51,78,83,84,59,71
2234,30/08/2014,23,38,43,46,60,75,79,31
2235,02/09/2014,6,20,27,31,32,36,88,04
2236,04/09/2014,31,39,41,53,67,83,15,47
2237,06/09/2014,26,33,53,61,73,82,23,21
2238,09/09/2014,12,20,26,41,70,78,83,27
2239,11/09/2014,13,14,56,58,79,82,41,34
2240,13/09/2014,7,20,25,51,65,87,58,50
2241,16/09/2014,1,15,16,23,24,52,83,51
2242,18/09/2014,11,19,37,41,62,77,04,45
2243,20/09/2014,15,36,39,50,57,76,89,04
2244,23/09/2014,6,25,42,59,78,89,33,11
2245,25/09/2014,4,45,59,77,78,79,56,01
2246,27/09/2014,1,9,12,14,58,84,10,07
2247,30/09/2014,28,33,49,55,59,76,47,85
2248,02/10/2014,3,9,42,50,56,88,90,46
2249,04/10/2014,2,6,11,62,70,71,17,58
2250,07/10/2014,7,15,17,18,26,53,59,29
2251,09/10/2014,17,20,26,41,45,89,59,48
2252,11/10/2014,6,11,28,43,56,83,50,01
2253,14/10/2014,19,21,38,45,51,69,01,09
2254,16/10/2014,6,9,24,49,78,79,45,18
2255,18/10/2014,20,40,44,53,66,72,73,44
2256,21/10/2014,18,34,41,43,46,55,82,05
2257,23/10/2014,7,21,44,53,59,64,57,12
2258,25/10/2014,8,28,44,57,85,88,80,33
2259,28/10/2014,26,30,32,36,44,61,57,56
2260,30/10/2014,22,39,45,53,74,86,15,77
2261,03/11/2014,7,9,32,35,40,48,62,32
2262,04/11/2014,13,18,23,29,58,88,44,02
2263,06/11/2014,46,58,59,82,88,90,45,86
2264,08/11/2014,21,33,69,73,81,84,51,43
2265,11/11/2014,23,27,39,41,52,64,61,59
2266,13/11/2014,2,38,47,50,55,79,87,41
2267,15/11/2014,28,42,62,64,79,80,18,61
2268,18/11/2014,38,58,65,66,72,88,34,40
2269,20/11/2014,42,45,48,56,68,83,82,04
2270,22/11/2014,22,25,55,58,82,85,62,85
2271,25/11/2014,17,36,62,67,70,87,68,06
2272,27/11/2014,13,18,26,53,54,70,45,54
2273,29/11/2014,3,14,35,63,73,80,62,42
2274,02/12/2014,9,25,35,59,76,81,85,14
2275,04/12/2014,7,52,57,65,83,85,84,16
2276,06/12/2014,10,11,21,54,73,82,66,58
2277,09/12/2014,2,23,35,46,47,63,60,55
2278,11/12/2014,20,22,24,25,48,79,42,80
2279,13/12/2014,12,13,19,37,64,70,80,08
2280,16/12/2014,15,35,45,69,82,84,76,29
2281,18/12/2014,19,28,48,52,82,89,11,37
2282,20/12/2014,1,13,24,26,29,77,60,06
2283,23/12/2014,18,22,55,58,62,89,51,10
2284,24/12/2014,33,46,53,58,73,85,80,26
2285,27/12/2014,15,25,31,39,82,88,74,04
2286,30/12/2014,5,24,51,76,77,79,08,63
2287,03/01/2015,14,26,31,40,58,68,76,45
2288,05/01/2015,16,37,48,68,84,90,11,12
2289,07/01/2015,9,16,19,26,28,46,71,16
2290,08/01/2015,6,9,29,41,50,90,13,32
2291,10/01/2015,2,13,22,37,48,90,08,78
2292,13/01/2015,9,10,36,67,76,83,72,76
2293,15/01/2015,2,5,7,12,23,42,09,09
2294,17/01/2015,18,22,31,54,71,80,52,43
2295,20/01/2015,2,11,15,39,84,87,52,01
2296,22/01/2015,11,12,44,57,77,89,76,41
2297,24/01/2015,22,23,24,59,63,81,44,82
2298,27/01/2015,5,10,47,59,66,73,53,21
2299,29/01/2015,27,29,58,64,67,80,54,73
2300,31/01/2015,8,44,54,58,59,86,73,50
2301,03/02/2015,12,29,43,56,60,75,10,59
2302,05/02/2015,7,8,10,45,49,53,20,49
2303,07/02/2015,24,27,38,40,56,81,66,03
2304,10/02/2015,30,59,72,74,77,78,09,27
2305,12/02/2015,25,32,44,56,77,87,28,44
2306,14/02/2015,13,31,32,57,60,79,90,10
2307,17/02/2015,20,27,40,60,61,66,11,69
2308,19/02/2015,23,35,44,49,66,84,02,75
2309,21/02/2015,5,16,33,48,57,87,79,05
2310,24/02/2015,6,29,56,72,82,83,76,24
2311,26/02/2015,17,41,44,57,73,86,24,68
2312,28/02/2015,5,10,34,48,56,87,23,40
2313,03/03/2015,16,26,48,61,63,87,81,17
2314,05/03/2015,35,44,62,74,82,90,68,19
2315,07/03/2015,26,36,56,68,73,81,62,05
2316,10/03/2015,9,19,68,70,71,81,39,37
2317,12/03/2015,7,36,38,63,73,90,78,67
2318,14/03/2015,28,30,39,46,68,89,05,03
2319,17/03/2015,10,13,21,36,66,69,73,46
2320,19/03/2015,5,7,20,38,57,85,23,08
2321,21/03/2015,4,7,9,19,55,58,83,40
2322,24/03/2015,8,17,29,32,65,90,81,37
2323,26/03/2015,10,21,40,46,79,84,35,62
2324,28/03/2015,5,22,60,71,74,81,88,31
2325,31/03/2015,3,15,23,33,46,78,54,05
2326,02/04/2015,33,36,61,66,83,85,20,81
2327,04/04/2015,11,38,44,48,56,83,28,90
2328,07/04/2015,4,18,20,68,72,77,21,41
2329,09/04/2015,7,25,30,44,47,68,53,04
2330,11/04/2015,26,54,55,73,86,90,03,19
2331,14/04/2015,36,45,56,79,81,90,52,44
2332,16/04/2015,37,38,43,69,79,86,72,53
2333,18/04/2015,10,11,18,36,47,85,48,06
2334,21/04/2015,4,17,52,59,67,84,88,13
2335,23/04/2015,8,13,27,34,47,83,06,22
2336,27/04/2015,8,26,39,56,78,85,49,03
2337,28/04/2015,10,41,59,61,65,71,08,37
2338,30/04/2015,18,28,31,33,55,78,81,08
2339,02/05/2015,6,34,45,46,59,73,35,56
2340,05/05/2015,7,31,33,78,86,87,72,88
2341,07/05/2015,12,32,43,46,58,77,18,01
2342,09/05/2015,31,40,52,55,62,76,17,44
2343,12/05/2015,10,19,48,78,85,90,22,42
2344,14/05/2015,19,25,42,51,55,56,24,75
2345,16/05/2015,3,32,39,65,75,76,51,57
2346,19/05/2015,6,20,43,44,46,67,85,52
2347,21/05/2015,17,21,23,51,65,87,53,48
2348,23/05/2015,4,24,29,31,39,71,19,14
2349,26/05/2015,6,9,21,69,77,78,90,80
2350,28/05/2015,6,33,57,61,80,83,53,18
2351,30/05/2015,13,33,39,56,65,86,52,75
2352,03/06/2015,3,28,37,42,67,86,01,79
2353,04/06/2015,14,17,23,45,87,88,46,14
2354,06/06/2015,16,24,34,40,41,57,13,89
2355,09/06/2015,15,21,58,80,82,86,49,64
2356,11/06/2015,26,48,52,61,75,79,82,73
2357,13/06/2015,19,35,36,38,45,80,17,05
2358,16/06/2015,6,28,55,57,78,83,67,16
2359,18/06/2015,18,21,28,62,84,90,41,48
2360,20/06/2015,6,11,21,65,66,85,23,18
2361,23/06/2015,20,24,26,33,42,80,29,34
2362,25/06/2015,18,46,63,68,73,79,28,59
2363,27/06/2015,17,22,45,48,53,61,26,65
2364,30/06/2015,4,11,16,25,34,59,75,84
2365,02/07/2015,8,17,30,61,78,88,56,15
2366,04/07/2015,8,30,38,51,62,66,14,02
2367,07/07/2015,19,25,31,78,83,88,18,86
2368,09/07/2015,8,54,59,66,86,89,15,04
2369,11/07/2015,8,30,34,39,42,58,80,01
2370,14/07/2015,12,17,32,47,74,86,08,23
2371,16/07/2015,22,27,29,49,69,87,73,86
2372,18/07/2015,22,42,47,62,70,72,90,68
2373,21/07/2015,1,21,63,70,79,84,25,24
2374,23/07/2015,33,41,44,48,68,75,56,08
2375,25/07/2015,2,20,21,40,45,65,15,19
2376,28/07/2015,4,26,34,66,67,81,88,26
2377,30/07/2015,13,18,25,26,35,61,60,56
2378,01/08/2015,2,26,34,58,80,81,23,42
2379,04/08/2015,34,53,77,78,83,89,87,83
2380,06/08/2015,2,27,36,39,53,79,72,44
2381,08/08/2015,3,7,17,26,55,72,41,89
2382,11/08/2015,17,25,32,42,71,85,60,45
2383,13/08/2015,4,17,34,41,66,78,30,64
2384,17/08/2015,1,4,50,70,71,76,84,10
2385,18/08/2015,20,30,45,50,76,86,03,01
2386,20/08/2015,4,14,31,68,70,74,73,10
2387,22/08/2015,6,7,9,14,17,35,27,87
2388,25/08/2015,3,18,19,65,81,88,70,74
2389,27/08/2015,2,4,12,40,50,80,13,89
2390,29/08/2015,7,28,44,55,57,78,14,77
2391,01/09/2015,13,30,38,48,50,77,29,64
2392,03/09/2015,13,18,19,49,78,87,45,22
2393,05/09/2015,24,30,36,42,71,86,32,26
2394,08/09/2015,41,50,54,60,75,88,62,26
2395,10/09/2015,10,14,15,34,75,88,01,79
2396,12/09/2015,11,24,46,48,68,82,05,69
2397,15/09/2015,9,17,20,32,35,56,24,19
2398,17/09/2015,8,9,42,71,78,79,62,21
2399,19/09/2015,9,32,40,49,52,60,05,89
2400,22/09/2015,10,26,50,55,62,81,27,65
2401,24/09/2015,1,32,36,61,78,80,79,85
2402,26/09/2015,1,37,69,74,77,89,28,35
2403,29/09/2015,17,25,41,45,57,82,22,38
2404,01/10/2015,2,17,21,49,69,74,79,06
2405,03/10/2015,2,4,14,31,43,61,11,42
2406,06/10/2015,8,11,17,27,62,84,41,20
2407,08/10/2015,23,32,33,55,84,90,02,05
2408,10/10/2015,32,41,45,47,78,90,59,01
2409,13/10/2015,35,36,63,71,75,89,15,90
2410,15/10/2015,7,9,16,24,32,40,17,40
2411,17/10/2015,4,6,61,63,65,72,09,09
2412,20/10/2015,18,34,58,60,64,88,05,80
2413,22/10/2015,1,6,32,50,51,81,04,27
2414,24/10/2015,9,14,33,38,46,87,02,79
2415,27/10/2015,13,15,48,50,74,83,84,50
2416,29/10/2015,4,16,40,57,71,84,62,84
2417,31/10/2015,6,25,26,52,86,88,61,80
2418,03/11/2015,30,41,47,71,79,86,83,78
2419,05/11/2015,17,21,29,33,43,62,85,75
2420,07/11/2015,2,19,22,46,51,54,83,10
2421,10/11/2015,8,31,33,38,66,77,03,61
2422,12/11/2015,19,22,31,41,54,87,38,47
2423,14/11/2015,19,56,73,84,85,86,02,80
2424,17/11/2015,27,29,39,54,59,74,79,25
2425,19/11/2015,25,28,44,52,87,89,10,09
2426,21/11/2015,13,25,33,53,75,83,38,59
2427,24/11/2015,52,54,70,80,82,84,66,82
2428,26/11/2015,12,36,45,67,77,88,11,06
2429,28/11/2015,20,23,28,51,65,81,87,68
2430,01/12/2015,31,39,55,58,85,87,86,70
2431,03/12/2015,38,46,53,65,77,84,80,63
2432,05/12/2015,1,28,34,42,49,77,65,42
2433,09/12/2015,21,54,62,63,82,83,37,25
2434,10/12/2015,1,19,20,56,60,83,63,46
2435,12/12/2015,18,20,46,47,55,66,75,38
2436,15/12/2015,5,30,36,63,84,85,37,48
2437,17/12/2015,11,44,56,81,83,87,09,06
2438,19/12/2015,7,22,46,50,55,73,14,64
2439,22/12/2015,18,22,23,57,60,69,14,06
2440,24/12/2015,6,8,24,28,36,63,79,73
2441,28/12/2015,5,38,48,52,81,88,65,02
2442,29/12/2015,15,20,57,72,76,89,30,22
2443,31/12/2015,15,26,29,77,81,90,37,48
2444,02/01/2016,1,17,39,41,56,65,18,42
2445,05/01/2016,7,20,40,56,60,90,76,51
2446,07/01/2016,10,38,61,62,74,86,69,70
2447,09/01/2016,20,26,36,50,51,74,83,60
2448,12/01/2016,3,9,28,42,50,79,87,27
2449,14/01/2016,5,8,17,41,46,87,30,57
2450,16/01/2016,11,17,48,52,70,90,29,43
2451,19/01/2016,13,18,35,43,51,66,72,27
2452,21/01/2016,2,12,32,57,61,81,54,75
2453,23/01/2016,4,5,8,14,32,49,18,01
2454,26/01/2016,24,45,50,60,63,87,71,80
2455,28/01/2016,2,6,15,39,80,83,47,48
2456,30/01/2016,13,24,51,68,77,81,76,69
2457,02/02/2016,19,38,40,56,65,80,35,01
2458,04/02/2016,7,21,31,39,46,69,77,50
2459,06/02/2016,10,24,36,63,77,89,81,39
2460,09/02/2016,11,26,46,56,58,78,60,71
2461,11/02/2016,17,27,45,53,71,74,21,59
2462,13/02/2016,2,30,49,66,74,80,33,29
2463,16/02/2016,2,10,27,34,38,40,72,46
2464,18/02/2016,12,26,30,51,57,89,54,53
2465,20/02/2016,29,32,33,49,54,85,16,44
2466,23/02/2016,2,14,58,74,80,82,86,10
2467,25/02/2016,14,33,52,67,71,81,80,35
2468,27/02/2016,19,22,28,48,49,85,78,52
2469,01/03/2016,15,20,25,30,45,55,73,24
2470,03/03/2016,8,16,29,49,56,62,44,13
2471,05/03/2016,6,8,68,77,80,86,27,39
2472,08/03/2016,8,27,32,51,52,89,49,24
2473,10/03/2016,9,16,18,22,65,71,84,50
2474,12/03/2016,29,37,52,67,80,82,68,81
2475,15/03/2016,2,4,17,19,38,56,80,23
2476,17/03/2016,1,12,65,67,76,86,89,08
2477,19/03/2016,18,41,51,56,72,76,68,61
2478,22/03/2016,17,31,32,43,59,71,02,50
2479,24/03/2016,14,24,26,57,67,89,28,05
2480,26/03/2016,28,43,67,68,72,79,18,60
2481,29/03/2016,29,55,65,71,73,77,05,02
2482,31/03/2016,17,28,63,78,84,88,34,39
2483,02/04/2016,2,24,65,75,81,88,06,79
2484,05/04/2016,12,23,28,32,42,85,31,62
2485,07/04/2016,38,42,45,59,66,87,05,26
2486,09/04/2016,2,5,12,33,54,59,18,89
2487,12/04/2016,34,50,55,72,79,89,01,03
2488,14/04/2016,1,2,6,42,67,83,80,11
2489,16/04/2016,8,12,23,58,86,89,62,36
2490,19/04/2016,14,30,61,86,88,90,89,60
2491,21/04/2016,1,15,30,50,54,62,71,82
2492,23/04/2016,10,11,15,33,79,83,27,27
2493,26/04/2016,38,49,51,59,77,90,35,10
2494,28/04/2016,10,11,24,30,48,63,07,41
2495,30/04/2016,22,38,47,51,61,85,87,48
2496,03/05/2016,14,29,58,72,75,85,71,77
2497,05/05/2016,7,20,25,32,75,90,12,84
2498,07/05/2016,3,32,34,36,82,87,12,01
2499,10/05/2016,25,26,49,54,55,66,16,50
2500,12/05/2016,10,25,52,54,59,84,42,52
2501,14/05/2016,11,19,56,72,73,75,90,68
2502,17/05/2016,1,10,19,44,68,74,56,81
2503,19/05/2016,15,39,54,62,71,74,60,30
2504,21/05/2016,9,11,20,35,66,68,90,68
2505,24/05/2016,14,16,45,47,48,86,23,45
2506,26/05/2016,1,32,34,58,64,86,52,58
2507,28/05/2016,3,5,12,17,44,51,18,39
2508,31/05/2016,8,18,33,41,62,71,01,42
2509,04/06/2016,8,10,18,64,85,87,03,40
2510,06/06/2016,3,54,56,57,75,90,01,62
2511,07/06/2016,24,29,45,63,65,70,08,59
2512,09/06/2016,9,14,61,76,80,83,44,52
2513,11/06/2016,27,30,34,40,52,68,50,51
2514,14/06/2016,25,31,33,42,58,86,03,43
2515,16/06/2016,18,19,29,47,59,68,21,53
2516,18/06/2016,24,25,45,51,52,63,19,05
2517,21/06/2016,4,30,31,45,49,85,11,67
2518,23/06/2016,17,18,25,43,66,87,01,57
2519,25/06/2016,11,14,44,54,85,87,35,46
2520,28/06/2016,5,23,44,59,60,83,50,42
2521,30/06/2016,30,31,32,34,50,51,75,24
2522,02/07/2016,8,9,22,43,50,56,20,39
2523,05/07/2016,22,26,43,50,59,65,20,35
2524,07/07/2016,1,4,32,59,70,86,89,40
2525,09/07/2016,12,34,44,45,53,68,81,82
2526,12/07/2016,1,41,59,63,81,85,74,30
2527,14/07/2016,38,56,61,67,72,82,87,60
2528,16/07/2016,26,37,43,67,75,78,10,67
2529,19/07/2016,4,10,28,29,48,52,03,80
2530,21/07/2016,19,27,35,56,60,89,47,45
2531,23/07/2016,1,30,42,61,76,88,71,52
2532,26/07/2016,4,13,15,18,72,76,69,08
2533,28/07/2016,29,37,38,61,63,85,59,48
2534,30/07/2016,15,22,26,45,48,82,64,70
2535,02/08/2016,34,54,57,84,89,90,44,48
2536,04/08/2016,25,37,40,61,65,77,23,32
2537,06/08/2016,23,34,58,61,71,77,53,18
2538,09/08/2016,12,27,34,76,77,85,78,52
2539,11/08/2016,31,65,78,85,89,90,34,80
2540,13/08/2016,2,25,43,72,87,89,74,47
2541,16/08/2016,9,12,18,63,64,73,88,76
2542,18/08/2016,8,39,59,65,82,83,41,60
2543,20/08/2016,10,29,35,44,49,65,50,57
2544,23/08/2016,4,28,48,67,68,84,02,23
2545,25/08/2016,16,28,40,43,57,61,08,05
2546,27/08/2016,1,32,37,54,66,81,90,47
2547,30/08/2016,6,9,17,47,66,86,21,49
2548,01/09/2016,4,18,43,60,69,85,87,63
2549,03/09/2016,4,29,35,46,82,85,13,41
2550,06/09/2016,7,30,34,61,84,88,25,27
2551,08/09/2016,6,12,47,51,60,79,54,67
2552,10/09/2016,9,13,16,49,64,65,58,81
2553,13/09/2016,9,22,48,66,68,83,62,48
2554,15/09/2016,14,18,30,48,53,86,71,31
2555,17/09/2016,2,4,10,59,68,88,58,31
2556,20/09/2016,45,46,48,52,77,78,21,36
2557,22/09/2016,4,11,34,49,55,83,85,14
2558,24/09/2016,3,16,22,31,45,56,37,12
2559,27/09/2016,36,41,55,81,83,85,51,07
2560,29/09/2016,11,40,41,44,67,70,68,90
2561,01/10/2016,18,19,57,74,80,82,29,89
2562,04/10/2016,47,49,67,80,84,85,21,26
2563,06/10/2016,2,12,26,52,59,80,16,04
2564,08/10/2016,18,25,37,47,62,87,74,51
2565,11/10/2016,11,12,17,53,71,76,90,62
2566,13/10/2016,4,34,39,60,61,77,85,58
2567,15/10/2016,4,7,36,72,78,81,20,40
2568,18/10/2016,24,44,48,61,73,87,88,24
2569,20/10/2016,2,43,65,66,67,90,44,27
2570,22/10/2016,1,6,45,48,64,78,33,32
2571,25/10/2016,4,40,54,65,83,85,73,82
2572,27/10/2016,3,12,23,71,76,83,56,35
2573,29/10/2016,1,7,13,17,40,49,80,46
2574,31/10/2016,3,14,18,25,47,75,72,13
2575,03/11/2016,21,35,56,66,68,79,15,77
2576,05/11/2016,21,22,26,35,47,85,18,83
2577,08/11/2016,31,32,60,75,81,84,62,24
2578,10/11/2016,26,41,50,55,69,86,47,50
2579,12/11/2016,9,12,20,22,75,90,77,44
2580,15/11/2016,9,18,25,31,78,81,33,85
2581,17/11/2016,2,20,23,41,44,59,29,38
2582,19/11/2016,28,29,37,43,51,78,90,44
2583,22/11/2016,8,21,44,77,80,86,62,51
2584,24/11/2016,53,68,75,79,82,84,42,27
2585,26/11/2016,41,42,44,47,68,69,80,05
2586,29/11/2016,5,24,35,49,62,77,90,81
2587,01/12/2016,11,20,31,56,63,72,28,48
2588,03/12/2016,2,10,15,26,68,71,64,47
2589,06/12/2016,24,51,56,64,65,73,34,01
2590,10/12/2016,54,65,66,68,70,85,52,29
2591,12/12/2016,6,39,52,65,68,86,30,66
2592,13/12/2016,17,21,35,48,60,76,23,80
2593,15/12/2016,9,30,31,53,67,86,42,74
2594,17/12/2016,7,15,31,39,41,45,50,14
2595,20/12/2016,10,11,29,47,58,73,43,69
2596,22/12/2016,14,23,24,44,77,86,74,56
2597,24/12/2016,1,19,21,32,48,86,03,05
2598,27/12/2016,13,25,30,57,58,64,14,75
2599,29/12/2016,31,33,38,58,76,85,25,37
2600,31/12/2016,12,14,18,22,28,33,66,16
2601,03/01/2017,9,12,27,32,45,77,03,64
2602,05/01/2017,1,7,21,27,39,78,40,18
2603,07/01/2017,2,8,62,79,81,88,32,35
2604,10/01/2017,1,9,22,25,58,84,12,46
2605,12/01/2017,14,16,30,34,52,73,28,44
2606,14/01/2017,12,17,24,45,67,84,32,64
2607,17/01/2017,16,44,49,57,60,81,51,78
2608,19/01/2017,32,51,74,79,80,81,64,03
2609,21/01/2017,6,55,63,68,76,80,37,21
2610,24/01/2017,63,67,74,77,83,85,21,69
2611,26/01/2017,43,48,49,51,60,75,29,70
2612,28/01/2017,9,13,15,51,73,74,07,14
2613,31/01/2017,14,15,16,43,49,77,08,86
2614,02/02/2017,11,27,56,57,64,66,33,82
2615,04/02/2017,13,18,34,51,62,81,20,67
2616,07/02/2017,2,21,38,74,79,83,88,04
2617,09/02/2017,18,25,35,38,45,75,20,44
2618,11/02/2017,6,9,11,32,63,83,42,80
2619,14/02/2017,9,14,19,35,48,65,02,65
2620,16/02/2017,13,17,26,33,60,78,69,30
2621,18/02/2017,7,13,24,36,37,86,33,61
2622,21/02/2017,4,22,36,60,66,90,11,49
2623,23/02/2017,9,11,21,37,86,90,17,12
2624,25/02/2017,11,17,40,69,84,85,82,62
2625,28/02/2017,19,22,44,45,71,76,03,87
2626,02/03/2017,34,37,52,58,65,89,86,28
2627,04/03/2017,2,11,26,51,64,87,37,37
2628,07/03/2017,8,19,28,33,71,89,17,85
2629,09/03/2017,4,17,39,40,50,58,15,52
2630,11/03/2017,3,6,46,48,63,76,66,71
2631,14/03/2017,16,21,53,74,79,80,27,10
2632,16/03/2017,16,21,31,62,69,85,12,28
2633,18/03/2017,14,41,60,74,79,80,18,79
2634,21/03/2017,32,35,58,63,76,79,14,53
2635,23/03/2017,25,39,48,74,86,89,67,18
2636,25/03/2017,3,50,60,64,85,86,58,76
2637,28/03/2017,3,6,20,54,72,90,71,71
2638,30/03/2017,5,16,40,70,74,76,85,69
2639,01/04/2017,8,46,68,70,76,86,39,66
2640,04/04/2017,3,16,29,34,37,57,62,41
2641,06/04/2017,15,16,21,24,53,89,31,15
2642,08/04/2017,4,6,27,76,80,86,48,43
2643,11/04/2017,5,57,59,69,81,86,77,83
2644,13/04/2017,16,24,56,69,85,87,51,82
2645,15/04/2017,6,20,35,36,55,59,52,31
2646,18/04/2017,18,29,52,74,76,88,31,63
2647,20/04/2017,3,14,52,67,72,82,61,20
2648,22/04/2017,1,4,9,10,36,79,56,83
2649,24/04/2017,8,17,28,35,74,82,13,61
2650,27/04/2017,8,27,54,62,82,83,17,04
2651,29/04/2017,8,14,25,41,79,84,85,70
2652,02/05/2017,28,43,59,60,78,80,02,26
2653,04/05/2017,15,20,33,39,65,75,07,71
2654,06/05/2017,57,60,73,77,82,86,72,51
2655,09/05/2017,3,25,63,70,75,78,65,13
2656,11/05/2017,19,37,45,51,82,83,58,29
2657,13/05/2017,4,15,21,22,44,77,54,84
2658,16/05/2017,29,38,75,79,80,90,67,05
2659,18/05/2017,1,19,47,61,70,87,37,60
2660,20/05/2017,6,37,46,53,73,78,69,84
2661,23/05/2017,10,18,23,34,61,75,35,79
2662,25/05/2017,10,33,40,42,46,77,63,30
2663,27/05/2017,16,34,57,64,65,78,49,47
2664,30/05/2017,21,26,35,59,66,70,69,90
2665,01/06/2017,7,15,27,37,56,58,32,18
2666,03/06/2017,2,22,36,77,83,90,47,64
2667,06/06/2017,7,12,26,46,56,70,13,18
2668,08/06/2017,11,28,32,48,54,59,73,19
2669,10/06/2017,19,54,56,57,67,69,21,79
2670,13/06/2017,41,50,69,71,77,81,26,49
2671,15/06/2017,6,24,28,32,78,83,13,66
2672,17/06/2017,45,48,71,75,80,83,40,17
2673,20/06/2017,38,46,54,76,82,86,17,12
2674,22/06/2017,9,18,24,42,59,71,69,04
2675,24/06/2017,2,18,20,23,30,75,26,41
2676,27/06/2017,9,14,62,64,78,82,24,41
2677,29/06/2017,16,19,38,40,58,79,26,50
2678,01/07/2017,15,20,45,59,81,85,72,80
2679,04/07/2017,21,37,58,75,81,85,12,11
2680,06/07/2017,36,37,46,48,51,74,54,19
2681,08/07/2017,6,8,32,54,80,82,75,62
2682,11/07/2017,6,12,38,42,49,83,53,42
2683,13/07/2017,2,11,26,62,74,78,88,63
2684,15/07/2017,27,37,44,47,73,86,68,50
2685,18/07/2017,17,34,42,47,75,85,49,36
2686,20/07/2017,22,32,45,60,61,80,67,46
2687,22/07/2017,6,22,26,33,51,88,68,87
2688,25/07/2017,4,29,30,47,52,59,79,73
2689,27/07/2017,5,15,52,60,77,84,28,10
2690,29/07/2017,5,11,58,75,78,81,79,21
2691,01/08/2017,1,8,28,54,82,90,05,25
2692,03/08/2017,20,25,39,49,69,71,02,71
2693,05/08/2017,14,19,50,69,75,90,67,18
2694,08/08/2017,17,24,33,41,63,66,83,62
2695,10/08/2017,3,5,24,41,48,80,71,30
2696,12/08/2017,6,17,32,40,44,67,21,30
2697,14/08/2017,34,44,46,47,64,88,72,83
2698,17/08/2017,22,28,46,52,69,86,68,47
2699,19/08/2017,18,29,34,47,48,60,25,45
2700,22/08/2017,34,46,50,52,67,86,58,23
2701,24/08/2017,40,45,54,72,85,88,50,79
2702,26/08/2017,28,29,36,54,55,68,08,53
2703,29/08/2017,21,23,54,73,84,88,33,01
2704,31/08/2017,5,29,32,33,72,89,70,26
2705,02/09/2017,2,49,57,60,71,77,40,11
2706,05/09/2017,7,12,66,68,73,76,59,44
2707,07/09/2017,11,29,64,68,70,85,48,17
2708,09/09/2017,29,39,49,56,83,85,11,73
2709,12/09/2017,7,10,25,26,37,68,41,04
2710,14/09/2017,18,25,29,30,33,69,38,89
2711,16/09/2017,22,35,36,55,63,86,47,03
2712,19/09/2017,38,45,46,55,65,73,53,64
2713,21/09/2017,13,16,27,48,67,77,08,45
2714,23/09/2017,8,46,48,69,72,81,66,23
2715,26/09/2017,13,18,19,46,58,60,57,10
2716,28/09/2017,6,15,39,68,80,89,60,50
2717,30/09/2017,7,12,21,22,39,90,71,45
2718,03/10/2017,6,21,38,48,79,90,35,23
2719,05/10/2017,14,33,48,61,65,80,46,79
2720,07/10/2017,14,17,35,37,55,83,43,55
2721,10/10/2017,4,26,52,65,66,72,01,87
2722,12/10/2017,9,16,19,35,41,59,68,72
2723,14/10/2017,2,13,50,75,85,90,44,01
2724,17/10/2017,10,17,30,55,62,78,76,06
2725,19/10/2017,16,17,58,66,71,72,12,57
2726,21/10/2017,21,22,31,32,33,81,48,04
2727,24/10/2017,6,45,47,61,74,80,32,61
2728,26/10/2017,14,38,43,57,65,72,30,51
2729,28/10/2017,7,11,17,28,32,79,80,41
2730,31/10/2017,19,24,35,69,80,89,62,89
2731,02/11/2017,11,31,46,48,65,68,28,76
2732,04/11/2017,6,7,8,38,45,78,26,55
2733,07/11/2017,2,6,34,69,77,86,15,12
2734,09/11/2017,8,12,41,42,46,51,67,73
2735,11/11/2017,16,31,33,51,75,80,21,74
2736,14/11/2017,1,11,40,45,46,57,60,59
2737,16/11/2017,2,12,16,26,51,73,46,32
2738,18/11/2017,3,16,24,27,44,88,80,01
2739,21/11/2017,32,40,41,47,56,72,58,59
2740,23/11/2017,14,38,40,51,53,64,71,36
2741,25/11/2017,16,20,22,42,54,62,52,06
2742,28/11/2017,27,28,48,61,87,88,86,80
2743,30/11/2017,5,17,19,33,43,63,15,03
2744,02/12/2017,4,12,25,27,35,69,67,78
2745,05/12/2017,10,34,45,63,81,83,41,88
2746,07/12/2017,14,15,65,68,82,85,42,88
2747,09/12/2017,21,24,48,51,60,82,88,34
2748,12/12/2017,2,30,44,52,58,69,76,64
2749,14/12/2017,25,33,39,59,72,74,22,69
2750,16/12/2017,3,7,53,65,66,73,11,65
2751,18/12/2017,24,55,71,73,85,90,02,41
2752,19/12/2017,22,39,43,65,77,89,18,49
2753,21/12/2017,12,25,50,59,67,88,24,22
2754,23/12/2017,35,39,48,71,88,89,10,04
2755,28/12/2017,10,28,33,43,50,80,34,21
2756,30/12/2017,6,17,23,46,52,53,85,52
2757,02/01/2018,1,19,26,44,61,89,84,64
2758,04/01/2018,5,19,28,43,58,82,01,18
2759,08/01/2018,15,18,24,33,48,64,58,31
2760,09/01/2018,8,69,70,84,88,90,53,60
2761,11/01/2018,3,25,28,37,71,82,75,36
2762,13/01/2018,2,10,41,49,56,71,36,33
2763,16/01/2018,9,29,51,53,74,76,28,12
2764,18/01/2018,29,43,46,50,85,86,39,68
2765,20/01/2018,27,48,50,74,76,84,19,61
2766,23/01/2018,2,5,24,32,47,62,17,07
2767,25/01/2018,15,38,48,52,66,71,39,07
2768,27/01/2018,5,24,68,72,78,85,32,12
2769,30/01/2018,22,39,47,49,77,89,80,49
2770,01/02/2018,20,45,51,63,85,89,02,48
2771,03/02/2018,1,8,19,28,34,87,43,11
2772,06/02/2018,4,8,16,35,36,74,31,35
2773,08/02/2018,24,25,30,43,47,90,77,83
2774,10/02/2018,7,31,35,57,88,89,87,65
2775,13/02/2018,3,11,38,53,70,71,27,24
2776,15/02/2018,5,17,34,40,78,82,60,78
2777,17/02/2018,5,17,37,40,55,79,31,66
2778,20/02/2018,17,25,52,55,67,75,90,57
2779,22/02/2018,9,40,45,70,76,81,39,28
2780,24/02/2018,10,44,48,62,68,83,61,68
2781,27/02/2018,48,56,66,83,86,89,06,67
2782,01/03/2018,9,23,57,72,77,82,64,32
2783,03/03/2018,2,19,62,74,81,83,56,39
2784,06/03/2018,12,36,45,46,67,75,66,86
2785,08/03/2018,22,50,52,65,66,89,57,69
2786,10/03/2018,11,15,42,64,82,84,05,78
2787,13/03/2018,19,33,42,65,78,85,74,51
2788,15/03/2018,2,13,17,31,45,69,87,78
2789,17/03/2018,7,35,52,85,88,90,72,87
2790,20/03/2018,9,20,33,43,44,48,08,55
2791,22/03/2018,20,23,29,37,39,72,44,59
2792,24/03/2018,2,24,42,62,66,81,36,47
2793,27/03/2018,10,16,35,63,73,83,20,66
2794,29/03/2018,11,15,32,35,52,56,05,09
2795,31/03/2018,1,6,7,9,45,79,80,17
2796,03/04/2018,30,45,47,49,71,90,29,82
2797,05/04/2018,7,27,55,63,73,77,33,37
2798,07/04/2018,3,20,47,55,81,83,28,85
2799,10/04/2018,27,35,46,68,72,82,81,03
2800,12/04/2018,8,28,34,38,47,54,07,21
2801,14/04/2018,1,10,31,44,58,80,70,42
2802,17/04/2018,12,23,39,54,72,73,53,75
2803,19/04/2018,5,17,20,44,62,80,48,22
2804,21/04/2018,11,43,68,72,79,85,71,51
2805,24/04/2018,31,41,44,67,75,82,39,05
2806,26/04/2018,44,52,64,66,67,71,83,82
2807,28/04/2018,2,25,41,42,74,87,13,54
2808,30/04/2018,6,10,26,47,60,75,78,29
2809,03/05/2018,9,19,31,39,77,82,22,15
2810,05/05/2018,6,14,19,59,79,81,65,44
2811,08/05/2018,17,18,41,57,58,75,83,52
2812,10/05/2018,41,62,77,79,81,84,60,55
2813,12/05/2018,29,49,50,56,64,78,89,51
2814,15/05/2018,3,10,38,52,65,71,01,49
2815,17/05/2018,16,33,34,74,79,80,64,73
2816,19/05/2018,40,51,55,56,74,81,35,63
2817,22/05/2018,12,13,19,37,62,72,40,54
2818,24/05/2018,1,27,31,58,83,87,86,51
2819,26/05/2018,20,27,32,55,69,90,60,58
2820,29/05/2018,19,28,42,49,68,83,20,67
2821,31/05/2018,9,57,64,66,69,86,02,82
2822,04/06/2018,45,56,66,74,77,88,47,65
2823,05/06/2018,6,10,11,21,71,75,26,14
2824,07/06/2018,33,39,47,64,67,76,31,51
2825,09/06/2018,13,32,41,51,61,86,42,77
2826,12/06/2018,1,12,31,33,44,50,48,07
2827,14/06/2018,5,37,51,65,79,81,30,49
2828,16/06/2018,2,9,15,22,47,65,86,78
2829,19/06/2018,1,7,25,40,68,75,84,89
2830,21/06/2018,6,11,37,42,58,62,26,23
2831,23/06/2018,4,17,29,55,67,70,72,49
2832,26/06/2018,2,6,37,39,51,86,07,32
2833,28/06/2018,28,36,55,76,81,89,16,28
2834,30/06/2018,9,13,23,32,45,54,80,08
2835,03/07/2018,28,33,38,41,66,72,31,03
2836,05/07/2018,11,19,27,41,61,83,03,13
2837,07/07/2018,3,51,55,64,77,79,34,01
2838,10/07/2018,27,41,50,60,63,81,90,77
2839,12/07/2018,3,13,18,24,74,89,34,40
2840,14/07/2018,2,9,14,19,27,77,75,41
2841,17/07/2018,30,35,44,60,72,76,23,46
2842,19/07/2018,11,38,47,71,76,77,43,52
2843,21/07/2018,22,36,38,56,59,67,52,83
2844,24/07/2018,7,29,37,43,72,79,30,37
2845,26/07/2018,21,34,53,72,80,84,73,76
2846,28/07/2018,10,19,47,67,68,75,40,71
2847,31/07/2018,23,32,49,53,61,85,87,51
2848,02/08/2018,5,6,41,44,65,74,61,20
2849,04/08/2018,23,39,53,56,64,84,22,90
2850,07/08/2018,11,18,21,23,55,66,26,86
2851,09/08/2018,31,32,46,54,73,90,47,02
2852,11/08/2018,14,57,73,79,82,84,83,42
2853,14/08/2018,21,43,45,57,67,83,37,83
2854,16/08/2018,2,10,12,21,22,50,03,36
2855,18/08/2018,7,14,27,66,70,81,76,59
2856,21/08/2018,2,16,30,39,51,79,57,80
2857,23/08/2018,14,23,32,34,40,80,73,22
2858,25/08/2018,42,44,54,68,69,81,70,82
2859,28/08/2018,1,26,39,43,73,89,55,17
2860,30/08/2018,16,28,29,55,63,69,46,46
2861,01/09/2018,1,4,19,23,55,68,28,13
2862,04/09/2018,18,25,47,51,70,83,02,07
2863,06/09/2018,2,23,34,52,76,87,58,86
2864,08/09/2018,7,25,32,39,59,86,27,81
2865,11/09/2018,59,61,63,65,71,84,12,23
2866,13/09/2018,16,23,29,49,57,76,30,77
2867,15/09/2018,3,26,34,61,84,87,67,89
2868,18/09/2018,2,24,31,42,47,55,40,34
2869,20/09/2018,15,18,56,67,72,74,06,05
2870,22/09/2018,12,16,29,45,82,85,89,04
2871,25/09/2018,17,24,57,64,70,89,76,27
2872,27/09/2018,21,37,46,56,65,77,76,80
2873,29/09/2018,34,54,77,80,81,87,18,70
2874,02/10/2018,3,7,18,47,64,82,84,84
2875,04/10/2018,15,30,72,79,86,90,70,76
2876,06/10/2018,27,28,33,75,77,78,20,33
2877,09/10/2018,10,36,49,53,77,85,35,52
2878,11/10/2018,20,23,39,50,62,68,27,46
2879,13/10/2018,14,36,39,46,55,59,64,80
2880,16/10/2018,8,13,25,50,65,72,54,19
2881,18/10/2018,16,23,50,73,80,88,89,63
2882,20/10/2018,4,14,27,38,89,90,57,82
2883,23/10/2018,6,30,49,56,64,81,42,21
2884,25/10/2018,10,21,24,26,29,89,60,10
2885,27/10/2018,3,12,35,51,59,80,34,22
2886,30/10/2018,38,40,43,59,67,72,22,31
2887,03/11/2018,23,35,40,79,86,87,13,85
2888,05/11/2018,8,36,39,40,48,50,68,50
2889,06/11/2018,4,16,24,42,51,84,14,10
2890,08/11/2018,11,15,20,27,45,59,07,85
2891,10/11/2018,9,15,20,46,50,84,03,50
2892,13/11/2018,7,15,22,31,46,50,61,26
2893,15/11/2018,6,12,34,36,40,66,82,77
2894,17/11/2018,3,5,38,53,54,82,09,04
2895,20/11/2018,3,9,43,48,61,83,07,04
2896,22/11/2018,15,24,28,34,56,73,51,32
2897,24/11/2018,30,38,63,68,77,80,45,11
2898,27/11/2018,6,12,15,30,31,89,37,85
2899,29/11/2018,6,22,27,36,62,76,28,35
2900,01/12/2018,7,16,33,54,80,84,18,74
2901,04/12/2018,6,31,37,47,71,78,08,25
2902,06/12/2018,10,30,44,45,47,49,15,74
2903,10/12/2018,7,37,52,73,87,88,44,66
2904,11/12/2018,6,17,32,38,47,90,75,15
2905,13/12/2018,7,9,12,21,30,41,44,19
2906,15/12/2018,5,23,36,42,47,79,56,32
2907,18/12/2018,39,61,68,69,70,86,73,02
2908,20/12/2018,11,49,58,71,76,89,20,24
2909,22/12/2018,4,14,16,51,64,88,65,69
2910,24/12/2018,12,19,36,42,77,87,47,86
2911,27/12/2018,36,43,44,49,78,82,18,25
2912,29/12/2018,24,37,46,49,62,71,53,31
2913,03/01/2019,1,35,52,56,64,70,79,69
2914,05/01/2019,46,52,55,68,76,89,11,51
2915,07/01/2019,3,8,28,45,55,58,01,36
2916,08/01/2019,23,34,38,54,57,87,39,10
2917,10/01/2019,2,39,66,76,86,87,15,67
2918,12/01/2019,16,33,36,62,73,88,48,68
2919,15/01/2019,8,43,51,56,57,87,25,18
2920,17/01/2019,21,26,33,35,63,89,09,20
2921,19/01/2019,1,15,45,48,60,80,02,44
2922,22/01/2019,3,22,79,82,83,88,58,39
2923,24/01/2019,3,19,40,49,60,82,12,62
2924,26/01/2019,17,19,62,72,78,82,46,54
2925,29/01/2019,6,11,29,65,87,90,15,67
2926,31/01/2019,4,21,59,63,65,83,29,04
2927,02/02/2019,37,42,52,80,86,88,45,77
2928,05/02/2019,11,21,34,46,50,86,55,05
2929,07/02/2019,9,26,27,49,54,76,51,09
2930,09/02/2019,5,26,43,52,63,90,06,02
2931,12/02/2019,14,28,64,69,84,90,27,90
2932,14/02/2019,4,30,47,76,78,83,53,65
2933,16/02/2019,10,17,42,59,61,80,65,64
2934,19/02/2019,15,16,32,63,67,70,20,88
2935,21/02/2019,11,16,43,59,87,90,31,39
2936,23/02/2019,5,31,47,60,68,88,62,38
2937,26/02/2019,13,25,27,52,66,75,16,69
2938,28/02/2019,2,11,50,55,79,85,58,31
2939,02/03/2019,19,34,37,40,66,69,25,65
2940,05/03/2019,3,6,16,36,56,82,83,35
2941,07/03/2019,8,42,51,62,80,84,24,85
2942,09/03/2019,9,15,51,70,78,86,17,77
2943,12/03/2019,13,37,58,66,67,88,06,85
2944,14/03/2019,27,28,42,63,78,86,70,33
2945,16/03/2019,49,61,63,77,87,88,13,23
2946,19/03/2019,12,15,38,43,56,85,80,42
2947,21/03/2019,27,32,52,59,69,90,75,62
2948,23/03/2019,21,32,43,63,83,90,25,54
2949,26/03/2019,14,27,45,47,52,84,12,84
2950,28/03/2019,43,53,58,68,83,90,89,04
2951,30/03/2019,1,10,20,28,47,55,06,40
2952,02/04/2019,19,25,30,32,37,60,85,03
2953,04/04/2019,7,29,38,49,66,70,41,58
2954,06/04/2019,41,54,85,87,88,89,71,74
2955,09/04/2019,1,13,28,33,37,65,83,59
2956,11/04/2019,5,10,52,60,85,88,46,05
2957,13/04/2019,16,22,30,40,51,77,39,15
2958,16/04/2019,15,55,58,62,82,90,24,40
2959,18/04/2019,7,10,46,47,73,89,01,60
2960,20/04/2019,5,18,76,87,88,89,17,44
2961,23/04/2019,19,20,32,51,63,79,78,34
2962,27/04/2019,6,17,18,42,64,71,88,15
2963,29/04/2019,8,22,61,65,69,74,86,63
2964,30/04/2019,13,29,31,51,55,72,36,31
2965,02/05/2019,1,28,57,75,82,83,52,87
2966,04/05/2019,4,15,41,52,76,85,14,11
2967,07/05/2019,5,8,21,49,66,90,77,47
2968,09/05/2019,3,17,26,38,54,82,42,32
2969,11/05/2019,9,20,47,58,65,78,25,22
2970,14/05/2019,37,59,69,75,89,90,02,69
2971,16/05/2019,11,25,37,67,75,85,35,51
2972,18/05/2019,31,33,44,57,62,65,25,70
2973,21/05/2019,20,38,76,82,84,87,75,66
2974,23/05/2019,2,8,15,32,72,79,16,80
2975,25/05/2019,33,51,53,59,66,68,43,54
2976,28/05/2019,8,30,33,58,84,89,88,53
2977,30/05/2019,16,33,59,65,69,73,29,87
2978,01/06/2019,17,19,24,46,48,72,56,82
2979,04/06/2019,15,49,63,79,85,86,68,90
2980,06/06/2019,2,15,47,54,78,79,68,77
2981,08/06/2019,15,16,54,64,66,72,44,62
2982,11/06/2019,16,25,36,46,48,58,73,15
2983,13/06/2019,11,22,23,26,32,77,18,06
2984,15/06/2019,4,23,43,47,74,82,73,09
2985,18/06/2019,13,23,63,67,68,81,38,05
2986,20/06/2019,25,26,35,42,65,76,77,84
2987,22/06/2019,35,39,41,69,70,74,89,59
2988,25/06/2019,14,43,61,62,75,85,69,29
2989,27/06/2019,33,34,37,50,68,82,22,39
2990,29/06/2019,6,22,33,45,60,81,68,33
2991,02/07/2019,13,18,37,48,63,67,65,23
2992,04/07/2019,40,42,57,64,80,86,38,57
2993,06/07/2019,6,12,22,25,29,62,90,43
2994,09/07/2019,1,20,26,54,59,74,52,62
2995,11/07/2019,15,26,32,48,66,84,80,39
2996,13/07/2019,3,13,15,36,42,90,06,83
2997,16/07/2019,30,47,48,60,67,90,85,25
2998,18/07/2019,12,22,37,40,51,68,49,38
2999,20/07/2019,2,23,29,51,79,84,67,26
3000,23/07/2019,18,32,34,55,74,79,78,36
3001,25/07/2019,7,20,28,36,55,69,04,88
3002,27/07/2019,13,33,40,61,78,80,66,51
3003,30/07/2019,6,8,16,42,84,87,62,12
3004,01/08/2019,20,30,37,52,82,83,18,52
3005,03/08/2019,6,16,21,27,33,66,01,45
3006,06/08/2019,20,22,27,43,46,72,28,61
3007,08/08/2019,6,10,24,63,66,89,67,23
3008,10/08/2019,10,15,42,57,68,80,25,68
3009,13/08/2019,7,32,41,59,75,76,21,11
3010,17/08/2019,8,13,31,37,39,46,54,65
3011,19/08/2019,17,28,57,66,67,71,78,05
3012,20/08/2019,20,35,40,41,79,88,28,35
3013,22/08/2019,1,12,24,42,65,67,39,21
3014,24/08/2019,20,36,40,42,63,86,17,04
3015,27/08/2019,4,15,34,37,47,73,26,54
3016,29/08/2019,21,37,45,53,83,84,02,41
3017,31/08/2019,31,35,52,59,60,75,51,09
3018,03/09/2019,18,29,39,58,59,76,53,37
3019,05/09/2019,7,26,31,34,52,54,32,21
3020,07/09/2019,9,29,43,66,70,84,52,01
3021,10/09/2019,15,16,21,49,50,83,20,22
3022,12/09/2019,12,17,20,62,80,88,26,28
3023,14/09/2019,1,7,10,40,52,59,47,85
3024,17/09/2019,9,18,26,43,60,79,57,35
3025,19/09/2019,38,50,53,56,65,76,86,12
3026,21/09/2019,31,36,44,47,50,56,17,46
3027,24/09/2019,7,45,55,60,81,89,25,29
3028,26/09/2019,17,20,42,44,83,90,18,37
3029,28/09/2019,37,49,66,75,77,82,31,08
3030,01/10/2019,11,59,63,73,84,89,62,27
3031,03/10/2019,4,5,31,35,46,80,77,34
3032,05/10/2019,20,38,52,58,68,72,45,79
3033,08/10/2019,25,35,47,70,79,87,83,54
3034,10/10/2019,9,12,29,42,65,75,84,86
3035,12/10/2019,5,33,40,45,79,90,78,04
3036,15/10/2019,5,38,45,54,59,65,78,17
3037,17/10/2019,10,29,33,55,65,72,47,06
3038,19/10/2019,15,30,75,76,77,79,11,73
3039,22/10/2019,9,28,40,77,79,81,04,28
3040,24/10/2019,18,51,53,57,82,87,01,18
3041,26/10/2019,8,12,13,14,51,83,74,01
3042,29/10/2019,21,32,47,61,67,68,25,69
3043,31/10/2019,35,41,53,60,65,80,86,16
3044,02/11/2019,10,19,30,68,78,80,31,74
3045,05/11/2019,32,56,64,65,87,90,71,57
3046,07/11/2019,4,9,37,48,49,77,41,39
3047,09/11/2019,1,21,43,51,81,88,60,20
3048,12/11/2019,14,15,51,55,61,73,04,79
3049,14/11/2019,33,52,57,72,76,81,77,71
3050,16/11/2019,7,29,31,58,65,86,18,61
3051,19/11/2019,19,26,56,74,77,82,17,02
3052,21/11/2019,23,29,35,50,57,60,15,32
3053,23/11/2019,12,29,52,61,72,79,57,73
3054,26/11/2019,21,22,35,63,76,79,38,60
3055,28/11/2019,7,16,17,50,52,74,68,61
3056,30/11/2019,2,21,47,52,66,77,09,73
3057,03/12/2019,4,5,8,22,48,83,47,66
3058,05/12/2019,16,25,52,59,64,74,37,74
3059,07/12/2019,11,21,44,67,77,80,33,69
3060,10/12/2019,11,37,40,42,58,82,69,05
3061,12/12/2019,11,25,39,48,51,71,88,19
3062,14/12/2019,8,10,43,52,60,83,84,61
3063,17/12/2019,4,8,37,44,86,88,56,62
3064,19/12/2019,3,14,25,43,74,80,62,80
3065,21/12/2019,9,28,36,50,66,90,71,56
3066,23/12/2019,17,30,45,56,87,89,18,76
3067,24/12/2019,44,48,55,67,82,90,54,72
3068,28/12/2019,3,8,16,28,42,65,75,63
3069,31/12/2019,3,32,36,43,62,80,13,89
3070,02/01/2020,5,45,63,64,78,85,04,89
3071,04/01/2020,23,30,37,44,57,80,26,56
3072,07/01/2020,2,23,60,66,72,78,19,53
3073,09/01/2020,5,14,54,55,66,78,52,45
3074,11/01/2020,34,36,38,63,72,81,18,63
3075,14/01/2020,1,6,9,32,68,85,79,62
3076,16/01/2020,22,29,50,53,72,83,77,85
3077,18/01/2020,26,28,32,50,79,87,01,72
3078,21/01/2020,6,32,46,53,70,75,62,09
3079,23/01/2020,15,20,23,69,72,81,87,79
3080,25/01/2020,11,16,17,35,68,90,76,47
3081,28/01/2020,16,21,33,50,57,89,52,26
3082,30/01/2020,8,46,53,62,77,84,51,38
3083,01/02/2020,22,25,45,46,48,88,24,56
3084,04/02/2020,21,29,34,64,72,79,14,82
3085,06/02/2020,3,20,29,49,65,82,31,70
3086,08/02/2020,15,32,54,56,61,85,10,63
3087,11/02/2020,16,24,45,68,72,81,20,02
3088,13/02/2020,4,15,43,69,74,84,49,36
3089,15/02/2020,13,26,40,55,65,86,09,48
3090,18/02/2020,26,45,58,69,72,82,09,49
3091,20/02/2020,20,36,55,69,80,85,58,03
3092,22/02/2020,1,28,57,58,60,68,50,31
3093,25/02/2020,10,15,23,54,73,74,63,26
3094,27/02/2020,17,51,60,71,75,79,58,85
3095,29/02/2020,9,35,44,50,73,78,85,06
3096,03/03/2020,5,11,19,26,36,64,01,78
3097,05/03/2020,13,40,48,67,69,85,65,43
3098,07/03/2020,11,13,31,41,85,87,12,37
3099,10/03/2020,8,35,41,43,57,80,42,17
3100,12/03/2020,19,22,41,46,56,86,13,56
3101,14/03/2020,1,13,18,47,68,75,46,84
3102,17/03/2020,17,29,30,49,63,65,15,27
3103,19/03/2020,7,11,17,28,29,50,41,59
3104,21/03/2020,5,13,38,39,52,59,74,90
3105,05/05/2020,39,43,58,73,83,86,35,06
3106,07/05/2020,22,35,45,52,57,75,15,12
3107,09/05/2020,34,45,59,66,70,78,21,05
3108,12/05/2020,21,38,55,60,65,85,66,71
3109,14/05/2020,12,17,20,54,61,80,39,17
3110,16/05/2020,2,7,71,78,84,87,80,56
3111,19/05/2020,26,41,51,62,66,85,40,31
3112,21/05/2020,3,21,44,69,73,81,20,12
3113,23/05/2020,5,15,61,75,82,86,36,40
3114,26/05/2020,10,23,27,46,68,74,66,31
3115,28/05/2020,16,29,31,73,76,82,26,02
3116,30/05/2020,3,27,46,52,70,74,48,04
3117,01/06/2020,9,28,49,65,76,81,08,47
3118,04/06/2020,5,16,23,30,40,71,10,56
3119,06/06/2020,4,21,37,45,50,79,76,05
3120,09/06/2020,8,14,30,58,71,87,70,79
3121,11/06/2020,1,7,23,47,68,69,79,33
3122,13/06/2020,20,42,53,57,62,73,08,89
3123,16/06/2020,1,11,39,59,68,74,37,16
3124,18/06/2020,4,6,15,35,67,73,36,35
3125,20/06/2020,16,29,39,55,63,86,84,51
3126,23/06/2020,40,44,52,59,66,69,24,14
3127,25/06/2020,14,35,41,51,84,85,78,49
3128,27/06/2020,13,33,35,60,78,81,11,52
3129,30/06/2020,6,7,57,61,79,89,63,03
3130,02/07/2020,12,33,42,56,78,79,88,79
3131,04/07/2020,33,38,46,59,65,73,28,47
3132,07/07/2020,16,24,29,53,73,88,62,50
3133,09/07/2020,1,10,26,40,64,88,79,16
3134,11/07/2020,6,10,19,20,40,67,75,87
3135,14/07/2020,17,35,70,71,74,82,22,79
3136,16/07/2020,35,39,40,64,67,75,74,05
3137,18/07/2020,18,33,49,76,80,84,12,83
3138,21/07/2020,4,34,46,54,55,62,10,82
3139,23/07/2020,10,29,37,49,56,57,24,68
3140,25/07/2020,18,30,42,70,78,80,01,84
3141,28/07/2020,23,45,49,71,80,82,61,76
3142,30/07/2020,4,15,19,26,28,55,58,02
3143,01/08/2020,4,14,17,18,26,45,06,56
3144,04/08/2020,5,19,21,25,45,82,59,43
3145,06/08/2020,21,37,40,46,69,80,03,65
3146,08/08/2020,6,16,22,55,58,83,51,32
3147,11/08/2020,7,9,38,68,78,80,26,45
3148,13/08/2020,4,5,49,57,66,75,36,77
3149,17/08/2020,5,9,26,62,77,79,87,72
3150,18/08/2020,13,22,28,58,65,77,06,24
3151,20/08/2020,7,17,30,39,41,67,32,70
3152,22/08/2020,7,12,45,47,73,87,83,72
3153,25/08/2020,15,24,31,70,83,84,76,89
3154,27/08/2020,37,49,52,53,75,87,29,30
3155,29/08/2020,1,3,35,42,55,61,25,17
3156,01/09/2020,10,22,28,45,48,71,53,84
3157,03/09/2020,16,17,38,39,68,84,29,07
3158,05/09/2020,7,14,27,56,72,83,16,03
3159,08/09/2020,23,27,28,31,69,89,24,85
3160,10/09/2020,46,48,67,78,80,87,23,56
3161,12/09/2020,6,15,36,42,67,78,02,11
3162,15/09/2020,2,9,44,47,52,54,16,18
3163,17/09/2020,9,29,35,47,53,85,71,48
3164,19/09/2020,6,12,14,27,39,73,87,66
3165,22/09/2020,4,15,37,48,55,69,31,56
3166,24/09/2020,10,13,28,77,86,89,14,01
3167,26/09/2020,4,16,38,70,86,88,61,46
3168,29/09/2020,25,33,53,76,81,90,75,72
3169,01/10/2020,7,31,38,52,61,75,51,19
3170,03/10/2020,5,17,59,61,70,79,52,11
3171,06/10/2020,8,55,67,73,74,89,83,18
3172,08/10/2020,8,35,51,60,63,75,79,58
3173,10/10/2020,12,15,19,24,46,73,67,46
3174,13/10/2020,47,56,58,60,79,85,20,65
3175,15/10/2020,29,38,47,61,68,86,36,59
3176,17/10/2020,24,28,34,55,62,87,36,38
3177,20/10/2020,24,29,36,43,50,51,69,21
3178,22/10/2020,1,16,21,36,37,43,27,44
3179,24/10/2020,17,19,28,41,49,86,25,88
3180,27/10/2020,19,26,49,53,55,77,51,57
3181,29/10/2020,9,32,41,43,44,84,28,46
3182,31/10/2020,22,31,35,40,65,82,36,51
3183,03/11/2020,18,39,45,48,53,64,55,11
3184,05/11/2020,5,10,18,24,69,85,65,50
3185,07/11/2020,1,2,61,69,70,82,56,05
3186,10/11/2020,13,34,38,41,76,88,18,17
3187,12/11/2020,13,35,37,58,60,88,57,19
3188,14/11/2020,3,30,47,67,68,89,38,46
3189,17/11/2020,7,18,20,32,45,55,75,41
3190,19/11/2020,6,13,47,49,69,86,83,02
3191,21/11/2020,6,24,37,55,76,82,20,11
3192,24/11/2020,9,15,16,23,57,76,19,56
3193,26/11/2020,2,9,39,52,67,76,78,37
3194,28/11/2020,12,29,61,81,87,90,20,77
3195,01/12/2020,21,30,32,62,78,80,36,21
3196,03/12/2020,22,33,43,48,87,89,17,75
3197,05/12/2020,26,32,39,40,57,65,04,15
3198,07/12/2020,1,6,20,25,70,90,89,45
3199,10/12/2020,1,6,25,42,75,80,41,63
3200,12/12/2020,11,14,18,59,64,85,01,84
3201,15/12/2020,10,16,47,51,80,85,04,23
3202,17/12/2020,5,9,12,14,26,37,55,29
3203,19/12/2020,36,39,45,50,62,66,47,69
3204,22/12/2020,15,16,22,46,51,72,08,29
3205,24/12/2020,22,25,31,79,87,90,38,73
3206,28/12/2020,8,25,39,54,59,84,85,14
3207,29/12/2020,15,22,38,51,60,74,86,50
3208,31/12/2020,7,14,20,66,68,79,76,60
3209,02/01/2021,35,37,50,75,77,81,05,30
3210,05/01/2021,12,19,30,60,71,78,79,06
3211,07/01/2021,15,33,48,49,56,88,16,55
3212,09/01/2021,14,16,35,47,58,64,40,20
3213,12/01/2021,5,19,21,33,61,90,43,52
3214,14/01/2021,24,50,53,54,62,88,61,72
3215,16/01/2021,9,26,57,66,81,83,63,65
3216,19/01/2021,2,27,28,38,43,65,60,72
3217,21/01/2021,15,17,38,40,45,65,84,45
3218,23/01/2021,3,19,27,35,63,89,29,57
3219,26/01/2021,34,39,45,51,60,89,18,52
3220,28/01/2021,18,29,40,44,46,53,67,39
3221,30/01/2021,27,35,42,48,56,65,44,81
3222,02/02/2021,28,41,54,67,78,86,29,06
3223,04/02/2021,5,19,27,35,40,82,66,53
3224,06/02/2021,36,49,50,61,66,76,82,87
3225,09/02/2021,7,8,19,33,40,48,54,40
3226,11/02/2021,5,34,47,60,69,70,64,21
3227,13/02/2021,36,39,46,58,63,77,57,65
3228,16/02/2021,9,19,30,52,61,76,54,30
3229,18/02/2021,28,52,56,62,66,72,58,13
3230,20/02/2021,3,18,25,31,65,75,29,65
3231,23/02/2021,7,37,42,57,59,87,15,17
3232,25/02/2021,13,26,42,71,72,73,62,30
3233,27/02/2021,10,37,42,69,72,86,85,02
3234,02/03/2021,3,32,39,56,77,89,90,82
3235,04/03/2021,2,4,13,45,51,77,05,64
3236,06/03/2021,4,36,43,61,72,89,22,29
3237,09/03/2021,8,15,20,52,54,72,81,79
3238,11/03/2021,9,31,51,68,84,90,33,41
3239,13/03/2021,28,29,43,59,70,79,52,79
3240,16/03/2021,28,43,48,65,84,89,09,02
3241,18/03/2021,11,38,51,58,62,63,47,56
3242,20/03/2021,6,10,57,71,74,83,39,40
3243,23/03/2021,2,11,13,45,66,72,25,84
3244,25/03/2021,15,28,30,52,75,86,37,32
3245,27/03/2021,16,19,41,72,78,82,70,46
3246,30/03/2021,10,25,41,58,78,87,73,33
3247,01/04/2021,22,37,57,62,83,90,03,87
3248,03/04/2021,1,39,53,60,75,76,36,08
3249,06/04/2021,7,27,73,77,78,89,26,41
3250,08/04/2021,19,29,35,49,66,81,61,87
3251,10/04/2021,9,27,67,80,87,89,65,18
3252,13/04/2021,1,36,48,63,68,87,23,36
3253,15/04/2021,12,33,44,71,72,80,69,12
3254,17/04/2021,7,20,63,68,74,88,13,11
3255,20/04/2021,1,32,48,58,68,75,59,10
3256,22/04/2021,8,11,46,47,72,81,68,80
3257,24/04/2021,10,20,21,29,34,44,58,33
3258,27/04/2021,41,49,56,58,60,68,59,79
3259,29/04/2021,14,62,64,66,76,87,79,48
3260,03/05/2021,15,18,40,43,57,72,39,12
3261,04/05/2021,6,43,48,60,75,85,01,02
3262,06/05/2021,5,28,38,55,79,89,31,26
3263,08/05/2021,37,38,44,45,60,65,66,10
3264,11/05/2021,23,30,50,59,60,83,16,86
3265,13/05/2021,4,13,20,51,69,82,09,27
3266,15/05/2021,15,36,49,59,60,62,77,20
3267,18/05/2021,10,11,15,19,47,78,68,90
3268,20/05/2021,27,31,36,39,46,67,19,88
3269,22/05/2021,1,7,37,43,63,81,34,26
3270,25/05/2021,5,39,45,49,59,71,04,09
3271,27/05/2021,24,38,81,86,88,89,54,71
3272,29/05/2021,23,31,62,71,74,77,08,80
3273,01/06/2021,9,21,27,41,45,53,66,27
3274,03/06/2021,17,27,40,72,86,87,48,02
3275,05/06/2021,53,73,75,83,84,85,27,76
3276,08/06/2021,2,9,11,72,76,86,67,79
3277,10/06/2021,27,37,42,44,76,83,50,25
3278,12/06/2021,2,9,27,54,69,78,16,62
3279,15/06/2021,10,14,25,43,54,65,11,79
3280,17/06/2021,20,33,39,42,43,78,40,49
3281,19/06/2021,1,3,41,55,84,85,47,87
3282,22/06/2021,30,51,56,59,65,68,83,40
3283,24/06/2021,40,43,56,59,63,88,25,02
3284,26/06/2021,28,39,44,57,61,88,43,26
3285,29/06/2021,10,30,52,53,66,87,77,20
3286,01/07/2021,8,11,44,86,88,89,31,08
3287,03/07/2021,42,45,52,65,70,85,67,61
3288,06/07/2021,11,15,20,40,69,73,65,48
3289,08/07/2021,21,24,25,61,73,74,58,24
3290,10/07/2021,8,13,16,27,32,62,04,31
3291,13/07/2021,58,68,70,74,76,89,03,74
3292,15/07/2021,2,25,37,54,57,87,80,77
3293,17/07/2021,6,37,64,71,85,87,16,23
3294,20/07/2021,28,34,49,65,79,90,01,80
3295,22/07/2021,1,6,10,61,63,64,15,37
3296,24/07/2021,21,25,40,50,71,87,22,18
3297,27/07/2021,1,6,24,36,82,83,58,78
3298,29/07/2021,3,14,21,31,84,89,45,68
3299,31/07/2021,14,22,36,47,59,61,35,56
3300,03/08/2021,14,55,65,68,78,88,36,82
3301,05/08/2021,28,37,41,44,52,84,86,12
3302,07/08/2021,1,7,34,37,45,49,57,57
3303,10/08/2021,14,16,47,49,53,56,22,59
3304,12/08/2021,17,55,59,61,62,90,21,72
3305,14/08/2021,53,64,72,74,87,89,39,04
3306,17/08/2021,2,3,10,38,64,70,69,39
3307,19/08/2021,3,4,31,80,81,87,53,53
3308,21/08/2021,8,19,35,59,86,90,33,53
3309,24/08/2021,12,27,43,48,63,66,18,22
3310,26/08/2021,17,21,32,40,55,76,89,04
3311,28/08/2021,44,54,56,63,76,77,61,75
3312,31/08/2021,3,5,10,44,76,77,19,71
3313,02/09/2021,5,15,39,72,76,80,12,06
3314,04/09/2021,7,60,68,71,79,80,53,68
3315,07/09/2021,7,20,21,31,67,89,63,89
3316,09/09/2021,6,58,64,73,76,86,59,45
3317,11/09/2021,1,30,36,49,75,85,33,73
3318,14/09/2021,3,14,42,52,69,81,63,03
3319,16/09/2021,12,16,40,46,47,83,57,16
3320,18/09/2021,22,56,60,73,76,80,81,04
3321,21/09/2021,5,6,29,59,68,74,54,53
3322,23/09/2021,8,21,38,42,49,51,02,58
3323,25/09/2021,11,19,61,62,75,76,43,24
3324,28/09/2021,14,18,19,33,34,80,48,19
3325,30/09/2021,7,32,33,36,45,47,43,19
3326,02/10/2021,9,19,40,62,67,71,52,58
3327,05/10/2021,21,40,62,66,73,85,58,67
3328,07/10/2021,15,18,22,26,66,77,67,78
3329,09/10/2021,7,9,70,72,77,86,53,20
3330,12/10/2021,46,53,55,60,64,90,77,72
3331,14/10/2021,8,14,25,59,60,88,27,31
3332,16/10/2021,32,41,50,57,67,89,13,90
3333,19/10/2021,21,28,38,42,66,88,60,06
3334,21/10/2021,9,10,26,27,77,86,16,23
3335,23/10/2021,1,11,12,15,20,83,46,80
3336,26/10/2021,20,24,25,49,57,68,16,53
3337,28/10/2021,2,25,34,67,73,77,36,11
3338,30/10/2021,20,31,41,43,48,79,26,46
3339,02/11/2021,22,27,51,55,77,86,33,42
3340,04/11/2021,22,25,38,41,61,68,24,03
3341,06/11/2021,6,21,56,63,81,85,51,61
3342,09/11/2021,3,6,14,17,54,60,83,78
3343,11/11/2021,4,23,52,65,79,88,37,53
3344,13/11/2021,13,40,60,66,73,75,23,49
3345,16/11/2021,7,17,19,38,66,71,90,35
3346,18/11/2021,22,24,38,42,44,87,67,13
3347,20/11/2021,7,48,58,60,86,87,55,22
3348,23/11/2021,6,17,23,24,43,72,81,30
3349,25/11/2021,6,45,61,82,84,88,16,36
3350,27/11/2021,24,30,38,47,48,78,08,57
3351,30/11/2021,11,34,44,64,75,82,48,05
3352,02/12/2021,15,24,48,60,70,89,34,17
3353,04/12/2021,37,43,68,72,76,85,27,11
3354,07/12/2021,9,12,23,38,59,88,76,18
3355,09/12/2021,10,48,70,75,79,83,82,77
3356,11/12/2021,7,17,45,64,76,81,42,72
3357,14/12/2021,35,59,64,65,68,73,50,49
3358,16/12/2021,12,35,37,41,75,76,16,13
3359,18/12/2021,6,31,44,57,73,77,61,80
3360,21/12/2021,30,49,61,62,79,87,63,48
3361,23/12/2021,11,15,17,37,54,89,08,38
3362,27/12/2021,6,10,11,41,61,80,76,47
3363,28/12/2021,13,19,47,70,77,83,31,59
3364,30/12/2021,10,20,40,55,68,86,26,76
3365,03/01/2022,9,47,50,67,73,74,85,49
3366,04/01/2022,5,18,59,78,81,89,10,09
3367,08/01/2022,35,42,49,63,68,78,01,33
3368,10/01/2022,3,25,30,58,66,84,72,55
3369,11/01/2022,15,22,24,33,38,71,47,45
3370,13/01/2022,10,34,56,66,78,87,52,29
3371,15/01/2022,6,19,48,51,73,89,32,40
3372,18/01/2022,33,34,43,46,49,66,87,78
3373,20/01/2022,32,33,37,53,77,79,76,61
3374,22/01/2022,5,13,27,37,50,59,76,47
3375,25/01/2022,4,13,16,21,23,50,63,79
3376,27/01/2022,30,53,63,74,83,88,44,27
3377,29/01/2022,1,23,63,79,82,89,68,52
3378,01/02/2022,5,10,29,31,47,58,34,44
3379,03/02/2022,21,26,28,35,65,77,46,60
3380,05/02/2022,30,39,48,55,76,81,82,11
3381,08/02/2022,36,38,57,62,64,81,68,28
3382,10/02/2022,25,35,51,52,58,59,82,71
3383,12/02/2022,14,22,27,47,68,77,44,45
3384,15/02/2022,1,9,44,49,60,74,70,38
3385,17/02/2022,36,48,67,77,85,87,38,74
3386,19/02/2022,9,13,15,65,74,81,66,24
3387,22/02/2022,9,15,29,59,64,74,22,16
3388,24/02/2022,16,28,38,52,69,73,17,47
3389,26/02/2022,6,24,38,52,84,87,04,81
3390,01/03/2022,15,44,60,79,81,83,64,64
3391,03/03/2022,31,33,40,43,47,80,02,21
3392,05/03/2022,3,9,58,66,68,80,35,77
3393,08/03/2022,3,15,16,21,31,80,24,70
3394,10/03/2022,18,34,39,47,52,66,22,69
3395,12/03/2022,24,32,41,56,76,80,10,11
3396,15/03/2022,8,22,53,65,75,86,55,44
3397,17/03/2022,14,52,53,54,55,86,34,29
3398,19/03/2022,20,41,61,67,73,83,04,83
3399,22/03/2022,27,30,49,68,74,88,64,11
3400,24/03/2022,15,35,37,48,62,77,28,50
3401,26/03/2022,22,38,74,81,84,89,72,45
3402,29/03/2022,9,32,48,55,68,72,36,68
3403,31/03/2022,15,43,51,59,64,74,11,39
3404,02/04/2022,24,35,45,54,65,68,07,09
3405,05/04/2022,5,21,48,63,83,86,30,70
3406,07/04/2022,11,20,42,43,51,86,71,87
3407,09/04/2022,2,22,27,42,52,89,36,19
3408,12/04/2022,15,27,32,51,74,77,44,22
3409,14/04/2022,5,8,22,38,50,55,12,89
3410,16/04/2022,7,21,25,69,76,77,70,74
3411,19/04/2022,32,41,63,71,76,89,01,24
3412,21/04/2022,17,32,46,49,77,88,48,19
3413,23/04/2022,6,18,23,33,57,71,65,32
3414,26/04/2022,20,44,62,64,67,78,79,40
3415,28/04/2022,24,61,65,67,71,90,14,74
3416,30/04/2022,22,25,34,52,72,85,14,71
3417,03/05/2022,13,24,44,47,66,80,46,81
3418,05/05/2022,25,31,37,38,77,82,43,08
3419,07/05/2022,29,41,43,46,51,81,48,39
3420,10/05/2022,25,37,47,55,73,81,67,05
3421,12/05/2022,21,26,28,54,80,85,04,37
3422,14/05/2022,13,19,39,42,73,83,60,11
3423,17/05/2022,26,29,32,48,65,79,53,61
3424,19/05/2022,2,9,13,39,40,89,06,43
3425,21/05/2022,2,20,25,67,78,80,71,28
3426,24/05/2022,22,24,25,32,46,73,29,62
3427,26/05/2022,10,14,17,32,45,87,18,70
3428,28/05/2022,27,42,55,65,84,90,53,64
3429,31/05/2022,21,34,35,48,63,82,17,14
3430,04/06/2022,2,35,41,43,65,71,12,50
3431,06/06/2022,8,22,31,53,59,86,75,74
3432,07/06/2022,21,31,49,69,77,90,40,22
3433,09/06/2022,4,12,20,32,56,88,25,78
3434,11/06/2022,5,8,18,28,33,59,09,83
3435,14/06/2022,7,34,48,50,53,67,52,52
3436,16/06/2022,31,54,56,60,66,82,29,13
3437,18/06/2022,2,12,16,27,74,78,58,65
3438,21/06/2022,12,16,32,46,60,83,54,52
3439,23/06/2022,34,37,52,55,56,66,79,16
3440,25/06/2022,4,30,42,46,58,89,29,88
3441,28/06/2022,19,32,36,55,71,81,48,64
3442,30/06/2022,6,9,12,16,32,79,26,40
3443,02/07/2022,1,5,25,34,38,66,51,21
3444,05/07/2022,16,17,49,66,82,86,01,67
3445,07/07/2022,17,24,25,35,66,73,54,01
3446,09/07/2022,28,31,41,51,70,83,80,24
3447,12/07/2022,11,56,63,66,68,72,58,68
3448,14/07/2022,3,11,28,39,65,75,48,51
3449,16/07/2022,28,29,38,43,62,71,75,49
3450,19/07/2022,2,17,27,44,78,79,59,01
3451,21/07/2022,7,14,24,43,44,90,66,19
3452,23/07/2022,29,32,46,56,66,90,21,89
3453,26/07/2022,8,31,34,44,56,77,36,09
3454,28/07/2022,19,20,22,54,72,88,50,56
3455,30/07/2022,7,25,28,62,80,87,54,49
3456,02/08/2022,9,25,26,49,68,74,81,59
3457,04/08/2022,20,23,45,66,83,87,16,61
3458,06/08/2022,1,21,29,40,42,58,25,70
3459,09/08/2022,15,25,26,29,38,39,82,41
3460,11/08/2022,6,32,34,56,58,87,23,88
3461,13/08/2022,8,49,62,65,83,88,45,64
3462,16/08/2022,13,19,59,74,81,84,02,51
3463,18/08/2022,5,25,42,51,71,84,38,09
3464,20/08/2022,19,28,31,58,77,85,73,88
3465,23/08/2022,7,44,47,51,52,85,89,72
3466,25/08/2022,33,41,42,84,86,88,38,79
3467,27/08/2022,3,5,15,39,45,80,10,83
3468,30/08/2022,6,11,23,45,57,75,44,45
3469,01/09/2022,2,5,13,19,54,89,40,50
3470,03/09/2022,22,25,30,37,44,76,01,74
3471,06/09/2022,11,13,19,34,49,52,37,27
3472,08/09/2022,18,26,39,50,71,90,41,35
3473,10/09/2022,62,66,68,70,75,83,30,64
3474,13/09/2022,5,9,16,20,23,69,31,46
3475,15/09/2022,27,34,42,59,72,76,25,35
3476,17/09/2022,1,10,14,18,42,60,39,35
3477,20/09/2022,1,38,39,40,50,83,44,09
3478,22/09/2022,15,30,42,65,75,81,72,85
3479,24/09/2022,19,26,35,44,49,65,24,32
3480,27/09/2022,5,22,42,49,62,63,80,36
3481,29/09/2022,6,35,37,46,59,86,84,38
3482,01/10/2022,3,11,14,26,67,82,75,59
3483,04/10/2022,4,9,55,68,80,84,38,55
3484,06/10/2022,10,20,28,62,70,87,59,26
3485,08/10/2022,26,33,41,51,80,84,15,44
3486,11/10/2022,1,33,35,39,46,58,15,48
3487,13/10/2022,4,20,64,65,69,79,81,20
3488,15/10/2022,12,26,34,69,74,83,66,68
3489,18/10/2022,4,5,31,56,57,59,51,75
3490,20/10/2022,6,8,39,65,67,69,32,07
3491,22/10/2022,3,28,31,43,53,59,07,22
3492,25/10/2022,1,19,41,48,68,71,25,45
3493,27/10/2022,27,28,32,40,49,72,53,70
3494,29/10/2022,15,32,66,74,79,86,84,54
3495,31/10/2022,12,17,32,64,81,84,11,05
3496,03/11/2022,10,15,37,40,43,59,05,67
3497,05/11/2022,11,18,41,50,63,74,81,21
3498,08/11/2022,15,31,33,44,46,73,79,03
3499,10/11/2022,10,16,18,34,39,45,87,03
3500,12/11/2022,19,32,51,61,71,82,48,35
3501,15/11/2022,13,21,23,33,48,86,28,01
3502,17/11/2022,3,6,39,48,52,88,09,06
3503,19/11/2022,19,30,44,48,58,72,40,33
3504,22/11/2022,14,22,23,35,41,64,17,14
3505,24/11/2022,25,58,66,78,81,88,76,03
3506,26/11/2022,3,8,42,48,61,72,56,34
3507,29/11/2022,18,33,43,60,61,78,20,52
3508,01/12/2022,4,13,32,54,56,68,67,25
3509,03/12/2022,4,37,38,53,73,79,29,90
3510,06/12/2022,12,21,31,39,70,83,16,59
3511,10/12/2022,29,50,55,56,76,81,09,47
3512,12/12/2022,16,33,51,54,68,86,42,82
3513,13/12/2022,32,40,51,61,75,76,72,21
3514,15/12/2022,3,4,30,32,39,65,43,66
3515,17/12/2022,8,21,24,54,68,70,12,76
3516,20/12/2022,7,12,23,73,81,87,35,08
3517,22/12/2022,9,25,34,39,54,64,87,22
3518,24/12/2022,9,23,29,69,72,81,08,79
3519,27/12/2022,3,37,39,44,68,72,11,21
3520,29/12/2022,2,19,34,37,46,58,62,69
3521,31/12/2022,9,15,30,37,44,72,75,21
3522,03/01/2023,8,10,30,34,51,71,20,27
3523,05/01/2023,5,9,13,15,50,64,68,43
3524,07/01/2023,17,41,54,60,67,86,51,12
3525,10/01/2023,21,24,31,32,56,83,78,40
3526,12/01/2023,9,10,22,41,44,85,05,51
3527,14/01/2023,37,44,52,58,74,78,65,67
3528,17/01/2023,9,10,14,40,60,68,21,09
3529,19/01/2023,29,47,57,59,67,87,06,48
3530,21/01/2023,22,61,66,72,80,82,67,79
3531,24/01/2023,3,7,20,55,75,80,88,44
3532,26/01/2023,6,25,34,60,79,86,48,81
3533,28/01/2023,19,23,53,58,61,82,73,52
3534,31/01/2023,13,15,23,39,41,46,30,42
3535,02/02/2023,3,14,19,28,70,80,83,07
3536,04/02/2023,3,42,46,49,68,81,04,81
3537,07/02/2023,24,54,58,65,81,89,63,20
3538,09/02/2023,3,10,25,44,57,90,53,68
3539,11/02/2023,4,24,25,28,31,68,79,65
3540,14/02/2023,19,22,67,71,79,85,23,13
3541,16/02/2023,1,38,47,52,56,66,72,23
3542,18/02/2023,22,46,52,57,65,72,31,02
3543,21/02/2023,7,31,44,63,80,83,87,77
3544,23/02/2023,6,29,34,52,58,68,59,12
3545,25/02/2023,6,42,52,72,85,89,56,28
3546,28/02/2023,7,16,47,49,50,73,45,41
3547,02/03/2023,9,24,28,37,44,81,51,72
3548,04/03/2023,4,22,24,29,49,58,69,08
3549,07/03/2023,2,38,49,64,81,89,43,10
3550,09/03/2023,1,19,30,41,42,77,61,32
3551,11/03/2023,23,42,46,54,58,79,40,69
3552,14/03/2023,8,20,25,64,87,88,75,34
3553,16/03/2023,25,28,36,45,48,86,50,51
3554,18/03/2023,35,37,43,47,69,73,16,47
3555,21/03/2023,10,15,16,30,36,71,59,63
3556,23/03/2023,6,8,41,42,66,80,79,11
3557,25/03/2023,4,15,26,27,72,82,89,12
3558,28/03/2023,42,52,62,64,76,79,55,56
3559,30/03/2023,21,29,30,43,46,63,77,54
3560,01/04/2023,5,22,36,47,73,75,51,78
3561,04/04/2023,17,20,54,62,69,88,39,36
3562,06/04/2023,4,28,30,42,45,50,27,55
3563,08/04/2023,17,25,32,38,43,48,67,73
3564,11/04/2023,9,40,55,60,69,70,34,70
3565,13/04/2023,2,11,42,73,76,90,55,35
3566,15/04/2023,7,22,36,52,79,86,38,51
3567,18/04/2023,5,36,62,64,66,67,53,02
3568,20/04/2023,4,5,7,21,45,52,77,37
3569,22/04/2023,6,18,22,25,26,47,60,61
3570,24/04/2023,3,7,46,69,75,82,81,28
3571,27/04/2023,7,10,62,63,77,86,05,44
3572,29/04/2023,21,43,55,56,73,89,13,02
3573,02/05/2023,17,43,60,71,86,88,16,49
3574,04/05/2023,6,9,23,57,62,72,16,22
3575,06/05/2023,10,25,40,46,47,74,07,31
3576,09/05/2023,18,25,41,44,60,78,36,72
3577,11/05/2023,1,6,35,48,62,65,43,83
3578,13/05/2023,3,31,35,57,82,84,68,16
3579,16/05/2023,20,42,52,67,72,77,82,03
3580,18/05/2023,5,16,35,63,69,77,29,03
3581,20/05/2023,18,32,37,46,64,70,30,44
3582,23/05/2023,13,23,26,27,50,63,71,01
3583,25/05/2023,20,22,33,38,40,51,44,76
3584,27/05/2023,12,41,64,78,79,88,58,86
3585,30/05/2023,10,22,37,55,76,87,60,43
3586,01/06/2023,2,37,64,83,89,90,34,23
3587,03/06/2023,27,39,56,58,63,64,55,38
3588,06/06/2023,17,26,51,54,61,62,73,08
3589,08/06/2023,3,8,58,66,82,87,69,55
3590,10/06/2023,8,30,33,40,64,78,42,59
3591,13/06/2023,6,37,53,54,72,84,74,84
3592,15/06/2023,4,9,21,24,52,71,08,58
3593,17/06/2023,12,18,26,40,53,63,54,58
3594,20/06/2023,7,42,56,69,74,76,45,04
3595,22/06/2023,21,30,38,65,67,90,77,07
3596,24/06/2023,1,21,32,35,59,86,38,06
3597,27/06/2023,31,46,57,70,71,80,75,08
3598,29/06/2023,1,27,38,41,79,81,39,29
3599,01/07/2023,17,39,41,43,87,89,33,44
3600,04/07/2023,11,23,50,68,89,90,41,32
3601,06/07/2023,5,17,27,38,53,57,30,16
3602,07/07/2023,1,13,23,73,83,85,79,03
3603,08/07/2023,8,18,20,28,41,56,58,55
3604,11/07/2023,39,41,58,64,71,77,09,74
3605,13/07/2023,20,38,49,50,53,64,72,62
3606,14/07/2023,38,41,43,55,61,71,59,75
3607,15/07/2023,40,45,51,52,56,78,30,05
3608,18/07/2023,22,45,49,52,60,65,23,26
3609,20/07/2023,14,41,47,62,65,88,39,37
3610,21/07/2023,13,38,52,56,73,90,07,24
3611,22/07/2023,2,37,50,65,68,90,67,60
3612,25/07/2023,6,30,48,69,71,74,62,22
3613,27/07/2023,18,39,48,50,57,83,38,55
3614,28/07/2023,1,23,33,50,55,78,45,82
3615,29/07/2023,27,39,58,60,68,85,45,82
3616,01/08/2023,11,32,36,40,54,63,78,57
3617,03/08/2023,4,6,9,33,65,73,48,12
3618,04/08/2023,5,21,57,71,72,84,66,11
3619,05/08/2023,7,9,17,18,47,81,61,20
3620,08/08/2023,3,4,5,71,81,82,64,10
3621,10/08/2023,9,21,43,49,53,86,68,62
3622,11/08/2023,31,45,46,52,69,83,76,34
3623,12/08/2023,2,40,48,78,81,90,55,14
3624,14/08/2023,6,28,46,64,77,82,20,15
3625,17/08/2023,10,12,14,53,63,71,41,41
3626,18/08/2023,5,13,41,58,70,73,01,28
3627,19/08/2023,5,6,18,23,49,61,22,82
3628,22/08/2023,32,45,47,61,67,75,06,83
3629,24/08/2023,3,34,54,67,71,77,02,49
3630,25/08/2023,4,12,41,57,77,78,40,03
3631,26/08/2023,8,11,23,59,73,75,14,11
3632,29/08/2023,52,53,56,69,82,90,06,50
3633,31/08/2023,9,15,61,66,72,73,02,79
3634,01/09/2023,18,53,57,67,75,80,77,39
3635,02/09/2023,7,14,15,49,86,90,82,19
3636,05/09/2023,14,19,20,26,33,65,15,36
3637,07/09/2023,2,15,34,40,57,89,88,73
3638,08/09/2023,13,30,42,58,80,86,33,72
3639,09/09/2023,6,17,28,43,46,76,61,84
3640,12/09/2023,26,28,41,47,81,84,70,70
3641,14/09/2023,23,29,41,55,76,79,11,05
3642,15/09/2023,5,12,42,51,55,80,35,60
3643,16/09/2023,23,27,53,55,74,86,79,65
3644,19/09/2023,9,11,41,52,86,89,36,09
3645,21/09/2023,4,21,29,31,45,59,42,02
3646,22/09/2023,3,58,67,69,70,84,05,11
3647,23/09/2023,22,27,38,51,80,82,24,31
3648,26/09/2023,41,43,45,60,66,78,30,75
3649,28/09/2023,9,25,40,58,85,86,11,34
3650,29/09/2023,6,35,48,53,81,86,47,71
3651,30/09/2023,17,25,64,66,74,76,49,78
3652,03/10/2023,12,13,20,54,67,84,66,77
3653,05/10/2023,20,22,39,65,69,71,38,53
3654,06/10/2023,33,36,48,62,82,90,08,61
3655,07/10/2023,12,35,37,42,55,58,63,13
3656,10/10/2023,1,39,45,49,87,88,30,41
3657,12/10/2023,5,7,10,14,20,36,54,11
3658,13/10/2023,24,29,40,55,56,77,49,79
3659,14/10/2023,4,6,52,79,81,83,45,53
3660,17/10/2023,16,28,39,40,63,85,12,33
3661,19/10/2023,10,18,45,55,66,70,75,53
3662,20/10/2023,14,21,24,49,71,81,05,17
3663,21/10/2023,23,35,37,58,61,73,50,13
3664,24/10/2023,8,18,41,54,75,79,42,08
3665,26/10/2023,11,19,28,34,38,45,01,31
3666,27/10/2023,23,40,49,57,68,69,56,56
3667,28/10/2023,4,9,25,30,57,66,79,77
3668,31/10/2023,3,42,54,69,73,80,68,29
3669,02/11/2023,17,29,40,56,60,80,33,02
3670,03/11/2023,52,64,68,76,84,87,14,06
3671,04/11/2023,16,52,59,63,84,90,32,55
3672,07/11/2023,10,30,36,64,69,76,68,88
3673,09/11/2023,14,68,70,84,85,87,45,16
3674,10/11/2023,7,45,58,62,69,76,66,37
3675,11/11/2023,16,22,23,25,62,82,05,11
3676,14/11/2023,35,38,39,51,74,80,04,20
3677,16/11/2023,9,10,19,40,52,56,50,42
3678,17/11/2023,14,23,63,70,75,89,59,83
3679,18/11/2023,5,51,52,60,62,80,22,23
3680,21/11/2023,30,59,61,86,88,90,43,77
3681,23/11/2023,1,37,61,68,71,83,52,25
3682,24/11/2023,4,13,28,30,47,59,61,56
3683,25/11/2023,11,27,28,55,58,73,49,12
3684,28/11/2023,6,14,49,52,67,68,80,25
3685,30/11/2023,27,38,41,81,84,86,49,69
3686,01/12/2023,11,22,33,44,65,66,87,17
3687,02/12/2023,19,24,29,53,74,83,70,40
3688,05/12/2023,4,6,16,39,41,44,23,78
3689,07/12/2023,5,19,42,44,68,84,72,38
3690,09/12/2023,3,20,27,41,59,82,24,31
3691,11/12/2023,1,41,46,50,84,89,37,19
3692,12/12/2023,4,27,47,57,59,89,07,04
3693,14/12/2023,22,28,37,39,53,86,78,70
3694,15/12/2023,52,63,67,71,83,89,23,46
3695,16/12/2023,13,22,23,42,47,87,67,69
3696,18/12/2023,3,4,14,15,65,85,33,43
3697,19/12/2023,20,26,30,33,54,83,89,64
3698,21/12/2023,19,32,38,62,77,79,90,83
3699,22/12/2023,1,8,46,57,73,79,67,32
3700,23/12/2023,8,10,49,57,79,81,36,65
3701,28/12/2023,15,36,57,58,79,86,35,47
3702,29/12/2023,13,46,47,67,68,90,55,40
3703,30/12/2023,23,43,45,53,66,69,04,59
3704,02/01/2024,2,9,16,35,46,63,49,05
3705,04/01/2024,7,9,29,51,60,70,59,41
3706,08/01/2024,20,28,42,48,51,62,72,47
3707,09/01/2024,10,19,23,39,40,83,73,13
3708,11/01/2024,45,56,59,69,73,77,07,81
3709,12/01/2024,11,23,25,72,78,84,20,40
3710,13/01/2024,4,43,45,55,56,60,05,55
3711,16/01/2024,21,39,51,59,68,86,63,48
3712,18/01/2024,14,26,36,60,62,84,73,68
3713,19/01/2024,21,22,28,50,55,68,38,35
3714,20/01/2024,2,19,56,58,63,71,22,14
3715,23/01/2024,11,15,16,42,48,52,01,16
3716,25/01/2024,27,29,30,53,54,86,34,57
3717,26/01/2024,24,32,36,47,50,78,62,72
3718,27/01/2024,17,33,38,43,49,80,69,30
3719,30/01/2024,5,10,76,82,83,89,25,49
3720,01/02/2024,3,44,74,81,87,89,85,66
3721,02/02/2024,2,35,38,44,68,83,50,73
3722,03/02/2024,6,10,12,34,66,77,19,58
3723,06/02/2024,26,34,39,46,54,89,13,11
3724,08/02/2024,2,4,24,62,73,75,01,49
3725,09/02/2024,6,22,29,42,48,66,56,81
3726,10/02/2024,43,62,72,73,85,86,58,17
3727,13/02/2024,27,34,37,42,53,76,60,55
3728,15/02/2024,34,38,61,71,74,83,80,79
3729,16/02/2024,20,30,37,83,88,89,77,66
3730,17/02/2024,3,11,25,34,46,64,53,75
3731,20/02/2024,5,30,36,43,48,78,79,51
3732,22/02/2024,29,30,43,44,75,87,01,85
3733,23/02/2024,38,54,57,66,74,88,75,57
3734,24/02/2024,41,43,46,47,63,87,30,44
3735,27/02/2024,27,33,41,73,79,90,34,39
3736,29/02/2024,13,28,36,41,79,88,30,32
3737,01/03/2024,5,16,44,61,80,90,25,16
3738,02/03/2024,26,50,51,55,85,87,14,19
3739,05/03/2024,16,43,53,79,80,82,74,61
3740,07/03/2024,3,13,24,60,70,75,71,30
3741,08/03/2024,9,16,23,50,53,79,55,84
3742,09/03/2024,10,30,36,49,55,62,32,66
3743,12/03/2024,7,25,46,67,69,86,23,77
3744,14/03/2024,14,23,51,55,68,76,77,86
3745,15/03/2024,5,6,7,50,72,74,82,26
3746,16/03/2024,12,38,45,66,70,73,58,85
3747,19/03/2024,4,19,58,60,67,82,48,29
3748,21/03/2024,2,8,17,73,77,84,04,84
3749,22/03/2024,13,16,59,66,77,79,82,75
3750,23/03/2024,32,34,57,58,67,79,61,66
3751,26/03/2024,2,24,43,74,81,85,63,40
3752,28/03/2024,5,9,22,69,74,84,80,83
3753,29/03/2024,20,30,32,38,61,67,60,06
3754,30/03/2024,8,25,28,45,54,66,89,28
3755,02/04/2024,28,39,40,44,72,76,52,52
3756,04/04/2024,8,33,36,41,51,68,71,08
3757,05/04/2024,23,40,42,60,62,63,26,80
3758,06/04/2024,14,33,53,54,64,78,39,85
3759,09/04/2024,15,23,31,45,51,58,60,64
3760,11/04/2024,8,31,67,77,81,86,10,62
3761,12/04/2024,10,23,47,49,84,85,05,24
3762,13/04/2024,1,6,7,11,79,88,15,26
3763,16/04/2024,1,3,11,53,75,81,61,26
3764,18/04/2024,15,27,42,53,65,85,88,49
3765,19/04/2024,9,18,65,70,75,87,53,81
3766,20/04/2024,26,34,40,53,60,68,82,19
3767,23/04/2024,8,12,20,24,45,73,04,03
3768,26/04/2024,9,13,51,61,81,83,24,59
3769,27/04/2024,24,27,41,54,62,63,37,37
3770,29/04/2024,17,27,44,50,66,85,03,32
3771,30/04/2024,6,7,11,20,33,81,74,08
3772,02/05/2024,14,43,54,69,80,90,01,57
3773,03/05/2024,17,23,43,48,52,66,88,03
3774,04/05/2024,5,18,22,34,52,66,33,46
3775,07/05/2024,21,23,30,45,68,85,53,89
3776,09/05/2024,23,36,38,62,75,81,82,62
3777,10/05/2024,6,20,40,55,71,80,12,75
3778,11/05/2024,21,29,34,36,46,51,41,60
3779,14/05/2024,11,27,39,43,61,85,52,43
3780,16/05/2024,10,11,27,31,66,83,25,57
3781,17/05/2024,13,14,41,53,60,65,05,45
3782,18/05/2024,2,20,31,48,58,59,46,30
3783,21/05/2024,3,28,49,72,83,84,05,17
3784,23/05/2024,4,10,19,50,71,83,27,11
3785,24/05/2024,2,36,39,50,59,64,19,03
3786,25/05/2024,2,10,28,37,56,75,41,58
3787,28/05/2024,19,41,67,76,82,85,23,10
3788,30/05/2024,10,14,16,40,50,55,04,31
3789,31/05/2024,14,20,24,49,83,84,62,45
3790,01/06/2024,4,13,47,75,80,82,83,22
3791,04/06/2024,4,18,28,41,61,75,17,72
3792,06/06/2024,43,44,45,50,67,76,69,09
3793,07/06/2024,39,51,52,58,72,84,11,37
3794,08/06/2024,6,8,14,15,59,79,66,02
3795,11/06/2024,14,27,34,47,73,88,52,52
3796,13/06/2024,5,22,47,54,63,84,85,82
3797,14/06/2024,15,60,82,85,86,87,45,42
3798,15/06/2024,6,16,22,69,73,78,67,38
3799,18/06/2024,20,32,49,50,51,58,44,59
3800,20/06/2024,19,31,39,60,72,80,05,49
3801,21/06/2024,21,23,28,59,79,82,74,81
3802,22/06/2024,3,25,57,69,71,87,48,62
3803,25/06/2024,3,18,49,63,68,82,78,51
3804,27/06/2024,13,28,63,76,80,85,21,54
3805,28/06/2024,21,26,33,34,45,86,28,80
3806,29/06/2024,11,18,25,26,54,84,17,69
3807,02/07/2024,4,7,39,71,79,89,01,11
3808,04/07/2024,15,25,42,53,56,73,60,61
3809,05/07/2024,10,21,23,26,35,50,87,76
3810,06/07/2024,18,24,26,33,34,47,35,30
3811,09/07/2024,8,26,32,34,53,58,25,78
3812,11/07/2024,10,31,40,59,80,85,13,48
3813,12/07/2024,43,54,60,70,75,89,30,20
3814,13/07/2024,6,9,54,63,64,68,43,84
3815,16/07/2024,3,18,26,54,61,72,85,30
3816,18/07/2024,13,23,35,36,57,64,47,05
3817,19/07/2024,13,20,39,48,74,89,47,50
3818,20/07/2024,45,48,50,57,70,71,80,52
3819,23/07/2024,24,59,63,64,82,90,62,24
3820,25/07/2024,2,21,23,56,69,87,52,42
3821,26/07/2024,1,14,21,35,64,85,70,05
3822,27/07/2024,13,14,25,34,59,84,71,17
3823,30/07/2024,11,13,22,34,54,77,35,72
3824,01/08/2024,33,39,78,79,83,84,60,88
3825,02/08/2024,34,42,69,76,81,85,36,49
3826,03/08/2024,6,37,69,73,79,88,04,07
3827,06/08/2024,4,11,85,86,87,88,38,02
3828,08/08/2024,3,16,17,54,61,90,04,21
3829,09/08/2024,23,40,60,79,80,87,50,69
3830,10/08/2024,13,14,49,55,71,77,62,32
3831,13/08/2024,41,43,55,65,80,85,76,74
3832,16/08/2024,1,6,13,20,73,85,11,73
3833,17/08/2024,6,22,43,60,66,73,31,31
3834,19/08/2024,4,7,15,24,36,78,65,85
3835,20/08/2024,17,23,45,57,64,89,15,31
3836,22/08/2024,17,18,24,34,57,82,68,21
3837,23/08/2024,5,7,59,70,72,73,33,04
3838,24/08/2024,17,28,63,72,75,81,79,51
3839,27/08/2024,12,23,36,42,50,71,80,40
3840,29/08/2024,5,23,46,52,60,80,79,54
3841,30/08/2024,7,34,47,52,74,86,78,07
3842,31/08/2024,1,20,27,41,60,77,07,43
3843,03/09/2024,6,38,55,71,80,85,23,24
3844,05/09/2024,4,5,29,32,69,89,15,46
3845,06/09/2024,2,26,37,38,69,85,66,10
3846,07/09/2024,1,16,64,70,72,82,34,86
3847,10/09/2024,9,11,27,53,63,78,08,88
3848,12/09/2024,29,35,65,67,70,80,10,79
3849,13/09/2024,2,12,16,18,59,61,56,04
3850,14/09/2024,1,31,55,65,76,88,52,34
3851,17/09/2024,17,28,62,64,74,84,88,90
3852,19/09/2024,3,13,44,45,56,61,33,34
3853,20/09/2024,14,22,42,44,47,79,85,29
3854,21/09/2024,8,33,35,39,78,83,52,72
3855,24/09/2024,2,25,27,50,88,90,19,86
3856,26/09/2024,2,13,14,41,52,79,84,12
3857,27/09/2024,4,14,42,46,53,60,31,85
3858,28/09/2024,4,8,28,33,34,57,27,88
3859,01/10/2024,57,60,68,70,80,83,25,64
3860,03/10/2024,26,27,40,51,67,86,04,82
3861,04/10/2024,5,43,57,58,72,87,03,72
3862,05/10/2024,13,41,47,58,81,84,04,81
3863,08/10/2024,6,21,25,59,63,68,08,70
3864,10/10/2024,6,48,64,80,87,89,43,82
3865,11/10/2024,31,34,49,66,75,88,01,16
3866,12/10/2024,11,13,16,22,42,51,37,47
3867,15/10/2024,1,23,44,45,47,60,14,19
3868,17/10/2024,2,23,24,42,46,88,61,27
3869,18/10/2024,19,39,41,42,45,88,40,27
3870,19/10/2024,14,67,73,86,89,90,08,77
3871,22/10/2024,13,23,37,43,64,79,84,20
3872,24/10/2024,7,21,23,28,29,31,20,66
3873,25/10/2024,5,11,39,41,62,80,78,33
3874,26/10/2024,14,31,40,42,52,65,15,69
3875,29/10/2024,6,17,26,35,57,64,14,23
3876,31/10/2024,18,40,55,58,71,85,46,46
3877,02/11/2024,3,19,27,43,61,77,80,41
3878,04/11/2024,27,32,33,44,60,89,52,05
3879,05/11/2024,32,43,53,75,77,88,81,79
3880,07/11/2024,1,50,68,75,81,84,08,25
3881,08/11/2024,13,22,49,58,64,75,20,16
3882,09/11/2024,26,36,43,51,63,89,21,57
3883,12/11/2024,13,28,29,32,39,81,82,36
3884,14/11/2024,36,46,69,70,73,82,26,84
3885,15/11/2024,2,4,5,42,53,83,23,43
3886,16/11/2024,52,56,66,68,70,73,90,12
3887,19/11/2024,20,34,36,68,72,74,44,49
3888,21/11/2024,4,7,20,24,41,67,85,35
3889,22/11/2024,6,26,51,53,78,89,79,70
3890,23/11/2024,15,22,29,32,35,67,87,23
3891,26/11/2024,13,23,26,31,46,89,43,24
3892,28/11/2024,3,8,37,54,74,84,26,26
3893,29/11/2024,21,33,44,55,75,80,53,64
3894,30/11/2024,27,48,50,69,74,81,13,36
3895,03/12/2024,4,17,37,56,73,90,46,11
3896,05/12/2024,4,42,45,72,82,84,25,10
3897,06/12/2024,21,48,60,61,67,71,86,22
3898,07/12/2024,21,30,55,60,70,75,13,25
3899,10/12/2024,5,54,68,69,71,81,30,56
3900,12/12/2024,20,61,76,78,85,87,44,72
3901,13/12/2024,16,42,54,55,65,83,27,90
3902,14/12/2024,34,50,52,59,70,83,13,74
3903,17/12/2024,3,25,49,58,64,66,46,77
3904,19/12/2024,2,4,8,20,22,76,72,60
3905,20/12/2024,17,35,43,56,63,85,23,74
3906,21/12/2024,23,25,53,55,71,79,63,06
3907,24/12/2024,6,18,27,30,52,56,83,80
3908,27/12/2024,9,13,15,43,53,68,58,69
3909,28/12/2024,28,29,46,68,81,88,79,40
3910,30/12/2024,3,8,18,25,58,75,12,54
3911,31/12/2024,5,16,23,40,47,80,17,13
3912,02/01/2025,19,21,29,74,77,88,07,56
3913,03/01/2025,13,30,43,49,74,89,04,32
3914,04/01/2025,31,42,43,63,83,86,37,86
3915,07/01/2025,7,10,11,29,32,87,34,51
3916,09/01/2025,15,33,40,71,74,82,89,15
3917,10/01/2025,19,25,33,49,57,72,46,38
3918,11/01/2025,5,6,11,22,35,85,30,53
3919,14/01/2025,4,15,17,40,64,75,23,80
3920,16/01/2025,31,38,59,69,72,88,64,73
3921,17/01/2025,8,12,15,40,66,89,07,15
3922,18/01/2025,2,10,21,29,46,70,31,59
3923,21/01/2025,3,18,41,58,62,73,64,20
3924,23/01/2025,1,7,34,46,69,80,64,42
3925,24/01/2025,14,20,46,62,84,85,01,78
3926,25/01/2025,5,6,24,44,45,76,58,64
3927,28/01/2025,48,63,65,72,77,82,85,47
3928,30/01/2025,23,32,34,35,41,47,65,02
3929,31/01/2025,7,18,22,25,30,72,76,51
3930,01/02/2025,21,25,26,45,49,59,68,82
3931,04/02/2025,10,29,41,77,83,85,56,80
3932,06/02/2025,4,11,41,72,83,86,30,30
3933,07/02/2025,16,29,30,47,52,84,10,17
3934,08/02/2025,29,46,57,66,72,86,64,40
3935,11/02/2025,9,39,55,75,79,86,02,56
3936,13/02/2025,31,41,62,64,74,87,84,68
3937,14/02/2025,18,30,40,52,60,71,65,70
3938,15/02/2025,22,37,48,72,77,85,39,72
3939,18/02/2025,3,5,7,54,76,85,89,64
3940,20/02/2025,6,19,27,63,71,77,13,70
3941,21/02/2025,21,45,48,72,79,87,73,89
3942,22/02/2025,35,40,48,49,52,89,24,32
3943,25/02/2025,6,58,68,83,89,90,73,50
3944,27/02/2025,29,31,33,42,51,72,34,62
3945,28/02/2025,4,12,37,59,63,90,70,15
3946,01/03/2025,1,12,33,40,41,83,06,67
3947,04/03/2025,9,28,52,63,77,79,11,39
3948,06/03/2025,1,10,18,19,32,36,20,53
3949,07/03/2025,11,24,25,30,43,47,28,05
3950,08/03/2025,11,16,35,59,65,87,09,52
3951,11/03/2025,22,27,48,55,58,90,63,11
3952,13/03/2025,7,25,33,51,58,70,79,31
3953,14/03/2025,3,10,20,36,37,49,21,14
3954,15/03/2025,2,8,50,77,79,82,85,36
3955,18/03/2025,1,64,73,79,80,86,39,68
3956,20/03/2025,36,40,49,54,66,83,14,44
3957,21/03/2025,7,15,48,49,65,80,67,39
3958,22/03/2025,15,28,45,46,66,76,44,43
3959,25/03/2025,27,29,31,60,74,88,71,23
3960,27/03/2025,28,35,43,45,64,85,13,35
3961,28/03/2025,17,26,46,56,71,90,06,22
3962,29/03/2025,9,45,66,68,71,85,31,44
3963,01/04/2025,4,19,32,47,74,81,10,90
3964,03/04/2025,29,30,31,32,35,57,26,06
3965,04/04/2025,42,51,71,77,80,82,72,05
3966,05/04/2025,5,8,22,41,60,73,18,54
3967,08/04/2025,11,20,34,46,48,90,68,81
3968,10/04/2025,11,24,32,40,44,85,27,36
3969,11/04/2025,9,20,43,49,52,57,61,08
3970,12/04/2025,16,38,60,79,83,85,27,36
3971,15/04/2025,40,57,60,66,80,81,36,09
3972,17/04/2025,8,20,40,44,46,49,63,48
3973,18/04/2025,4,11,18,23,83,88,89,70
3974,19/04/2025,8,32,51,54,62,69,18,30
3975,22/04/2025,10,59,61,62,68,74,43,31
3976,24/04/2025,13,14,20,31,55,60,89,25
3977,26/04/2025,10,21,24,48,63,67,34,45
3978,28/04/2025,13,18,30,44,51,81,38,52
3979,29/04/2025,20,31,39,59,60,82,57,10
3980,02/05/2025,54,55,67,76,80,85,82,52
3981,03/05/2025,1,4,22,44,70,72,18,53
3982,05/05/2025,6,18,37,63,72,73,36,28
3983,06/05/2025,2,35,51,58,63,88,08,51
3984,08/05/2025,1,23,27,54,67,83,65,30
3985,09/05/2025,3,47,51,77,85,88,52,39
3986,10/05/2025,8,14,17,39,49,55,02,80
3987,13/05/2025,2,15,25,62,76,81,89,05
3988,15/05/2025,10,28,35,37,73,75,42,27
3989,16/05/2025,15,21,30,31,42,80,69,42
3990,17/05/2025,10,11,19,22,39,88,29,73
3991,20/05/2025,5,19,21,30,33,48,74,39
3992,22/05/2025,2,19,23,46,49,72,71,88
3993,23/05/2025,2,8,10,18,20,79,13,10
3994,24/05/2025,1,3,5,53,62,71,32,53
3995,27/05/2025,7,10,35,40,53,75,60,33
3996,29/05/2025,27,32,51,67,71,81,35,90
3997,30/05/2025,31,34,62,63,82,87,81,77
3998,31/05/2025,4,8,47,48,63,90,77,12
3999,03/06/2025,1,6,31,37,47,71,26,72
4000,05/06/2025,10,17,19,21,63,74,04,60
4001,06/06/2025,2,10,33,55,73,74,80,49
4002,07/06/2025,5,28,46,49,52,76,83,21
4003,10/06/2025,14,45,55,62,76,80,51,17
4004,12/06/2025,21,61,69,76,79,81,77,76
4005,13/06/2025,8,23,25,48,78,83,80,39
4006,14/06/2025,10,18,44,56,73,86,48,55
4007,17/06/2025,17,48,52,58,86,87,74,49
4008,19/06/2025,4,6,11,31,69,73,09,26
4009,20/06/2025,34,67,76,77,86,90,40,43
4010,21/06/2025,4,17,28,36,42,50,05,71
4011,24/06/2025,2,23,32,36,63,64,37,76
4012,26/06/2025,10,56,69,70,79,81,53,45
4013,27/06/2025,25,49,54,55,62,73,04,86
4014,28/06/2025,10,35,38,41,51,56,03,51
4015,01/07/2025,6,9,25,28,75,79,83,20
4016,03/07/2025,37,42,49,53,57,65,62,08
4017,04/07/2025,26,45,58,65,70,82,27,73
4018,05/07/2025,16,46,61,71,75,85,64,12
4019,08/07/2025,1,33,40,61,64,73,15,48
4020,10/07/2025,5,15,20,32,65,75,12,24
4021,11/07/2025,1,31,40,62,64,74,81,11
4022,12/07/2025,16,24,25,43,64,78,54,12
4023,15/07/2025,4,10,14,48,58,83,47,63
4024,17/07/2025,16,35,37,42,43,68,58,08
4025,18/07/2025,20,37,50,70,75,88,46,16
4026,19/07/2025,5,43,46,56,58,90,23,54
4027,22/07/2025,3,8,44,52,69,85,11,67
4028,24/07/2025,10,14,37,66,88,89,34,88
4029,25/07/2025,15,16,17,36,62,83,07,31
4030,26/07/2025,1,9,19,49,53,88,77,44
4031,29/07/2025,13,27,31,60,65,75,39,69
4032,31/07/2025,14,55,56,57,58,66,46,65
4033,01/08/2025,9,25,27,36,54,86,45,31
4034,02/08/2025,42,54,66,78,80,88,60,14
4035,05/08/2025,6,31,57,60,65,80,12,71
4036,07/08/2025,43,55,70,79,83,85,24,04
4037,08/08/2025,8,34,38,53,78,79,58,37
4038,09/08/2025,6,18,40,41,45,88,37,12
4039,12/08/2025,7,11,26,59,82,83,24,54
4040,14/08/2025,3,19,30,47,49,75,35,14
4041,16/08/2025,6,15,25,31,72,79,54,31
4042,18/08/2025,5,19,58,59,83,87,10,32
4043,19/08/2025,5,10,51,62,77,81,74,58
4044,21/08/2025,49,56,57,61,62,86,16,53
4045,22/08/2025,7,25,38,39,66,69,17,24
4046,23/08/2025,5,29,40,47,52,80,04,61
4047,26/08/2025,12,23,25,34,41,63,21,20
4048,28/08/2025,56,59,64,67,72,78,51,86
4049,29/08/2025,18,22,32,34,52,56,62,45
4050,30/08/2025,30,43,46,62,73,90,35,73
4051,02/09/2025,16,19,28,44,60,78,09,73
4052,04/09/2025,5,16,38,45,63,83,46,83
4053,05/09/2025,9,39,47,52,71,82,83,52
4054,06/09/2025,59,73,75,76,78,88,57,05
4055,09/09/2025,34,47,71,73,82,90,49,52
4056,11/09/2025,3,9,11,35,65,74,26,29
4057,12/09/2025,29,33,44,52,63,65,19,84
4058,13/09/2025,26,28,31,35,37,65,30,05
4059,16/09/2025,1,12,26,44,51,90,72,45
4060,18/09/2025,12,38,46,49,60,65,02,46
4061,19/09/2025,11,16,23,31,49,78,63,13
4062,20/09/2025,2,12,15,31,63,71,50,57
4063,23/09/2025,1,6,20,43,59,73,58,89
4064,25/09/2025,11,19,36,41,65,82,17,15
4065,26/09/2025,2,17,23,39,58,82,75,06
4066,27/09/2025,9,10,21,25,27,68,54,06
4067,30/09/2025,5,8,71,74,77,81,34,70
4068,02/10/2025,1,21,39,42,52,89,06,17
4069,03/10/2025,2,4,69,75,79,88,12,07
4070,04/10/2025,48,54,61,68,79,87,80,45
4071,07/10/2025,17,21,40,56,61,79,87,85
4072,09/10/2025,38,49,50,54,78,82,90,43
4073,10/10/2025,20,38,42,61,81,82,16,80
4074,11/10/2025,28,51,55,62,80,90,68,90
4075,14/10/2025,9,31,44,59,70,86,37,81
4076,16/10/2025,7,44,45,58,76,80,77,13
4077,17/10/2025,2,9,10,32,66,77,72,44
4078,18/10/2025,12,13,19,26,75,82,50,54
4079,21/10/2025,4,9,14,33,36,77,66,15
4080,23/10/2025,7,29,42,62,68,73,26,21
4081,24/10/2025,5,12,23,31,84,90,68,77
4082,25/10/2025,16,18,33,53,58,89,81,59
4083,28/10/2025,8,25,40,54,58,63,50,63
4084,30/10/2025,15,30,37,39,56,74,43,47
4085,31/10/2025,8,30,32,61,67,85,22,09
4086,03/11/2025,30,56,80,81,85,87,67,02
4087,04/11/2025,5,18,28,38,44,76,23,89
4088,06/11/2025,9,48,51,53,73,88,19,43
4089,07/11/2025,5,24,32,67,82,88,43,89
4090,08/11/2025,17,18,19,33,35,62,80,58
4091,11/11/2025,3,37,42,59,63,84,49,64
4092,13/11/2025,7,9,17,54,73,90,89,03
4093,14/11/2025,26,38,43,46,72,73,45,45
4094,15/11/2025,20,23,40,51,55,85,05,80
4095,18/11/2025,18,40,54,83,85,89,04,57
4096,20/11/2025,5,9,15,17,48,74,65,75
4097,21/11/2025,12,14,18,53,84,86,72,35
4098,22/11/2025,2,8,29,47,59,65,86,26
4099,25/11/2025,18,20,21,23,40,43,52,10
4100,27/11/2025,9,28,43,50,61,88,83,62
4101,28/11/2025,1,12,20,21,42,58,84,34
4102,29/11/2025,8,16,29,61,65,69,17,85
4103,02/12/2025,5,17,28,59,70,90,27,66
4104,04/12/2025,12,30,45,48,59,60,40,90
4105,05/12/2025,10,19,29,30,56,71,76,13
4106,06/12/2025,1,38,42,78,82,84,24,71
4107,09/12/2025,8,31,51,65,78,79,26,77
4108,11/12/2025,14,44,72,81,85,86,80,47
4109,12/12/2025,7,21,35,38,64,80,29,87
4110,13/12/2025,2,5,7,36,58,64,14,62
4111,16/12/2025,2,18,24,35,41,84,44,20
4112,18/12/2025,7,28,63,69,73,77,64,14
4113,19/12/2025,16,52,60,75,81,88,40,49
4114,20/12/2025,11,24,42,50,89,90,36,44
4115,22/12/2025,2,14,28,36,78,85,17,11
4116,23/12/2025,16,18,22,24,34,80,62,53
4117,27/12/2025,8,19,20,41,74,84,45,74
4118,29/12/2025,36,38,45,61,79,83,12,52
4119,30/12/2025,6,9,17,20,60,67,01,73
4120,02/01/2026,29,33,47,56,69,89,16,07
4121,03/01/2026,16,30,32,43,68,76,36,58
4122,05/01/2026,11,13,17,56,80,84,41,13
4123,08/01/2026,35,42,45,53,55,88,66,52
4124,09/01/2026,31,33,61,68,71,72,87,18
4125,10/01/2026,11,19,24,66,82,88,58,48
4126,12/01/2026,1,11,40,73,75,81,70,22
4127,13/01/2026,20,29,56,68,72,74,35,50
4128,15/01/2026,44,49,60,69,73,85,36,01
4129,16/01/2026,14,21,24,52,80,86,57,14
4130,17/01/2026,3,7,41,56,65,83,79,82
4131,20/01/2026,8,13,25,60,72,74,78,34
4132,22/01/2026,2,30,52,56,57,78,59,25
4133,23/01/2026,2,6,11,19,88,90,69,52
4134,24/01/2026,22,37,55,61,68,71,21,18
4135,27/01/2026,11,19,27,31,54,84,38,37
4136,29/01/2026,29,30,34,56,66,80,88,11
4137,30/01/2026,32,33,39,40,52,86,63,16
4138,31/01/2026,2,6,7,33,37,80,11,80
4139,03/02/2026,11,16,17,41,42,46,70,57
4140,05/02/2026,6,8,26,27,57,90,41,30
4141,06/02/2026,6,8,17,31,36,75,90,82
4142,07/02/2026,4,7,12,30,69,81,41,67
4143,10/02/2026,1,15,29,39,63,83,73,21
4144,12/02/2026,5,11,35,52,80,85,66,29
4145,13/02/2026,1,52,57,71,76,83,37,03
4146,14/02/2026,5,23,40,47,80,85,06,47
4147,17/02/2026,16,21,42,45,52,88,58,21
4148,19/02/2026,20,39,40,43,76,90,53,53
4149,20/02/2026,30,34,41,42,49,83,64,77
4150,21/02/2026,49,58,60,66,68,81,75,58
4151,24/02/2026,4,18,23,26,45,87,82,29
4152,26/02/2026,18,30,36,52,67,72,69,47
4153,27/02/2026,10,14,49,55,71,79,80,36
4154,28/02/2026,14,17,33,63,64,80,15,27
4155,03/03/2026,4,16,42,48,56,68,26,83
4156,05/03/2026,7,23,39,62,63,78,22,35
4157,06/03/2026,4,17,22,37,50,88,20,02
4158,07/03/2026,3,12,18,40,45,69,05,49
4159,10/03/2026,8,34,42,47,55,83,04,42
4160,12/03/2026,8,24,25,62,63,64,43,54
4161,13/03/2026,3,11,13,20,53,61,88,43
4162,14/03/2026,3,6,33,63,88,89,18,87
4163,17/03/2026,2,13,16,41,53,56,60,06
4164,19/03/2026,19,39,45,54,62,89,42,45
4165,20/03/2026,14,32,45,51,54,87,61,50
4166,21/03/2026,9,26,33,49,51,55,50,04
4167,24/03/2026,6,54,60,64,74,87,10,65
4168,26/03/2026,24,26,39,69,77,80,82,03
4169,27/03/2026,6,22,27,43,58,64,10,74
4170,28/03/2026,9,45,62,67,68,81,36,54
4171,31/03/2026,1,3,39,46,47,61,25,67
4172,02/04/2026,18,24,25,32,36,63,40,80
4173,03/04/2026,28,52,53,64,66,72,44,06
4174,04/04/2026,8,21,29,46,60,81,42,80
4175,07/04/2026,10,16,18,47,50,59,07,60
4176,09/04/2026,2,30,38,63,74,84,19,82
4177,10/04/2026,3,10,13,17,58,90,32,07
4178,11/04/2026,19,28,38,48,77,85,59,57
4179,14/04/2026,3,5,20,27,35,66,17,6
4180,16/04/2026,9,11,12,38,44,54,60,39
4181,17/04/2026,13,27,45,53,57,84,34,63
4182,18/04/2026,11,22,28,33,68,77,9,70
4183,21/04/2026,18,19,40,43,56,77,6,65
4184,23/04/2026,18,24,28,35,56,58,72,57
4185,24/04/2026,6,13,33,37,68,82,56,20
4186,27/04/2026,40,57,62,64,85,87,23,56
4187,28/04/2026,29,42,43,47,57,60,27,30
4188,30/04/2026,6,7,15,44,52,58,40,16
4189,02/05/2026,7,58,60,79,84,86,2,19
4190,04/05/2026,3,14,31,46,61,63,75,24
4191,05/05/2026,24,34,45,55,81,87,23,52
4192,07/05/2026,1,34,48,66,69,73,75,58
4193,08/05/2026,8,16,41,47,51,90,82,69
4194,09/05/2026,9,27,30,42,43,62,11,11
4195,12/05/2026,2,28,31,57,58,59,5,2
4196,14/05/2026,31,56,72,74,84,85,18,34
4197,15/05/2026,5,13,17,28,47,68,42,19
4198,16/05/2026,7,12,60,69,89,90,59,36
4199,19/05/2026,49,57,61,73,79,86,8,36
4200,21/05/2026,1,38,57,58,64,81,28,50
4201,22/05/2026,5,17,65,71,83,87,50,86
4202,23/05/2026,14,29,34,57,59,69,20,16
4203,26/05/2026,7,10,35,41,45,61,2,45
4204,28/05/2026,22,33,36,74,78,86,81,34
4205,29/05/2026,9,42,44,46,85,90,56,20
4206,30/05/2026,8,13,21,39,63,71,72,56
4207,04/06/2026,12,33,43,55,74,75,70,59
4206,05/06/2026,9,25,51,63,73,89,90,40
4207,06/06/2026,2,7,29,68,72,89,57,38
4208,09/06/2026,18,36,47,55,73,80,90,54
4209,11/06/2026,7,21,22,40,44,87,53,83
4210,12/06/2026,18,24,42,68,75,83,26,20
4211,13/06/2026,13,23,34,68,87,90,80,54
4212,16/06/2026,4,28,33,35,66,80,48,72
4213,18/06/2026,4,26,39,43,70,87,57,57
4214,19/06/2026,14,18,25,69,81,89,11,69
4215,20/06/2026,14,59,69,71,82,89,47,3
4216,23/06/2026,1,12,17,27,66,84,61,4
4217,25/06/2026,25,27,54,72,73,76,31,80
4218,26/06/2026,1,22,30,45,73,76,64,49
4219,27/06/2026,15,19,36,47,85,90,42,62
4220,30/06/2026,1,7,51,64,78,83,13,66
4221,02/07/2026,4,17,19,23,47,59,51,82
4222,03/07/2026,22,26,30,40,68,86,72,48
4223,04/07/2026,2,37,55,62,72,76,34,75
4224,07/07/2026,3,16,30,53,55,79,84,66
4225,09/07/2026,9,17,20,31,40,79,58,47
4226,10/07/2026,2,3,12,28,63,82,76,79
4227,11/07/2026,6,7,10,47,49,61,5,62
4228,14/07/2026,8,44,49,80,85,88,30,64
4229,16/07/2026,1,15,21,46,52,67,41,76
4230,17/07/2026,7,34,45,64,65,76,46,90
4231,18/07/2026,1,28,52,62,79,86,61,31
4232,21/07/2026,13,14,15,29,38,63,24,49
4233,23/07/2026,2,12,22,34,70,74,41,8
4234,24/07/2026,20,40,53,61,74,79,11,30
4235,25/07/2026,18,19,33,34,61,85,15,59
4236,28/07/2026,1,6,9,43,54,62,87,69
4237,30/07/2026,20,47,75,76,78,89,9,89
